2,3,True,False
0,0,51866,13080229
1,0,32767,3950648
2,1,7098,667896
3,3,2420,200765
4,6,1019,84850
5,10,503,57662
7,21,147,23194
4,3,1821,117048
6,15,255,38238
3,1,5610,415203
7,15,177,14573
6,11,80,2767
2,0,12982,1167962
2,7,0,0
1,7,0,0
4,10,0,0
8,28,107,14115
5,9,18,595
6,9,81,2861
8,22,26,670
4,9,0,0
7,11,152,6948
7,16,22,1141
8,16,87,4104
6,10,341,23759
3,9,0,0
6,12,22,957
5,13,0,0
7,17,13,515
-2,-1,0,0
-1,-1,0,0
8,18,21,761
-1,0,0,0
5,8,55,1829
3,8,0,0
5,6,745,45970
3,5,0,0
1,2,0,0
-2,-2,0,0
-1,-2,0,0
5,14,0,0
2,3,0,0
4,8,0,0
3,4,0,0
5,4,659,35422
4,2,1031,60322
2,2,0,0
3,2,399,22846
5,12,0,0
6,7,295,13994
4,7,0,0
5,7,136,5504
9,17,31,908
4,4,281,13853
14,91,48,8882
7,9,130,5857
1,1,0,0
7,13,57,1604
-2,0,0,0
7,8,113,3514
6,8,81,2646
8,15,93,6208
11,55,52,10150
3,6,0,0
6,6,512,26275
4,5,57,2753
10,45,58,10619
9,36,82,13966
11,50,2,10
8,24,3,180
7,18,10,221
6,5,161,6850
1,3,0,0
6,13,18,489
9,32,0,64
-4,-1,0,0
-3,-1,0,0
8,21,100,8298
8,23,10,208
2,6,0,0
4,11,0,0
7,14,16,402
10,17,32,1086
11,17,39,1097
9,26,5,190
11,41,2,48
84,3486,1,106
7,10,200,11206
10,41,1,12
86,3487,0,1
77,2776,0,0
4,1,3106,197923
6,35,0,0
-5,-2,0,0
75,2775,1,109
83,2803,1,0
78,2778,1,0
82,2792,0,1
10,25,10,395
9,20,17,510
76,2775,0,3
81,2786,0,1
81,2787,0,0
9,30,5,160
10,32,3,77
3,0,4853,359512
9,31,3,51
78,2567,0,0
79,2567,0,0
8,9,125,4976
78,2563,0,0
10,21,63,2106
10,23,19,460
72,2556,2,111
5,5,129,4783
73,2556,0,4
74,2559,0,1
77,2562,0,1
78,2568,0,1
0,1,0,0
1,-1,0,0
10,31,5,183
7,12,52,1594
6,4,626,29343
9,28,53,5139
12,35,8,86
9,19,12,486
66,1836,0,0
61,1830,1,118
8,12,66,2630
7,7,302,12726
62,1830,0,5
63,1833,0,1
63,1835,0,3
65,1833,0,1
62,1831,0,1
67,1842,0,1
10,24,17,848
55,1383,0,0
57,1384,0,0
11,28,20,885
7,4,393,17662
5,3,990,59654
4,18,0,0
12,29,14,586
54,1379,0,2
14,44,0,42
0,-1,0,0
55,1381,0,0
8,17,30,683
9,18,30,1618
53,1378,6,158
54,1378,1,25
59,1390,0,1
60,1395,0,0
57,1381,0,1
61,1398,0,0
50,1225,2,235
13,44,4,61
51,1225,1,21
6,21,0,0
58,1245,0,0
52,1226,1,5
57,1243,0,1
56,1238,0,0
0,3,0,0
51,1226,0,3
53,1228,0,1
54,1228,0,1
55,1240,0,1
55,1235,0,0
9,22,31,2007
12,36,17,753
8,7,209,8523
11,23,25,587
11,35,5,95
50,1177,0,2
10,28,44,2029
50,1176,1,47
54,1186,0,2
53,1179,0,1
49,1176,6,389
55,1188,0,1
9,24,12,481
5,1,1434,83099
51,1177,1,12
52,1179,1,3
54,1182,0,1
52,1182,0,2
51,1179,0,3
54,1191,0,1
56,1193,0,0
45,946,5,113
45,947,0,3
11,19,28,761
10,14,49,1334
9,27,2,75
11,30,9,294
9,23,7,318
46,947,1,19
47,952,0,1
49,952,0,0
2,5,0,0
4,0,1784,110210
8,19,10,315
44,946,5,570
51,963,0,1
52,966,0,0
8,20,12,292
47,949,0,11
53,967,0,1
50,956,0,1
46,949,0,3
49,961,0,1
51,961,0,0
54,1011,0,0
8,11,134,5721
11,14,26,1177
47,993,0,1
45,990,3,239
46,990,1,19
12,15,26,715
9,12,87,2705
2,4,0,0
47,991,1,6
48,993,0,3
53,1006,0,1
51,1000,0,1
47,990,0,3
50,1005,0,1
52,1005,0,1
39,741,17,829
40,741,2,125
10,20,27,790
11,21,27,1118
6,1,638,32412
11,13,37,1327
9,11,100,3718
7,5,192,7891
9,6,107,4121
41,744,1,8
41,742,0,27
44,756,1,0
41,741,1,21
8,13,96,2999
10,13,46,1924
46,756,0,1
42,744,0,11
44,743,0,2
47,757,0,2
45,751,0,3
42,747,0,1
45,752,0,2
8,10,135,5728
6,16,0,0
5,11,0,0
46,753,0,0
45,750,0,2
43,743,0,3
40,742,0,4
44,747,0,2
43,675,0,0
39,666,0,31
38,666,5,153
43,676,0,1
40,669,0,17
10,6,67,2251
37,666,19,1104
39,669,0,5
44,679,0,1
5,2,955,49889
42,668,0,2
9,7,139,5286
41,668,0,3
41,672,0,6
40,667,0,16
38,667,0,19
41,667,0,1
41,676,0,6
42,676,0,9
42,672,0,4
39,667,3,36
40,605,0,2
36,595,5,137
37,596,2,43
35,595,17,866
8,5,148,6622
9,5,98,4196
8,4,205,9476
9,4,122,4786
37,598,0,7
7,6,268,13928
39,596,0,4
39,601,1,12
39,605,0,2
40,601,1,3
38,601,0,2
6,2,591,30009
7,2,353,15216
8,2,164,6695
39,597,0,4
38,598,0,17
38,596,0,15
36,596,1,5
38,595,0,4
39,598,0,5
40,610,0,1
45,861,0,0
45,864,1,11
45,862,0,3
47,867,0,2
44,862,0,18
47,876,0,0
6,3,549,30484
43,861,1,44
42,861,9,463
46,862,0,1
43,862,0,4
46,863,0,2
44,864,0,9
44,861,1,3
41,861,0,0
46,871,0,2
46,864,0,4
45,867,1,3
8,6,201,7270
11,9,37,1369
-1,-3,0,0
9,9,91,3260
4,12,0,0
49,873,0,1
43,823,0,2
44,823,0,5
41,820,5,446
12,24,19,471
45,823,0,3
45,822,0,0
43,821,1,14
13,25,11,415
9,16,67,3769
42,820,3,50
44,821,0,5
42,821,0,6
45,830,0,1
48,835,0,1
44,826,0,2
48,832,0,1
47,835,0,1
38,703,14,977
41,709,0,5
45,718,0,0
10,26,7,212
37,703,0,0
42,709,0,5
41,704,0,10
11,31,7,516
7,26,0,0
39,703,1,164
12,32,9,167
43,709,1,2
10,15,35,1581
44,718,0,2
9,15,59,2798
45,715,0,1
40,704,0,41
39,704,0,7
47,716,0,1
42,713,0,4
41,706,1,19
42,706,0,3
46,716,0,0
43,713,1,2
45,679,0,0
6,14,4,207
11,25,17,750
40,672,0,4
10,22,38,1637
15,30,2,169
16,31,5,121
8,3,165,7750
15,31,5,192
7,3,305,15641
46,679,0,1
42,679,0,0
41,669,0,4
45,682,0,1
37,630,5,196
37,631,2,7
38,631,1,62
39,631,0,14
16,32,3,94
45,643,0,0
39,633,0,25
10,9,64,2133
18,37,5,40
11,10,37,1476
19,38,2,21
7,19,3,151
41,640,0,3
40,634,0,4
41,643,0,1
-3,-3,0,0
8,14,34,867
40,633,0,7
44,643,0,0
38,633,2,7
36,630,15,1177
39,634,1,0
44,646,1,0
8,25,1,83
45,646,0,2
46,647,0,0
41,637,0,4
40,636,1,8
44,642,0,1
40,640,0,0
41,636,0,3
40,632,1,4
41,634,1,8
39,636,0,10
9,10,84,3826
17,38,5,81
41,605,1,0
37,602,0,2
43,607,0,1
42,611,0,2
40,603,0,2
39,599,0,3
40,599,0,2
43,646,0,1
38,637,0,1
18,42,1,47
17,35,1,60
42,646,0,1
11,44,1,9
12,30,18,433
3,16,0,0
2,16,0,0
4,17,0,0
11,26,10,250
18,40,4,62
17,39,2,77
10,18,30,1377
39,642,0,2
41,638,1,2
46,915,0,0
18,39,1,54
11,18,34,903
45,904,0,13
44,903,0,35
43,903,6,351
5,0,601,33797
46,906,3,5
48,907,1,1
47,905,0,1
48,911,0,1
47,909,0,3
13,42,3,189
50,919,0,1
47,907,0,3
45,910,0,4
52,919,0,1
49,914,0,1
45,906,0,3
48,909,0,3
48,913,0,1
46,904,0,1
45,903,0,8
44,904,0,2
48,910,0,0
47,997,0,0
48,999,0,0
13,39,4,276
16,30,1,131
50,997,0,0
49,996,0,0
49,994,0,1
50,994,0,0
50,998,0,1
50,996,0,0
54,1006,0,1
9,21,50,3552
9,14,44,1202
15,24,5,207
14,24,14,297
47,995,0,3
55,1007,0,0
51,1001,0,1
49,993,0,1
50,1000,0,1
48,991,0,1
48,992,0,1
49,992,0,1
46,991,0,2
13,23,16,402
54,963,0,0
48,949,0,1
46,946,2,26
47,948,0,1
48,948,0,1
55,963,0,0
46,951,1,2
47,947,2,11
48,950,0,1
13,33,9,149
10,16,63,2516
49,954,0,1
54,962,0,2
50,957,0,2
49,956,0,7
49,958,0,2
45,949,0,0
12,33,6,146
14,27,10,242
50,961,0,0
12,18,33,600
12,28,19,458
14,19,6,329
53,959,0,0
49,953,0,0
47,958,0,2
51,964,0,1
45,873,0,0
10,27,6,249
13,18,22,496
14,22,11,340
12,17,32,827
47,871,0,0
51,874,0,0
11,16,45,1490
14,17,14,362
49,879,0,1
50,870,0,2
47,868,0,2
44,868,0,4
46,865,0,2
46,867,0,2
48,874,0,0
47,873,0,2
15,19,8,196
11,39,1,103
49,876,0,0
9,13,71,2532
6,17,0,0
14,16,13,323
15,17,5,214
52,884,0,1
48,873,0,1
46,869,0,0
53,926,0,0
14,15,7,279
45,905,0,0
12,27,13,401
48,906,1,0
47,911,1,0
51,912,1,0
51,917,0,1
13,15,14,488
49,910,0,1
50,913,0,0
49,909,0,1
52,921,0,0
49,913,0,0
49,915,0,1
43,905,0,0
51,1087,1,0
0,2,0,0
12,14,26,812
49,1081,0,0
50,1082,0,1
8,8,97,3949
48,1081,0,11
49,1082,0,4
50,1086,0,0
50,1087,0,2
47,1081,1,113
13,19,25,445
53,1093,1,0
52,1087,0,1
53,1091,0,1
53,1096,0,1
51,1083,0,1
49,1088,0,2
51,1085,0,1
56,1099,0,1
52,1091,0,1
50,1084,0,1
54,1091,0,0
49,1084,0,1
48,1083,0,0
56,1186,0,0
12,11,23,912
15,26,6,182
58,1194,0,0
53,1180,0,1
52,1178,0,1
52,1177,0,4
12,38,5,152
11,37,8,995
12,41,4,60
10,7,75,2845
55,1191,1,0
10,33,5,103
57,1191,0,1
10,19,27,595
11,24,15,682
51,1176,0,7
53,1178,0,3
51,1183,0,2
55,1184,0,0
53,1186,0,2
55,1186,0,1
53,1282,0,0
55,1277,0,1
55,1285,0,1
51,1275,2,205
57,1283,0,0
56,1281,0,0
56,1285,0,1
53,1278,0,4
54,1276,1,1
53,1276,0,7
16,120,45,6675
57,1285,0,1
12,66,50,10684
52,1275,0,23
58,1286,0,0
59,1287,0,0
57,1282,0,1
13,43,4,88
58,1285,0,0
53,1275,0,3
54,1277,0,2
55,1281,0,1
54,1281,0,1
53,1226,0,0
56,1232,0,0
17,33,2,98
16,27,4,124
12,37,22,741
55,1231,0,0
15,35,1,98
52,1225,0,1
13,38,8,323
-5,-3,0,0
55,1230,0,1
14,39,6,215
54,1235,0,0
13,35,5,115
52,1228,1,3
15,105,45,7988
14,33,3,146
12,31,10,584
6,20,0,0
6,18,0,0
11,22,26,1117
2,12,0,0
3,15,0,0
11,45,40,3751
13,54,2,38
15,23,6,194
12,45,17,1403
-4,-6,0,0
54,1227,0,1
56,1231,0,1
53,1227,0,1
54,1231,0,1
53,1231,0,2
50,1131,0,0
49,1130,0,3
49,1128,1,10
13,29,12,381
51,1134,0,1
10,30,7,180
48,1128,1,115
50,1129,1,2
51,1131,1,1
51,1130,0,1
11,34,5,121
11,27,11,494
52,1130,0,1
10,37,6,198
21,112,1,31
13,48,2,253
14,48,7,185
19,87,0,40
15,51,6,130
50,1128,0,1
49,1129,0,1
54,1135,0,0
54,1134,0,1
52,1132,0,0
52,1134,0,1
50,1133,0,1
53,1133,0,1
52,1138,0,1
50,1178,0,0
54,1181,0,0
52,1185,0,4
50,1180,0,0
13,40,3,100
55,1183,0,0
57,1188,0,0
55,1185,0,1
54,1184,0,0
12,26,12,253
17,76,1,60
20,90,1,24
17,60,1,48
16,26,4,136
16,54,1,33
14,46,8,419
15,22,13,223
14,18,11,326
55,1187,0,1
55,1182,0,1
53,1182,0,1
51,1181,0,1
46,912,0,1
45,908,0,3
46,911,0,0
9,25,8,146
10,12,46,2121
44,905,0,0
44,906,0,0
47,913,0,0
46,909,1,0
10,36,44,4765
17,54,0,32
53,927,0,1
3,12,0,0
11,29,15,832
12,34,4,242
47,917,0,0
49,912,0,1
52,915,0,1
47,904,0,2
47,906,0,1
47,826,0,0
12,12,27,775
50,838,0,0
45,826,0,1
45,834,0,1
13,32,7,216
44,829,0,0
13,34,8,216
51,838,0,1
43,820,0,8
43,825,0,3
47,831,0,1
49,829,0,1
46,823,0,0
47,829,0,1
50,832,0,1
45,824,0,2
50,836,0,0
45,821,0,1
40,708,0,5
39,705,1,5
13,30,8,368
40,707,0,0
46,712,0,1
10,10,69,2437
13,24,13,404
10,29,27,1186
47,715,1,4
11,15,37,982
44,712,0,1
43,716,0,1
44,714,0,1
5,19,0,0
-1,4,0,0
14,43,7,136
16,46,6,116
42,707,0,4
47,719,0,2
13,36,8,417
15,39,4,140
42,704,0,3
42,712,0,0
4,14,0,0
8,27,1,18
0,8,0,0
48,715,0,0
-3,-7,0,0
0,-4,0,0
41,703,0,3
45,712,0,2
10,38,1,48
-2,-5,0,0
40,703,0,27
43,711,0,1
43,706,1,1
43,710,0,3
40,706,0,8
47,713,0,0
46,714,0,1
43,712,0,0
40,743,0,3
48,751,0,0
43,745,0,3
12,23,26,525
44,744,0,1
49,751,0,0
12,22,28,769
15,37,6,187
10,5,61,2260
44,748,0,2
10,4,68,2206
9,3,96,3606
47,749,0,1
7,23,0,0
46,749,0,0
41,743,0,0
47,752,0,1
42,745,0,0
43,747,0,5
44,750,0,1
45,762,0,1
40,744,0,2
44,749,0,1
46,751,0,1
47,751,0,0
44,752,0,0
48,754,0,0
42,677,0,0
45,676,0,1
46,677,0,0
42,674,0,2
7,1,283,11841
46,680,0,1
42,670,0,5
42,675,0,1
41,671,1,1
43,687,1,0
43,679,0,0
14,34,4,166
43,678,0,1
9,34,0,20
36,666,0,0
12,40,4,81
45,680,0,0
44,683,0,0
49,698,0,0
44,678,0,0
44,676,0,1
43,674,0,1
44,680,0,0
38,669,0,4
38,668,0,0
44,674,0,1
44,675,0,0
50,701,0,0
43,680,0,0
48,829,0,0
48,830,0,1
46,826,0,0
47,828,0,1
48,834,0,0
49,835,0,1
47,834,0,1
11,33,1,152
97,4656,0,70
98,4656,0,1
11,8,48,1494
54,855,0,1
46,830,0,1
42,823,0,2
48,828,0,1
52,850,0,0
48,696,0,0
49,696,0,0
-1,1,0,0
5,15,0,0
-3,0,0,0
48,695,0,1
87,3741,2,74
45,681,0,1
44,682,0,1
89,3742,0,2
88,3742,0,1
91,3747,0,1
88,3741,0,1
43,672,0,3
10,8,91,2429
42,671,0,2
43,681,0,0
44,677,0,2
41,670,0,3
44,672,0,0
45,677,0,0
37,562,3,21
35,564,0,0
35,561,5,271
36,568,0,3
35,566,0,0
41,567,0,1
41,569,0,0
40,566,0,0
3,7,0,0
34,561,9,1286
41,566,0,0
38,567,0,13
33,561,0,0
37,564,2,32
36,562,1,86
82,3321,2,76
38,564,0,7
41,572,0,1
39,567,0,3
42,572,0,2
84,3322,0,2
83,3322,0,1
83,3321,0,2
89,3342,0,1
85,3322,0,1
86,3327,0,1
35,562,0,13
42,566,0,1
35,560,0,0
40,576,0,1
38,565,0,9
45,575,0,0
36,561,3,77
41,568,0,3
34,503,0,2
35,505,0,1
34,497,3,83
43,510,0,0
75,2702,0,0
44,513,0,0
35,497,2,36
33,496,7,228
42,512,0,1
39,502,0,2
38,499,0,0
36,499,1,14
32,496,12,1208
74,2701,2,81
35,499,0,28
37,498,0,2
38,511,0,1
36,500,0,6
75,2701,0,4
76,2702,0,4
81,2722,0,1
77,2702,0,1
78,2707,0,1
37,500,0,5
38,500,0,2
37,499,0,4
9,8,96,3361
37,506,1,1
34,501,0,3
38,502,1,7
43,513,0,2
34,496,1,45
36,497,1,8
39,503,0,2
36,502,0,11
41,601,0,0
72,2416,0,4
46,612,0,0
45,609,0,1
46,610,0,0
70,2415,2,117
77,2421,0,1
42,602,0,1
74,2421,0,2
16,81,0,141
13,78,51,8912
71,2415,0,15
76,2420,0,0
71,2416,0,1
77,2436,0,1
73,2416,0,5
73,2418,0,4
7,22,0,0
34,594,0,0
11,43,4,38
69,2146,0,1
68,2146,0,2
41,599,0,0
36,597,0,0
1,5,0,0
41,598,0,2
37,600,0,3
38,597,0,1
43,612,0,1
40,598,0,3
37,595,0,19
38,602,0,0
42,601,0,0
48,717,0,0
41,710,0,0
47,717,0,0
15,69,4,147
46,715,0,1
45,709,0,0
44,709,1,2
0,4,0,0
1,4,0,0
46,720,0,1
13,31,8,377
1,6,0,0
12,19,15,664
14,67,5,712
10,35,1,41
15,67,4,468
16,69,2,146
66,2145,0,88
67,2145,0,5
72,2150,0,1
67,2146,0,1
70,2151,0,1
73,2166,0,1
68,2145,0,1
69,2148,0,1
47,714,0,0
45,716,0,0
15,45,5,121
46,717,0,0
64,1617,0,0
59,1596,0,0
58,1596,1,8
44,706,0,1
41,705,0,4
45,707,0,0
42,708,0,0
45,710,0,3
46,745,0,1
14,49,7,74
47,755,0,0
8,26,2,71
48,758,0,0
46,748,0,0
63,1601,0,0
57,1596,1,91
45,744,0,1
2,11,0,0
60,1597,0,2
38,741,0,0
62,1599,0,1
60,1599,0,1
59,1597,0,3
58,1597,0,1
61,1602,0,1
63,1611,0,1
55,1485,0,92
59,1491,0,0
43,746,0,1
43,744,0,4
42,742,0,8
41,746,0,3
42,743,0,2
47,750,0,1
43,783,0,3
60,1488,0,0
57,1486,0,4
-1,2,0,0
56,1485,2,9
42,781,1,20
46,783,0,2
45,782,0,0
40,780,4,375
47,785,0,0
45,785,0,0
48,796,0,1
59,1488,0,1
41,780,1,62
58,1486,0,1
16,53,3,32
12,48,2,85
14,51,0,130
58,1487,0,0
57,1485,0,1
56,1486,0,1
58,1488,0,1
61,1500,0,1
47,793,0,0
57,1434,0,0
43,782,0,1
44,786,0,2
44,783,0,2
41,781,0,7
43,781,0,4
45,786,0,1
42,785,0,3
48,794,0,0
45,783,0,1
42,780,0,27
45,787,0,1
45,784,0,2
48,789,0,1
38,635,0,2
39,635,0,1
42,636,0,1
44,644,0,0
55,1431,0,11
56,1431,0,2
41,635,0,1
42,638,0,2
41,633,1,0
54,1431,1,99
91,2061,0,1
13,28,7,336
57,1433,0,1
56,1433,0,0
12,39,5,341
56,1432,0,5
55,1432,0,1
60,1446,0,1
57,1432,0,1
92,2062,0,0
0,5,0,0
43,639,0,2
43,641,0,2
57,1290,0,0
89,1906,0,0
38,630,1,34
90,1907,0,0
44,639,0,1
38,634,0,0
-5,-10,0,0
14,38,10,262
42,637,0,2
43,637,0,1
52,1276,0,1
6,22,0,0
86,1905,0,1
91,1909,0,1
84,1580,0,0
79,1576,0,0
80,1576,0,0
85,1580,0,0
46,649,0,0
47,946,0,8
86,1616,0,1
10,39,1,54
18,47,4,44
17,47,3,78
47,685,0,1
11,11,47,1443
7,20,0,65
81,1612,0,2
51,967,0,2
85,1615,0,0
43,673,0,0
48,841,0,0
78,1486,0,0
82,1489,0,0
81,1453,0,0
77,1450,0,1
13,27,12,285
43,640,0,1
13,46,7,553
41,632,0,2
42,642,0,2
45,644,0,1
15,32,7,158
42,645,0,1
44,822,0,1
80,1451,0,1
78,1450,0,1
10,11,59,2337
43,643,0,0
44,645,0,0
46,795,0,1
44,640,0,0
76,1410,0,0
40,635,0,0
79,1411,0,0
77,1410,0,0
81,1484,0,0
43,707,0,1
79,1483,0,0
44,710,0,0
14,28,9,238
46,713,0,0
12,21,23,680
10,34,0,42
9,35,0,6
8,30,0,0
43,785,0,0
78,1483,0,2
45,790,0,4
82,1486,0,1
37,566,1,1
11,20,15,590
13,21,11,463
11,12,41,1360
39,571,0,2
72,1264,0,2
45,714,1,2
76,1267,0,0
41,708,0,2
38,566,0,3
75,1267,0,0
16,43,5,88
39,566,0,2
41,712,0,0
40,569,0,2
38,568,0,0
42,570,0,3
5,16,0,0
12,58,0,21
7,24,0,0
39,564,1,6
74,1265,0,1
38,531,0,4
13,60,3,15
36,531,0,22
35,529,1,80
71,1231,0,0
73,1232,0,0
47,721,0,0
48,753,0,0
72,1269,0,1
44,751,0,1
73,1269,0,1
37,531,0,9
35,528,3,50
34,528,2,253
33,528,11,1118
74,1270,1,0
47,753,0,3
46,752,0,0
48,752,0,0
48,759,0,2
40,540,0,1
11,38,2,76
39,536,0,0
36,528,0,13
37,534,0,16
73,1270,0,0
34,529,1,11
76,1371,0,0
75,1371,0,1
16,28,9,117
74,1371,0,1
43,751,0,2
45,749,0,1
47,754,0,1
17,28,2,70
44,745,0,0
47,746,0,0
46,743,0,0
9,29,10,285
39,630,0,5
35,630,0,0
46,750,0,0
45,747,0,0
15,42,4,132
45,742,0,1
45,748,0,0
15,21,7,201
2,8,0,0
74,1333,0,0
43,708,0,4
7,25,0,0
14,42,4,166
0,7,0,0
46,719,0,0
44,708,0,1
73,1333,0,1
75,1334,0,1
46,710,0,1
12,25,26,621
13,14,12,547
44,704,0,1
42,705,0,3
39,668,0,2
43,667,0,0
42,669,0,2
42,667,0,1
2,9,0,0
1,11,0,0
40,631,0,1
39,632,0,4
40,630,0,2
72,1296,0,1
74,1297,0,1
-2,2,0,0
11,42,3,25
-8,-13,0,0
40,668,0,2
43,668,0,1
42,673,0,2
73,1332,0,0
40,670,0,2
75,1333,0,0
44,789,0,0
7,27,0,0
8,29,0,0
42,782,0,0
46,788,0,0
47,791,0,1
46,782,0,1
46,786,0,1
45,781,0,2
6,25,0,0
6,19,0,0
9,39,0,0
16,40,0,92
5,21,0,0
-1,3,0,0
12,16,21,847
14,25,12,272
40,666,0,3
41,666,0,1
76,1446,0,1
78,1447,0,1
5,22,0,0
6,24,0,0
8,35,0,0
4,13,0,0
80,1522,0,0
78,1521,0,0
42,783,0,1
79,1521,0,0
44,781,0,3
43,784,0,1
46,787,0,1
44,790,0,1
81,1522,0,0
8,31,0,0
-4,-2,0,0
-3,-2,0,0
42,666,0,0
42,741,0,4
43,741,0,3
76,1407,0,1
80,1413,0,1
78,1408,0,1
17,44,1,49
12,20,9,413
75,1369,0,0
79,1375,0,0
77,1370,0,0
40,602,0,1
77,1304,0,0
35,596,0,0
41,597,0,0
40,597,0,2
15,34,2,161
5,17,0,0
39,595,0,1
42,703,1,1
73,1298,0,1
76,1301,0,1
75,1299,0,1
38,599,0,1
40,606,0,0
70,1190,0,0
42,604,0,1
73,1193,0,0
39,606,0,0
72,1191,0,0
37,539,0,0
71,1126,0,1
70,1124,0,1
-2,-3,0,0
36,529,1,39
37,538,0,0
0,-5,0,0
35,530,0,2
39,540,0,1
37,529,1,9
41,535,0,1
36,534,0,2
40,534,0,1
35,533,0,0
36,532,1,0
68,1123,0,1
14,30,10,261
38,538,0,4
67,1089,0,0
37,532,0,1
40,537,0,2
69,1090,0,0
38,530,0,7
70,1092,0,0
33,497,0,11
31,494,0,0
35,502,0,3
38,561,0,2
66,1057,0,1
68,1058,0,1
36,564,1,5
69,1060,0,1
14,29,11,218
32,435,3,93
13,26,12,365
39,507,0,0
41,508,0,0
33,438,2,35
32,436,2,115
36,498,0,4
31,435,10,398
34,499,0,6
40,503,0,2
62,931,0,1
39,505,0,1
64,932,0,1
44,515,0,0
65,934,0,1
34,435,0,4
33,436,0,47
35,496,1,7
31,496,0,0
30,435,11,1606
45,516,0,1
33,435,0,30
34,439,0,8
32,438,0,6
14,31,6,242
33,499,0,2
40,509,0,3
46,520,0,0
60,814,0,0
31,379,3,57
59,814,0,1
31,381,4,51
33,382,0,11
30,379,5,182
42,402,0,4
43,404,0,0
29,378,14,504
32,379,1,34
29,379,0,8
28,378,31,2192
30,378,3,157
34,382,0,6
42,400,0,7
58,813,0,1
31,436,1,13
61,816,0,1
32,465,10,472
33,388,0,6
35,383,1,1
-6,-7,0,0
34,384,0,5
36,385,0,2
31,465,27,1834
32,380,1,15
59,843,0,1
29,381,0,3
35,385,1,0
36,391,0,1
32,384,2,14
60,844,0,1
33,380,1,15
41,396,0,2
62,846,0,0
33,384,0,9
30,383,0,1
35,469,0,8
33,466,3,142
32,382,1,12
32,466,0,16
33,465,0,108
34,465,0,25
36,471,1,16
34,468,1,52
34,467,0,5
61,844,0,1
34,383,0,3
29,406,28,2433
-10,-13,0,0
41,397,0,1
32,409,0,35
32,381,1,23
33,383,0,1
31,383,0,2
35,382,0,6
57,784,0,2
29,380,0,2
31,378,1,34
36,386,0,2
35,384,0,2
58,785,0,2
40,395,0,3
59,785,0,1
30,381,1,9
31,407,5,195
30,406,24,580
36,387,0,1
32,406,2,45
31,406,7,178
34,412,0,14
32,408,0,6
28,406,0,0
37,388,0,0
34,385,0,4
34,381,0,4
31,380,0,4
4,15,0,0
-2,6,0,0
33,385,0,4
41,398,0,1
1,9,0,0
-1,6,0,0
58,784,0,1
12,8,34,818
-4,1,0,0
-7,-8,0,0
-12,-18,0,0
-8,-12,0,0
-5,-9,0,0
32,383,0,1
33,379,0,7
27,378,0,0
60,874,0,1
38,390,0,4
61,875,0,0
42,401,0,0
61,874,0,1
27,351,22,2399
30,352,4,96
28,351,6,577
10,3,52,1449
60,847,0,1
30,354,2,54
31,352,0,17
29,352,4,191
31,353,0,19
33,363,1,0
31,356,0,4
35,364,0,2
37,502,0,6
59,847,0,2
35,498,1,5
60,848,0,1
61,848,0,1
31,357,0,24
37,363,0,1
13,17,16,543
33,354,0,3
38,367,0,8
13,16,24,525
12,13,31,857
41,374,0,3
32,353,1,16
30,355,0,4
29,351,2,149
32,352,0,8
62,946,0,1
28,352,0,20
36,361,0,0
63,947,0,1
29,354,0,5
40,373,0,4
64,947,0,1
33,355,1,5
15,29,6,163
31,354,0,28
34,355,0,4
64,949,0,1
35,359,0,1
65,949,0,0
34,357,0,1
30,351,0,44
60,879,0,0
32,357,0,11
63,882,0,0
39,370,0,0
62,880,0,0
32,354,2,11
29,328,0,43
31,329,0,6
29,326,1,64
26,325,15,1513
30,329,0,6
32,330,0,0
38,344,0,0
27,325,9,380
32,328,0,6
31,328,0,13
37,340,0,1
59,853,0,2
37,533,0,2
62,856,0,1
61,854,0,2
34,333,0,1
2,-1,0,0
2,-3,0,0
28,326,2,95
29,329,0,4
27,326,0,8
29,325,0,27
28,325,3,95
55,731,0,1
31,331,0,11
35,336,0,2
30,331,0,6
58,734,0,1
36,338,0,1
29,327,0,7
57,732,0,1
32,407,4,87
33,411,1,1
35,412,2,6
32,331,0,4
33,412,0,22
30,408,0,1
34,408,0,11
29,408,0,0
33,408,0,17
59,735,0,0
34,335,0,0
14,64,0,10
15,47,3,110
15,66,10,476
11,36,24,1840
33,332,0,5
14,36,6,237
29,331,0,1
32,336,0,0
53,676,0,0
57,680,0,0
55,677,0,0
30,326,1,11
31,334,0,0
22,211,0,37
11,32,4,94
13,53,1,11
24,212,1,20
23,211,9,377
32,225,0,1
24,211,4,264
21,210,34,5053
23,210,7,429
24,214,0,5
13,52,0,17
28,217,0,12
25,216,2,37
26,219,0,2
32,223,0,3
27,215,0,6
33,229,0,3
29,224,0,1
31,224,0,1
24,213,0,141
34,358,0,3
48,561,0,2
52,565,0,1
50,562,0,1
29,302,0,26
26,212,2,34
12,44,0,18
12,43,1,52
13,45,7,521
22,210,22,1506
26,215,0,7
27,300,8,244
27,301,5,235
-2,1,0,0
30,221,0,4
26,214,0,38
25,300,36,3303
26,300,22,960
23,212,0,5
31,220,0,5
29,220,0,5
46,510,0,1
25,214,0,24
23,213,0,15
27,214,0,17
50,514,0,0
28,215,1,7
32,227,0,4
26,216,0,23
48,511,0,0
25,211,2,107
30,241,0,4
23,231,25,1570
30,302,0,22
32,241,0,13
29,236,0,14
27,237,0,17
28,235,1,28
26,235,0,17
22,231,48,5282
29,241,0,4
24,232,3,364
26,237,0,30
31,241,1,6
30,242,0,8
25,232,14,285
25,234,4,113
51,535,0,2
24,233,0,3
14,26,14,243
47,531,0,3
48,531,0,2
33,248,0,1
28,300,3,66
28,301,4,109
28,303,1,84
32,307,0,5
29,303,4,29
52,537,0,0
49,532,0,1
26,234,0,79
13,37,14,412
26,232,2,79
-7,-9,0,0
23,232,2,34
11,46,2,116
32,247,0,0
25,233,1,25
24,231,10,472
32,245,0,6
29,240,0,4
26,236,0,5
24,234,0,15
25,231,4,140
27,241,0,7
28,236,0,3
54,582,0,0
24,276,30,4227
55,582,0,0
51,577,0,1
30,281,0,4
28,282,0,27
27,279,2,97
31,305,0,3
35,293,0,0
26,277,2,337
27,278,2,12
26,276,6,341
25,276,16,1215
28,281,0,3
26,278,1,1
13,50,3,39
25,278,0,0
31,285,0,4
6,0,214,10116
29,282,0,26
33,311,1,4
30,304,0,13
49,576,0,4
29,301,3,50
54,580,0,1
50,576,1,8
31,264,0,4
23,277,0,0
24,277,0,0
13,20,16,380
24,253,26,1618
27,277,4,192
25,277,1,19
34,290,0,3
30,283,1,7
47,529,0,2
28,279,0,49
26,279,0,7
27,276,3,72
29,286,0,19
52,533,0,0
31,281,0,6
34,289,0,4
30,286,0,8
48,529,0,0
14,21,8,281
31,237,1,14
28,241,0,8
23,253,51,5260
27,254,3,84
32,244,0,9
13,22,17,491
25,253,7,450
50,488,0,1
30,237,0,11
30,238,0,8
28,238,0,19
25,254,13,420
27,256,1,80
32,265,0,4
30,269,0,1
31,261,0,8
28,257,1,21
45,484,0,8
28,256,0,34
26,256,1,110
26,254,10,242
49,486,0,1
46,484,0,1
32,284,0,4
21,231,0,0
29,237,0,10
46,507,0,2
27,235,1,23
50,509,0,0
30,239,0,9
47,507,0,0
31,283,0,6
29,280,0,18
27,303,0,14
16,21,3,126
31,292,0,1
32,292,0,1
28,278,1,39
33,308,0,3
29,278,1,39
31,287,0,3
28,277,3,58
29,279,0,30
53,578,0,1
32,306,0,3
30,306,0,16
29,305,0,1
50,512,0,0
32,305,0,2
32,308,0,1
47,510,0,2
29,306,1,20
30,258,0,7
26,213,1,31
29,257,0,19
28,259,0,28
25,213,3,81
30,261,0,3
28,221,0,4
11,7,46,1534
27,255,2,40
22,253,0,0
27,259,0,41
27,216,0,15
27,220,0,8
24,210,0,143
44,463,0,7
48,465,0,1
45,463,0,4
27,258,0,5
27,257,0,23
18,136,22,1650
30,259,0,13
40,389,0,5
26,255,0,18
44,391,0,1
29,260,0,10
41,389,0,5
21,190,20,1421
23,192,1,23
20,190,38,5016
17,136,35,5504
23,193,1,125
24,194,0,28
20,137,4,216
26,197,0,11
23,146,0,9
24,193,2,58
25,194,0,21
19,136,8,544
22,191,2,387
27,196,0,10
37,326,0,6
22,190,6,409
24,191,2,99
41,328,0,2
26,194,1,28
25,197,0,2
38,326,0,3
24,196,1,40
36,307,0,5
22,173,0,15
20,171,24,1741
19,171,53,5824
35,307,0,3
21,171,9,573
21,172,6,406
22,172,12,280
22,174,0,142
22,139,1,27
22,146,0,18
19,137,7,362
21,137,0,115
20,136,4,172
40,309,0,0
18,137,0,28
37,307,0,3
25,175,2,25
24,173,0,31
24,178,0,6
14,79,0,76
17,79,3,232
14,78,28,2986
18,88,1,26
16,79,3,436
15,79,7,551
16,78,5,394
32,249,0,10
15,78,19,1077
36,251,0,1
33,249,0,9
0,-2,0,0
1,-2,0,0
22,171,5,174
26,177,1,11
23,174,0,75
23,172,4,135
35,239,0,0
25,174,2,21
26,179,0,2
32,237,0,4
23,177,1,41
16,67,8,307
27,198,0,14
14,66,22,1272
13,66,28,3461
26,193,1,15
36,258,0,1
24,192,1,33
23,191,3,227
16,68,1,94
26,195,0,6
15,68,2,54
18,70,0,64
32,256,0,5
35,257,0,0
33,256,0,6
17,93,0,31
16,92,3,510
15,91,26,2742
17,92,6,432
23,190,3,148
25,193,2,27
34,281,0,7
37,282,0,1
30,209,0,1
35,281,0,2
36,301,0,5
17,91,4,361
27,217,1,12
16,91,11,1011
18,93,2,86
28,216,0,7
19,94,3,70
22,213,0,0
31,229,0,1
30,226,0,18
27,225,0,4
18,207,0,0
18,92,6,197
20,95,2,28
19,101,1,26
18,94,3,104
21,98,0,13
35,301,0,10
17,94,4,143
18,97,2,54
19,95,1,50
19,93,2,91
38,302,0,2
37,302,0,3
19,108,0,88
20,115,2,23
16,105,29,2498
17,106,2,453
26,225,0,0
29,226,1,10
36,315,0,12
39,316,0,3
30,224,0,1
27,219,0,5
38,316,0,4
28,268,0,2
17,105,18,885
29,262,0,6
23,252,0,0
32,267,0,2
31,269,0,2
30,268,0,3
20,33,3,27
20,109,0,42
33,267,0,3
20,107,0,53
18,105,5,254
28,260,0,5
22,112,0,22
21,115,0,30
21,111,1,19
23,116,1,2
18,108,1,103
38,358,0,8
19,106,2,192
19,111,0,51
21,109,0,29
41,359,0,1
40,359,0,1
34,269,0,0
22,109,0,22
32,263,0,3
32,266,0,0
26,259,0,7
28,255,0,48
31,262,0,3
29,264,0,1
43,406,0,3
21,108,2,30
28,306,0,5
42,406,0,6
34,313,0,2
19,107,1,53
20,108,1,36
32,312,0,0
33,309,0,3
21,119,0,5
20,116,0,1
19,113,0,2
22,116,0,11
8,1,96,4079
34,310,0,1
22,113,0,6
31,311,0,1
18,106,9,379
21,120,2,50
40,405,0,5
20,114,0,3
44,411,0,1
16,106,0,47
18,80,4,66
17,80,1,86
19,83,1,48
34,315,0,2
32,309,0,1
38,378,0,0
30,303,0,15
42,384,0,5
33,307,1,2
32,316,0,2
40,379,0,0
41,360,0,0
21,89,1,8
42,360,0,0
18,87,1,11
32,294,0,1
31,293,0,0
19,82,1,39
33,291,0,2
32,283,0,6
20,85,3,26
18,81,1,123
18,82,2,60
20,89,0,7
37,354,0,1
17,84,0,52
19,84,1,49
41,357,0,1
39,355,0,2
32,281,0,2
31,280,0,5
19,110,0,6
18,109,0,4
22,127,0,24
32,285,0,1
23,127,0,60
32,289,0,6
27,282,0,5
39,381,0,9
30,279,1,11
43,384,0,0
33,286,0,5
41,382,0,0
29,256,0,15
24,130,0,6
30,262,1,5
31,259,2,5
26,131,0,2
24,128,1,6
26,129,0,7
20,119,0,1
22,120,2,25
27,140,2,4
25,137,0,3
20,117,0,1
31,266,0,5
30,264,0,6
21,114,0,15
33,273,0,0
26,138,0,3
25,136,0,19
31,271,0,1
26,137,0,4
42,361,0,3
31,267,0,3
32,273,1,1
21,142,3,34
24,151,0,8
27,263,0,2
28,263,1,10
32,271,0,4
44,392,0,0
24,254,3,45
35,278,0,1
30,266,0,3
26,253,6,119
28,168,0,1
33,306,0,2
42,436,0,3
23,149,0,1
22,148,0,0
34,320,0,1
30,310,1,10
43,436,0,4
27,166,1,1
32,304,1,5
35,321,0,2
24,144,0,16
27,162,0,2
28,164,1,2
23,143,1,19
33,313,0,2
34,318,0,3
23,142,0,16
16,37,4,124
22,140,2,31
20,139,0,79
23,151,0,6
23,150,0,4
27,163,0,5
46,439,0,1
33,316,0,2
26,301,0,9
34,317,0,1
37,325,0,1
29,310,0,1
32,311,0,3
35,317,0,1
31,304,0,8
32,313,0,2
34,293,0,0
24,150,1,5
30,280,0,15
17,37,5,94
33,289,0,2
28,286,0,1
31,289,0,4
41,412,0,3
45,415,0,1
19,139,0,17
42,412,0,2
33,290,0,5
24,167,0,1
32,287,0,1
23,163,1,7
19,153,24,1843
21,154,5,294
33,293,0,1
34,294,0,1
42,429,0,2
34,292,0,2
46,432,0,0
30,289,0,2
43,429,0,2
33,364,0,1
46,504,0,1
34,367,0,1
20,153,8,584
24,165,0,3
25,166,0,0
45,504,0,4
33,366,0,0
24,164,0,13
30,353,1,7
20,156,1,12
9,2,88,2762
37,367,0,1
36,368,0,1
21,156,1,94
18,153,52,6013
23,157,1,37
20,154,7,359
21,153,5,197
24,168,1,1
22,159,2,42
28,180,0,5
49,507,0,1
17,153,0,0
35,365,0,0
29,198,0,14
18,38,1,53
34,361,0,2
37,369,0,1
46,522,0,2
32,361,0,5
38,369,0,0
35,355,0,0
50,525,0,0
29,353,0,2
40,377,0,1
53,609,0,1
34,438,1,26
49,606,0,1
34,441,0,16
50,606,0,1
43,461,0,2
-3,1,0,0
37,451,0,0
30,434,0,0
38,453,0,0
28,192,0,1
29,196,0,11
37,442,0,2
21,173,0,2
36,439,0,8
41,453,0,1
17,32,1,78
44,464,0,1
-3,-9,0,0
40,453,0,1
34,436,2,12
37,452,0,1
24,175,1,35
25,186,0,7
30,202,0,14
40,451,0,0
39,449,0,1
35,445,0,5
40,450,0,1
14,20,7,257
5,18,0,0
32,437,0,2
29,435,0,0
37,445,0,2
35,438,0,9
38,444,0,0
35,441,0,11
39,446,0,2
38,439,0,2
45,471,0,1
36,448,0,1
34,466,4,54
35,466,0,17
54,639,0,0
35,468,0,20
36,475,0,1
31,204,0,0
46,501,0,0
36,468,0,13
39,474,0,1
38,475,0,4
14,13,16,305
37,478,0,1
50,636,0,1
30,198,0,12
55,642,0,1
51,636,0,1
16,72,4,64
28,163,0,2
29,164,0,3
37,471,0,3
45,500,0,1
39,478,0,0
35,471,0,22
48,601,0,0
40,476,0,2
39,469,0,1
53,607,0,0
44,499,0,0
49,601,0,2
33,440,0,0
43,469,0,0
21,136,2,41
42,466,0,1
29,166,1,1
28,165,1,5
47,571,1,0
21,140,0,15
46,571,0,0
13,10,13,518
25,140,2,10
21,139,1,73
27,147,1,3
20,140,0,4
52,577,0,1
48,571,0,2
33,264,1,1
16,20,6,103
38,443,0,1
26,257,0,4
54,688,0,0
58,694,0,0
38,448,0,1
33,437,0,3
37,443,0,0
39,441,0,1
57,694,0,0
36,446,0,0
53,688,0,4
59,755,0,0
55,749,0,1
39,504,0,1
14,32,8,190
54,749,0,1
34,282,0,4
33,277,1,1
41,502,1,1
39,501,0,0
41,511,0,1
13,70,1,9
39,508,0,0
44,527,0,1
12,10,44,864
15,75,0,7
31,276,0,7
30,276,0,6
38,507,0,1
33,268,0,8
58,752,0,1
13,68,0,12
40,510,0,0
15,80,0,17
3,-1,0,0
38,509,0,0
42,514,0,0
39,509,0,0
63,877,0,0
43,515,0,0
39,512,0,0
59,874,0,0
40,568,0,2
38,562,1,5
43,567,0,0
41,577,0,1
18,41,6,39
41,574,0,0
42,579,0,1
19,42,0,39
41,578,0,0
20,43,1,12
43,581,0,0
45,580,0,0
18,43,1,47
44,570,1,0
17,42,1,79
40,570,0,2
41,573,0,1
43,570,0,1
46,581,0,1
39,563,0,2
38,393,0,1
65,942,0,1
61,939,0,1
18,49,2,40
40,565,0,0
41,571,0,0
17,48,1,63
42,574,0,0
45,576,0,0
41,570,0,0
38,563,1,4
67,999,0,0
46,578,0,0
41,580,0,1
63,996,0,0
13,55,27,1250
12,55,35,3505
38,484,0,0
38,478,0,1
16,44,7,55
43,482,0,0
42,481,0,1
60,900,0,1
38,477,0,0
9,33,1,27
39,480,0,0
12,47,2,52
11,47,2,33
38,472,0,6
39,487,0,1
34,437,0,11
42,463,0,0
64,903,0,1
41,500,1,0
13,47,2,82
12,46,5,718
11,6,34,1212
16,41,2,60
38,480,0,1
35,467,0,11
39,482,0,1
65,933,0,0
44,488,0,1
40,499,0,0
61,930,0,0
66,964,0,0
41,530,0,0
45,519,0,0
17,43,4,56
12,42,3,66
43,493,1,0
43,514,1,0
39,511,0,1
42,534,0,1
42,493,0,0
65,962,0,1
62,961,0,1
41,527,0,0
38,508,0,1
7,28,0,0
14,56,7,498
12,57,1,17
13,56,14,651
3,10,0,0
62,875,0,0
38,504,0,1
37,505,0,2
36,501,0,1
40,505,0,1
40,513,0,2
63,875,0,1
35,501,0,2
42,528,0,0
41,524,0,0
42,525,0,0
5,35,0,0
41,523,0,1
37,395,0,2
40,512,0,0
39,506,0,1
62,848,0,0
39,510,0,1
40,517,0,0
38,456,0,0
35,436,0,5
35,444,0,0
34,362,1,4
37,449,0,1
33,362,0,1
38,450,0,3
31,355,1,5
58,786,0,2
31,351,0,14
60,787,0,1
57,786,0,3
37,448,0,1
39,452,0,0
34,416,0,6
38,449,0,0
35,439,2,6
36,445,0,3
60,841,0,0
34,440,0,2
37,439,0,1
62,842,0,0
37,446,1,1
37,453,0,1
59,841,0,0
33,406,0,6
33,359,0,2
34,369,1,0
33,410,0,10
35,357,0,2
13,58,1,59
33,360,0,0
36,412,1,4
35,410,1,8
57,757,0,2
34,411,0,2
30,407,0,10
59,758,0,1
56,757,0,1
28,354,0,0
32,355,1,6
14,23,6,278
12,7,25,753
33,361,0,4
33,358,0,3
30,357,0,1
53,651,0,0
34,364,0,1
55,652,0,0
52,651,0,0
35,465,0,3
38,471,0,3
35,470,0,3
36,473,0,2
37,473,0,1
35,473,0,2
34,471,0,12
57,765,0,2
29,300,1,23
30,305,0,2
59,766,0,1
56,765,0,2
37,472,1,5
36,472,0,3
-6,-3,0,0
36,469,0,8
15,25,7,188
33,468,0,6
58,790,0,0
37,475,0,1
37,469,0,6
60,791,0,0
57,790,0,0
61,822,0,0
38,506,0,0
31,330,0,0
-5,-1,0,0
37,497,1,1
38,501,0,0
15,52,3,39
19,70,1,47
15,60,0,38
32,332,0,5
59,821,0,1
30,325,0,2
60,821,0,1
58,821,0,1
40,506,0,0
12,51,2,27
41,509,0,0
15,54,2,34
9,42,0,0
12,54,0,11
15,63,0,19
56,749,0,1
35,500,0,1
57,749,0,0
27,253,0,25
35,531,0,6
16,42,5,81
38,534,0,4
29,263,0,12
40,539,1,1
41,541,0,1
41,542,0,0
13,41,3,71
28,258,0,11
15,36,9,138
14,54,0,24
29,258,0,11
38,537,0,2
40,538,0,1
29,266,0,2
31,268,0,1
29,259,0,21
57,781,0,1
58,781,0,1
56,781,0,1
37,535,0,0
40,542,0,0
42,543,0,0
41,543,0,0
58,804,0,0
39,532,0,4
59,804,0,0
57,804,0,0
39,541,0,0
30,288,1,0
8,0,32,928
29,288,0,1
16,34,2,99
17,34,2,50
15,27,6,173
16,38,4,100
16,35,3,102
56,711,0,1
29,287,0,0
35,446,0,0
29,285,0,0
34,443,0,0
14,37,8,253
55,711,0,1
29,277,2,15
30,277,0,2
12,6,28,556
48,487,0,1
18,45,3,42
30,282,1,8
28,280,0,10
31,286,0,3
57,712,0,0
54,711,0,1
27,234,0,28
3,11,0,0
7,31,0,0
36,441,0,3
0,6,0,0
15,41,1,101
-3,3,0,0
54,666,0,1
39,450,0,1
53,666,0,0
55,667,0,0
35,443,0,0
49,496,0,0
52,666,0,0
56,697,0,0
34,470,0,0
-6,0,0,0
-7,0,0,0
35,472,0,0
38,469,0,1
55,697,0,1
27,238,0,9
-3,6,0,0
-10,-15,0,0
50,526,0,0
53,696,0,2
6,23,0,0
-7,-12,0,0
48,519,0,0
47,517,0,0
40,480,1,0
-2,-6,0,0
-1,-6,0,0
1,-5,0,0
0,-6,0,0
2,-5,0,0
41,478,0,1
9,0,10,279
37,477,0,0
48,517,0,1
33,471,0,0
37,480,0,0
27,240,0,1
31,245,1,4
30,246,0,4
54,696,0,2
28,240,0,9
56,698,0,1
16,36,3,84
29,465,0,0
32,468,0,0
37,474,0,0
36,480,0,2
32,467,0,7
42,478,0,0
47,508,0,0
10,1,10,471
27,239,0,2
26,238,0,0
43,481,0,0
26,240,0,0
14,52,1,30
13,51,0,29
5,20,0,0
4,20,0,0
-5,-4,0,0
16,33,0,113
36,474,0,2
44,544,0,0
49,573,0,0
26,233,2,51
43,540,1,0
19,126,1,8
42,540,0,0
10,40,1,21
16,60,1,70
20,52,1,23
41,540,0,0
15,20,8,173
34,273,0,5
56,759,0,1
57,760,0,2
55,759,0,3
15,16,6,187
2,10,0,0
20,126,0,37
20,131,0,1
36,318,0,0
36,533,0,0
38,543,0,1
39,534,0,1
34,530,0,2
38,532,0,3
59,805,0,0
49,568,0,0
18,102,0,0
-3,-5,0,0
11,2,15,374
47,505,0,1
19,50,0,36
14,40,7,120
20,53,2,25
36,467,1,10
12,49,2,24
16,55,3,110
18,56,1,49
15,53,2,42
36,322,0,9
8,44,0,0
7,39,0,0
46,502,0,2
14,47,1,112
4,21,0,0
15,55,6,207
16,58,6,80
14,14,17,313
15,14,9,182
0,13,0,0
29,283,0,7
32,291,0,2
56,741,0,2
57,742,0,1
55,741,0,3
23,112,1,13
-6,-4,0,0
34,469,0,1
-9,-7,0,0
20,76,1,18
33,467,0,3
35,475,0,0
37,470,0,2
38,473,0,1
39,476,0,1
-5,3,0,0
-1,9,0,0
58,743,0,1
10,2,42,1069
16,70,1,56
48,513,0,1
12,9,20,801
17,58,6,69
7,29,0,0
31,282,0,10
28,276,1,19
34,277,0,0
37,476,0,2
35,386,0,1
34,386,0,0
31,384,0,0
13,13,21,570
16,52,0,38
35,285,0,0
36,291,0,3
34,389,0,3
15,43,8,143
19,51,2,27
22,230,0,0
18,48,2,44
-3,-6,0,0
35,287,0,2
44,418,0,0
16,65,1,67
19,74,1,15
17,68,1,72
51,609,0,1
28,237,1,20
16,66,10,183
14,57,2,72
43,415,0,1
15,61,4,70
33,381,0,8
15,56,3,279
14,53,2,27
26,231,2,36
34,283,2,7
50,609,0,1
52,610,0,1
12,56,3,53
14,58,3,161
18,73,1,96
18,76,2,58
17,70,4,104
16,57,3,144
13,49,0,40
35,388,0,2
33,386,0,2
42,408,1,0
33,409,1,27
34,409,0,11
33,407,2,32
36,416,0,1
14,41,3,76
35,411,0,2
37,416,0,4
13,9,15,443
35,416,0,5
21,60,1,10
22,61,1,15
23,62,1,6
16,25,4,125
17,27,3,75
21,58,0,28
20,57,0,25
19,47,2,31
27,233,1,28
51,637,0,4
53,638,0,1
34,414,1,1
35,414,0,1
34,410,0,16
52,637,0,5
31,409,0,13
42,430,0,0
-4,0,0,0
-7,-3,0,0
59,827,0,0
34,595,0,0
-2,4,0,0
57,826,0,1
18,44,1,49
41,600,0,2
58,826,1,1
19,46,0,28
28,233,1,11
48,619,0,1
6,37,0,0
17,31,3,82
40,596,0,0
49,625,0,0
40,600,0,2
42,605,0,1
50,626,0,0
56,826,0,0
-10,-20,0,0
48,559,0,1
47,558,0,1
14,50,2,49
17,62,1,35
48,562,0,0
47,560,0,1
48,560,0,0
39,533,1,0
38,536,0,0
15,33,6,141
13,11,13,544
54,759,0,1
18,62,0,32
38,533,0,3
32,528,0,0
37,530,0,8
39,531,0,0
38,535,0,3
56,804,0,0
58,837,0,0
37,565,0,0
35,563,0,2
39,572,0,0
38,570,0,0
59,837,0,1
40,575,0,0
40,567,0,7
19,49,2,42
33,560,0,0
37,322,0,7
57,837,0,1
17,56,5,88
16,56,6,186
16,50,3,39
3,-2,0,0
31,559,0,0
2,-2,0,0
1,-7,0,0
5,-1,0,0
0,-3,0,0
39,397,0,0
37,563,0,9
49,595,0,1
37,561,1,10
39,565,0,9
37,570,0,2
40,564,0,1
39,568,0,4
62,912,0,0
48,593,0,0
60,912,0,1
63,946,0,0
15,40,4,116
33,594,0,0
32,359,0,3
49,627,0,1
17,41,0,57
38,397,0,1
61,946,0,1
14,35,7,123
26,351,0,0
38,604,0,2
48,621,0,0
40,675,0,0
45,687,0,0
44,684,0,0
43,671,0,0
50,692,0,0
49,688,0,0
43,677,0,0
37,380,0,6
65,1018,0,1
35,379,0,1
63,1017,0,1
17,49,2,82
16,45,4,73
41,680,0,2
45,688,0,2
63,967,0,0
48,687,0,1
61,966,0,0
44,652,0,0
40,644,0,0
43,647,0,0
44,650,0,0
15,38,8,153
31,306,1,5
31,315,0,3
36,331,0,3
35,329,0,1
28,302,0,6
63,933,0,1
33,328,0,7
60,930,0,1
42,633,0,0
39,639,0,3
47,651,0,1
24,300,0,0
29,304,0,7
36,329,0,0
42,568,0,0
16,18,3,113
-2,-4,0,0
-4,-5,0,0
35,325,0,1
35,328,0,1
61,864,0,1
58,861,0,1
15,44,5,52
16,39,3,93
45,582,0,1
36,566,0,4
39,569,0,2
40,573,0,1
60,840,0,0
43,575,0,0
44,581,0,0
29,356,0,0
53,630,0,0
36,365,0,0
34,301,0,7
37,371,0,0
38,372,0,0
28,353,1,3
52,628,0,1
18,28,3,50
35,363,0,2
33,296,0,1
34,300,0,0
34,304,0,3
51,628,0,0
50,627,0,1
-7,-4,0,0
36,367,0,2
32,360,0,2
33,356,0,0
49,583,0,0
34,363,0,1
32,356,0,0
36,364,0,1
48,582,0,0
34,415,0,0
33,413,0,0
32,255,0,3
16,24,1,127
38,422,0,1
38,419,0,1
50,637,1,2
33,261,0,4
32,410,0,1
32,261,0,4
15,18,5,199
17,22,2,81
16,22,3,137
29,244,0,3
33,263,0,1
32,259,0,4
51,638,0,1
18,22,5,39
37,417,0,2
30,409,0,1
35,415,0,1
33,415,0,0
49,597,0,0
36,418,0,2
39,420,0,4
48,596,0,2
34,417,0,0
31,411,0,2
32,412,0,2
36,414,0,1
16,12,3,86
36,417,0,4
30,218,0,2
29,218,0,5
28,218,1,4
15,12,5,146
36,419,0,0
27,203,0,3
9,1,43,1366
35,417,1,3
25,191,1,38
13,12,18,553
28,204,0,0
26,201,0,2
31,222,0,2
28,205,1,5
25,192,1,31
26,205,0,2
19,43,1,29
12,2,6,155
20,45,3,36
-6,-6,0,0
25,182,0,1
14,10,7,270
24,179,0,2
13,2,0,61
25,180,0,2
47,577,0,0
34,413,0,2
35,387,0,0
30,203,0,2
36,389,0,1
38,392,0,2
20,172,1,18
35,389,0,1
27,186,0,4
18,36,2,40
24,177,0,19
23,176,0,8
28,186,0,19
22,176,0,0
24,174,2,41
14,2,2,24
23,173,1,52
37,390,0,5
1,-4,0,0
7,0,77,2990
17,40,4,70
23,175,1,21
38,400,0,0
39,401,0,0
31,382,0,2
46,549,0,2
40,572,0,1
52,732,0,1
19,44,2,40
1,10,0,0
-5,-5,0,0
26,192,1,20
30,195,0,2
36,563,0,1
17,36,3,71
53,733,0,1
19,36,1,32
22,177,0,3
31,208,0,3
29,189,0,4
54,733,0,0
24,181,0,11
45,584,0,2
20,37,1,21
43,572,0,0
21,37,0,15
22,37,0,6
23,37,0,7
16,16,4,108
14,11,6,268
24,216,0,5
44,578,0,0
56,772,0,0
54,771,0,1
37,413,0,0
23,215,0,1
28,219,0,8
29,219,0,9
31,228,0,1
33,414,0,0
36,415,0,1
33,247,0,1
26,220,0,13
40,429,0,1
25,212,1,51
34,252,0,0
51,617,0,1
26,211,3,38
49,616,0,1
39,423,0,1
53,660,0,0
51,659,0,0
58,815,0,0
36,295,0,13
59,815,0,0
28,254,0,40
35,289,0,7
43,577,0,1
37,567,0,2
34,284,0,6
58,814,0,1
56,814,0,1
42,576,0,0
43,574,0,1
55,751,0,0
41,565,0,0
46,583,0,1
53,751,0,0
57,820,0,0
56,820,0,0
31,221,0,1
32,221,0,2
43,634,0,0
48,652,0,3
40,638,0,0
31,219,0,8
30,215,0,4
57,821,0,1
55,820,0,1
37,632,0,0
43,636,0,1
56,802,0,0
44,635,0,1
49,653,0,1
54,801,0,0
38,632,0,0
39,671,0,1
40,671,0,1
11,40,1,37
50,689,0,0
43,670,0,1
25,173,0,27
25,177,0,23
57,838,0,1
24,172,1,39
55,837,0,1
45,671,0,1
20,175,0,0
23,181,0,1
18,171,0,0
49,686,0,1
21,180,0,0
58,838,0,0
44,669,0,0
48,686,0,0
56,837,0,0
41,564,0,0
45,581,0,0
26,186,0,2
45,579,0,0
44,577,0,2
55,733,1,1
42,565,1,1
42,583,0,1
43,584,0,0
11,5,45,1181
25,184,0,1
28,191,0,11
54,732,0,1
53,732,0,2
12,5,18,538
57,814,0,0
41,575,0,0
45,717,0,0
48,719,0,2
60,956,0,4
29,255,1,9
44,715,0,2
39,702,0,0
43,714,0,0
30,257,0,9
45,723,0,0
30,267,1,3
25,256,0,21
46,724,0,0
27,221,0,0
26,218,0,3
44,707,0,0
58,913,0,0
47,724,0,0
43,582,0,0
26,217,0,6
23,208,0,0
55,771,0,2
43,573,0,0
43,580,0,0
27,212,0,17
14,12,6,264
43,571,0,0
40,563,0,1
39,483,0,0
38,481,0,0
11,4,17,904
13,7,14,346
37,467,0,1
-4,-4,0,0
40,475,0,2
51,675,0,1
36,243,0,1
52,675,0,1
21,191,1,19
37,468,0,1
4,16,0,0
35,223,0,1
34,222,0,0
30,465,0,0
50,655,0,0
51,655,0,0
35,222,0,0
34,220,0,1
42,538,0,0
22,193,1,14
33,217,0,1
34,218,0,0
33,215,1,1
35,532,0,0
27,199,0,6
28,200,0,1
26,198,0,2
30,212,0,3
9,40,0,0
25,196,1,15
27,201,0,5
52,718,0,1
24,190,1,27
31,212,0,4
53,718,0,1
15,46,7,208
40,533,0,1
15,49,2,132
40,532,0,3
15,50,4,46
18,59,1,42
30,287,0,1
16,51,5,111
36,470,0,2
32,288,0,0
54,741,0,1
30,278,1,4
31,307,1,5
17,52,2,69
41,494,0,1
55,765,0,0
38,476,0,2
31,332,0,2
33,335,0,3
30,301,2,10
29,330,0,3
28,324,0,0
33,331,1,3
32,329,0,6
30,307,0,0
30,330,0,0
31,302,2,8
30,328,1,15
50,625,0,3
51,625,0,4
17,104,0,7
18,107,1,37
19,109,2,21
16,85,0,4
31,326,0,6
34,340,0,1
25,325,0,0
16,80,0,42
33,336,0,1
53,703,0,1
31,327,0,10
33,340,0,0
54,703,0,1
14,75,1,3
16,84,0,11
18,91,0,123
16,86,0,3
14,69,0,25
15,70,1,5
18,79,4,113
32,335,0,5
16,48,7,75
18,58,0,54
34,380,0,1
33,330,0,1
19,61,0,37
34,388,0,1
36,390,0,1
35,390,1,1
18,54,2,27
11,3,21,641
17,53,2,27
14,60,1,20
55,756,0,1
56,756,0,1
37,387,0,0
27,379,0,0
54,729,0,1
55,729,0,0
18,46,3,51
40,571,0,0
33,562,0,0
61,912,0,1
34,562,0,0
40,574,0,0
41,579,0,0
42,573,0,2
32,558,0,0
34,563,0,0
37,568,0,0
40,578,0,1
42,575,0,0
39,562,0,1
43,644,0,0
23,276,0,0
42,647,0,0
43,635,0,1
45,647,0,1
-4,-3,0,0
-5,-6,0,0
41,631,0,1
31,288,0,0
59,906,0,1
60,906,0,1
29,243,0,1
44,636,0,0
12,53,1,7
15,28,4,156
7,43,0,0
8,43,0,0
9,45,0,0
1,17,0,0
7,32,0,0
57,861,0,0
45,638,0,0
41,642,0,1
46,652,0,0
45,645,0,0
-5,2,0,0
-4,2,0,0
-3,2,0,0
-6,-1,0,0
30,243,0,3
37,508,0,0
31,246,0,0
42,518,0,0
41,516,0,0
36,496,0,3
-1,-9,0,0
0,-8,0,0
37,503,0,1
54,727,0,2
28,234,0,12
27,213,2,15
53,706,0,0
41,504,0,1
42,517,0,1
54,706,0,2
38,503,0,0
39,427,0,1
40,427,0,0
42,432,0,0
35,413,0,7
41,431,0,0
52,617,0,2
42,431,0,1
43,433,0,0
38,414,0,2
6,29,0,0
3,26,0,0
1,25,0,0
35,418,0,1
-6,4,0,0
-2,10,0,0
29,225,0,1
42,428,0,0
51,616,0,2
53,618,0,0
36,411,0,0
35,409,0,4
1,13,0,0
36,409,0,3
50,596,0,1
35,408,0,1
41,428,0,0
49,596,0,0
52,598,0,0
39,422,0,1
33,353,2,5
34,353,0,2
3,14,0,0
33,357,0,2
21,40,0,19
39,373,0,8
26,200,1,3
36,362,0,1
20,39,1,19
18,32,2,42
28,202,0,11
25,200,0,11
47,541,0,3
25,195,0,6
50,543,0,1
48,541,0,1
17,25,0,88
51,563,0,0
49,561,0,0
35,294,0,1
48,488,0,1
27,280,0,4
47,487,0,0
15,15,7,180
1,8,0,0
45,486,0,4
46,486,0,1
26,178,1,12
27,179,0,6
43,447,0,5
45,448,0,3
44,447,0,5
25,176,0,6
17,45,2,72
26,176,0,6
43,424,0,3
42,424,1,5
33,199,0,2
44,425,0,3
19,169,0,0
26,196,0,19
29,204,1,2
27,194,0,12
39,361,0,4
31,194,0,3
41,362,0,2
29,159,1,2
28,156,0,16
27,156,0,12
28,201,0,0
39,327,0,0
16,135,0,0
38,308,0,3
22,138,1,35
22,142,0,19
27,154,0,2
39,309,0,0
16,19,3,143
17,19,2,65
28,171,1,14
23,155,1,40
27,182,0,4
38,324,1,10
40,326,0,2
25,178,0,15
23,178,0,0
37,324,0,10
30,178,0,4
29,175,0,5
41,345,0,0
38,343,0,6
24,197,0,0
28,173,0,4
27,171,0,22
28,172,0,2
25,199,0,2
29,176,0,3
28,175,0,15
22,155,1,53
27,197,0,14
29,177,0,2
23,159,1,22
39,343,0,8
28,174,0,0
22,154,3,117
42,347,0,1
30,211,0,13
29,210,0,2
29,207,0,10
41,380,0,4
44,384,0,3
30,207,0,1
31,209,0,0
30,205,0,0
29,205,1,2
31,205,0,1
19,32,3,28
28,194,0,7
19,190,0,0
29,239,0,3
17,21,0,84
29,200,1,1
31,201,0,0
30,200,0,4
28,195,0,6
30,235,0,6
29,235,0,13
29,195,1,3
30,196,0,16
30,197,0,4
31,197,0,1
27,193,1,9
43,421,0,5
46,425,0,1
16,62,0,35
42,421,0,2
27,236,0,5
30,236,0,5
31,263,0,3
16,59,2,66
31,258,1,5
32,264,0,1
30,260,0,5
30,263,0,5
17,24,1,65
43,443,0,4
47,447,0,2
44,443,0,3
31,260,0,5
-7,-2,0,0
-6,-2,0,0
33,274,0,0
34,308,0,4
-2,5,0,0
-4,3,0,0
-2,3,0,0
31,308,0,1
34,307,0,1
15,13,5,175
16,13,4,106
29,206,0,2
45,490,0,2
49,494,0,1
46,490,0,2
33,305,0,3
28,434,0,0
-3,-4,0,0
28,203,0,0
37,444,0,2
54,629,0,1
36,442,0,0
35,440,1,1
30,436,0,0
37,440,0,1
48,588,0,0
52,592,0,0
40,456,0,2
39,448,0,1
33,439,0,1
38,440,0,1
49,588,0,2
28,379,0,0
37,391,0,0
25,164,0,17
18,152,0,1
36,383,0,1
14,62,1,17
37,385,0,0
22,156,0,69
36,388,0,2
39,388,0,1
-1,-5,0,0
10,42,0,14
8,41,0,0
6,40,0,0
9,43,0,0
38,399,0,1
3,37,0,0
2,37,0,0
4,38,0,0
6,39,0,0
5,39,0,0
7,40,0,0
22,157,0,24
3,34,0,0
4,34,0,0
1,33,0,0
4,36,0,0
8,38,0,0
9,38,0,0
37,396,0,0
7,37,0,0
24,163,0,14
23,160,1,7
23,156,0,37
46,531,1,2
26,164,0,6
50,535,0,1
5,36,0,0
3,35,0,0
2,35,0,0
4,35,0,0
1,32,0,0
2,32,0,0
39,396,0,0
3,33,0,0
4,33,0,0
32,378,0,6
38,388,0,4
38,396,0,0
53,622,0,0
0,33,0,0
27,165,0,4
54,622,0,0
-3,30,0,0
-1,31,0,0
0,31,0,0
28,166,0,2
29,167,0,1
-3,28,0,0
-2,28,0,0
1,31,0,0
41,483,0,1
42,483,1,6
26,163,0,0
27,164,0,2
41,475,0,0
41,481,0,0
40,483,0,2
40,481,0,1
24,161,0,0
24,157,0,39
49,618,0,1
24,159,0,19
30,168,0,1
53,620,0,1
50,618,0,3
28,239,1,3
1,-3,0,0
34,246,0,0
-1,-7,0,0
36,466,0,6
57,698,0,0
39,481,0,0
42,475,0,1
33,470,0,1
28,404,0,0
31,405,0,0
-2,-7,0,0
-2,-8,0,0
-4,-7,0,0
-1,-4,0,0
40,416,0,0
21,56,1,17
12,4,12,388
22,56,1,11
19,53,4,23
22,54,0,9
21,53,0,12
19,52,0,41
22,55,0,9
20,54,2,17
18,53,1,48
8,33,0,0
7,33,0,0
31,412,0,0
37,422,0,2
5,29,0,0
37,421,0,2
3,20,0,0
10,43,1,7
-1,14,0,0
16,49,2,129
2,17,0,0
5,26,0,0
2,23,0,0
25,235,0,3
24,235,0,0
33,245,0,6
55,639,0,1
39,414,1,2
25,257,0,0
34,267,0,0
33,266,0,0
34,407,0,9
6,26,0,0
38,424,0,0
29,407,0,0
37,419,0,0
-1,8,0,0
3,17,0,0
36,413,0,1
52,659,0,2
35,407,1,0
33,416,0,2
56,661,0,0
38,411,0,0
38,427,0,0
53,659,0,1
36,506,0,0
1,16,0,0
-1,15,0,0
29,261,0,2
-6,5,0,0
35,273,0,2
-4,6,0,0
-5,6,0,0
36,274,0,1
35,271,0,1
-3,7,0,0
0,10,0,0
3,13,0,0
31,265,0,1
-6,-15,0,0
-1,7,0,0
36,272,0,1
37,273,0,0
35,270,0,0
37,277,0,0
41,501,0,0
40,500,0,0
41,517,0,1
36,276,0,4
59,751,0,1
42,500,0,0
31,310,0,6
32,310,1,3
43,505,0,1
57,796,0,0
38,497,0,1
61,798,0,0
41,514,0,0
39,497,0,0
40,511,0,0
58,796,0,1
25,301,0,0
38,470,0,0
30,308,0,2
31,309,0,1
33,312,1,1
13,5,11,225
19,41,0,34
18,65,1,29
18,57,3,64
42,474,0,1
12,50,0,21
21,45,0,18
8,34,0,0
7,30,0,0
37,466,1,2
38,323,0,1
60,767,0,1
43,474,0,0
39,472,0,0
42,473,0,0
43,473,0,1
44,473,0,0
18,55,4,35
38,474,0,3
43,472,0,0
54,718,0,1
58,720,0,1
40,478,0,1
55,718,0,1
37,278,0,1
38,280,0,0
7,34,0,0
35,275,0,0
36,277,0,1
34,270,0,0
-4,-9,0,0
42,471,0,0
30,464,0,0
57,719,0,0
5,28,0,0
14,55,12,556
4,28,0,0
2,27,0,0
-3,17,0,0
2,18,0,0
3,18,0,0
-2,17,0,0
1,20,0,0
3,21,0,0
42,472,0,1
53,675,1,0
55,676,0,1
33,228,0,2
41,472,0,2
15,48,3,124
34,230,0,1
54,676,0,1
24,176,0,3
53,637,0,0
32,191,0,1
14,45,5,229
21,174,0,11
33,194,0,1
44,568,0,1
43,568,0,0
57,772,0,0
17,26,1,76
56,771,0,1
25,215,0,2
35,233,0,1
39,561,0,1
58,793,0,0
56,792,0,0
36,530,0,0
40,531,0,0
36,254,0,0
35,251,0,0
38,528,0,1
58,762,0,0
41,537,0,1
16,10,3,65
15,10,3,139
37,257,0,3
38,258,0,0
39,535,0,1
14,9,4,232
37,536,0,0
41,534,0,1
37,528,0,0
60,807,0,0
39,302,0,0
40,303,0,0
41,305,0,0
42,308,0,0
41,307,0,0
42,311,1,1
41,310,0,0
43,312,0,0
37,412,0,2
17,46,7,96
40,310,0,0
56,685,0,1
53,682,0,2
18,35,0,41
19,35,4,20
18,52,1,32
33,315,0,0
37,415,0,0
57,709,0,1
33,314,0,0
18,50,4,39
19,54,1,22
56,707,0,0
30,327,0,11
16,61,1,73
17,61,1,48
39,537,1,0
38,529,0,5
28,327,0,3
39,530,0,2
35,337,0,0
34,336,0,0
60,853,0,0
16,14,2,86
35,362,0,0
61,879,0,0
39,529,0,1
62,879,0,0
40,536,0,0
31,495,0,0
35,361,0,0
34,359,0,0
32,358,0,2
37,496,0,0
17,23,2,68
20,26,0,20
18,63,0,27
61,847,0,1
16,29,4,109
21,52,2,16
20,50,0,28
20,55,0,22
17,65,0,58
16,64,0,18
19,85,1,24
32,495,0,0
59,796,0,0
29,405,0,0
20,87,1,34
17,81,2,121
20,60,2,26
34,312,0,1
19,58,1,33
16,23,7,125
18,23,4,63
19,29,0,27
37,314,0,0
35,313,0,1
55,706,0,1
56,706,0,1
18,27,2,52
32,411,0,0
37,418,0,0
36,410,0,2
58,757,0,0
17,29,1,73
20,38,4,17
59,786,0,0
18,34,0,57
19,75,1,12
38,445,0,1
37,441,0,1
38,447,0,1
38,441,0,1
56,729,0,0
34,387,0,0
36,384,0,2
18,64,0,73
4,22,0,0
1,19,0,0
39,405,0,5
-5,1,0,0
19,67,4,40
-1,5,0,0
17,67,4,152
32,385,0,0
38,401,0,0
54,678,0,4
53,678,0,2
33,387,0,1
52,631,0,1
51,631,0,3
40,433,0,1
3,-4,0,0
1,-9,0,0
16,47,6,107
18,14,1,26
17,14,2,45
41,462,0,0
36,444,0,1
28,261,0,0
39,447,0,1
56,735,0,1
55,735,0,2
19,33,0,46
33,441,0,2
39,445,0,0
18,29,2,48
39,451,0,0
40,455,0,0
36,438,0,6
29,432,0,0
37,450,0,1
37,386,0,0
27,375,0,0
37,394,0,1
25,372,0,0
26,375,0,0
21,66,2,12
20,66,2,24
35,393,0,1
11,54,0,1
37,392,0,1
35,378,0,1
36,379,0,0
37,379,0,0
38,407,0,1
17,30,4,77
13,57,3,34
11,56,0,0
29,238,0,7
27,232,0,20
37,407,0,0
40,421,0,0
38,413,0,2
39,419,0,3
32,286,0,3
33,285,1,0
34,295,0,2
32,277,1,2
33,283,1,4
31,277,0,3
33,292,0,2
17,17,1,59
18,21,2,40
32,302,0,3
24,62,1,6
21,61,1,10
49,552,0,0
34,287,0,1
48,552,0,2
32,262,0,4
30,254,0,4
16,96,0,1
31,278,0,4
30,284,0,2
39,308,0,2
29,254,0,11
32,269,0,1
46,506,0,4
28,253,0,1
27,302,0,1
22,25,1,7
23,25,1,5
30,300,0,3
17,96,1,8
38,285,0,0
15,83,1,3
22,24,0,5
21,23,2,9
21,22,0,13
37,284,0,0
20,21,0,11
34,311,0,0
48,553,0,3
36,280,0,3
19,21,1,17
37,303,0,0
21,28,1,11
31,303,0,4
14,83,0,6
38,309,0,0
37,306,0,2
19,23,1,24
19,73,1,49
36,303,0,1
4,19,0,0
16,15,2,90
18,16,0,28
30,248,0,3
31,284,0,2
37,304,0,1
18,19,3,31
13,71,0,4
29,247,0,0
17,59,2,64
8,32,0,0
30,240,0,4
9,37,0,0
12,60,0,14
8,36,0,0
7,35,0,0
6,34,0,0
8,37,0,0
38,305,0,0
37,283,0,1
36,281,0,2
34,242,0,1
25,237,0,3
30,250,0,1
17,18,2,67
21,48,3,14
29,268,0,3
31,272,0,2
19,37,2,34
20,31,0,19
23,34,0,9
6,30,0,0
5,30,0,0
22,34,0,8
6,31,0,0
9,41,0,0
17,20,1,92
8,39,0,0
19,30,0,22
10,44,0,6
11,48,0,22
28,267,0,2
11,49,0,15
29,267,0,0
28,262,0,1
38,283,0,0
36,282,0,2
37,286,0,1
30,271,0,1
36,285,0,0
18,51,0,37
36,424,0,0
42,438,0,0
31,255,0,6
12,3,8,259
13,3,6,112
38,426,0,0
35,419,0,1
43,440,0,1
41,385,0,0
40,384,0,8
19,55,0,23
17,55,3,65
29,232,0,11
49,582,0,4
30,252,0,3
41,387,0,0
18,33,2,55
15,11,7,172
42,391,1,0
43,392,0,1
19,39,3,39
37,381,0,0
39,382,0,0
41,383,0,0
44,386,0,0
37,365,0,0
38,365,0,0
39,365,0,0
37,364,0,1
17,128,0,2
18,135,0,0
15,93,0,6
36,371,0,1
14,82,0,5
15,85,0,5
16,97,0,3
19,45,0,28
28,356,0,0
26,355,0,0
27,355,0,0
15,89,0,0
37,373,0,1
32,362,0,0
31,358,0,0
22,103,1,10
21,100,1,53
22,101,1,12
31,274,0,0
30,272,0,0
14,85,0,4
23,103,0,4
13,8,25,457
31,273,0,1
20,62,2,17
20,63,1,18
19,63,0,19
30,265,0,1
12,52,0,20
50,604,0,3
30,255,1,3
22,32,0,9
21,32,0,14
19,31,1,33
21,34,1,14
0,9,0,0
36,393,0,0
19,27,1,33
30,256,0,8
30,285,0,2
36,447,0,1
19,56,2,42
31,279,0,5
18,25,1,52
32,279,0,2
29,284,0,2
16,17,2,116
18,30,0,56
43,378,1,0
33,278,0,0
39,372,1,0
34,354,0,1
51,627,0,3
40,372,0,1
52,654,0,0
29,281,0,3
33,271,0,2
31,270,0,0
32,270,0,1
31,257,0,8
50,631,0,1
19,60,0,31
30,380,0,1
17,51,2,68
19,59,1,28
19,62,0,30
20,69,0,23
18,61,0,52
19,68,0,42
18,67,2,71
20,68,4,29
14,59,2,21
21,69,1,16
-3,5,0,0
34,272,0,0
49,604,0,0
1,12,0,0
31,361,0,0
39,376,0,1
30,361,0,0
0,11,0,0
-3,8,0,0
33,445,0,0
35,274,0,1
31,438,0,1
10,49,0,0
24,256,0,0
23,254,0,0
37,447,0,1
34,442,0,0
42,460,0,1
17,16,5,56
54,683,0,1
43,434,0,0
44,435,0,0
15,59,3,44
42,434,0,1
43,430,0,2
41,432,0,0
39,377,0,0
38,376,0,1
39,378,0,0
15,58,8,153
4,-1,0,0
38,373,0,5
32,290,0,0
16,11,2,72
32,280,0,1
4,-2,0,0
40,375,0,0
38,370,0,0
51,605,0,1
14,6,7,138
11,51,3,15
13,6,15,305
10,50,0,0
41,375,1,0
34,356,0,1
36,360,0,0
14,7,5,181
24,252,0,0
33,352,0,3
32,351,0,2
37,360,0,0
38,322,0,6
37,321,0,0
35,309,0,0
49,554,0,0
22,194,0,0
17,120,30,2091
38,321,0,0
26,191,0,5
23,194,0,2
37,320,0,0
21,103,0,2
19,57,2,40
36,317,0,1
35,316,0,0
46,491,0,1
36,341,0,1
37,342,0,1
20,102,0,19
35,338,0,0
43,271,0,1
46,515,0,1
47,516,0,0
27,159,0,5
26,159,0,2
37,339,0,0
27,160,2,17
20,101,0,18
28,161,0,5
23,154,1,37
27,161,0,3
41,234,0,1
44,478,0,1
23,158,0,5
27,155,0,8
24,160,0,9
45,479,0,1
22,153,1,39
18,120,15,759
19,120,2,244
34,334,0,1
20,120,4,74
19,123,2,93
18,123,1,18
19,48,3,34
20,124,0,21
39,201,0,0
21,121,2,59
25,122,1,7
21,54,1,11
18,121,6,399
19,122,1,25
32,327,1,6
20,121,0,157
20,125,1,6
21,125,0,12
22,128,0,5
20,122,1,68
26,123,0,2
21,123,1,40
21,127,0,3
40,205,0,0
21,102,2,72
19,121,5,335
42,445,0,3
43,446,0,1
33,288,0,5
25,129,0,6
25,123,2,16
20,123,3,93
33,287,0,4
18,122,0,4
24,123,0,17
21,126,1,41
38,184,0,1
40,396,0,5
21,122,0,47
25,130,0,3
20,111,0,37
37,169,0,1
19,81,0,153
25,279,0,0
20,112,0,9
24,115,0,4
20,106,2,91
14,105,0,0
40,381,0,7
40,382,0,1
39,359,0,1
39,296,0,1
18,75,1,15
21,113,0,11
20,113,1,1
38,286,0,0
39,358,0,7
37,264,0,0
19,105,2,77
36,165,0,1
38,336,1,2
22,106,1,40
25,116,0,3
37,336,0,5
18,110,1,5
13,4,4,149
20,110,0,9
36,260,1,3
35,156,0,1
23,113,1,6
31,243,0,1
22,137,1,35
33,241,0,12
37,187,0,0
23,137,2,13
34,259,0,1
28,244,0,0
32,239,0,3
36,186,0,0
35,186,0,1
24,137,2,9
31,239,1,2
23,234,0,0
19,228,0,0
19,138,0,6
3,19,0,0
34,183,0,0
23,140,0,24
21,228,0,0
39,367,1,14
25,144,0,21
33,239,1,1
34,239,0,2
26,146,0,26
35,192,0,2
34,190,0,0
37,190,0,0
24,142,0,7
25,143,0,4
22,141,0,12
21,138,0,49
22,136,0,19
20,138,1,27
11,52,0,10
38,366,0,2
35,185,1,0
36,185,0,0
23,139,1,16
26,145,0,2
25,138,1,4
40,411,0,0
34,154,0,0
22,111,2,43
38,380,0,0
21,106,2,65
33,154,0,0
24,274,0,0
23,111,0,35
13,61,0,10
22,114,1,76
32,145,0,0
31,144,0,0
30,144,0,2
27,144,0,7
24,114,0,12
21,101,1,12
23,107,1,14
13,65,1,2
23,106,0,22
24,106,0,7
26,119,0,2
29,149,0,2
2,14,0,0
21,95,2,30
22,96,0,11
7,36,0,0
22,107,1,19
22,110,1,36
28,149,1,4
17,108,0,14
25,118,0,1
33,284,0,2
21,88,0,15
23,275,0,0
28,141,0,0
13,69,0,10
14,70,0,6
31,147,0,2
32,148,1,1
24,117,0,0
25,117,1,3
33,148,0,1
34,288,0,7
20,80,4,25
21,80,1,20
24,80,0,6
23,80,1,7
22,94,3,32
24,81,1,9
23,95,1,15
23,79,0,10
21,107,0,33
12,61,0,4
13,105,0,0
34,150,0,0
15,106,0,0
41,430,0,2
36,181,0,0
22,79,0,14
21,82,0,24
24,138,3,16
23,138,0,24
34,168,0,1
24,145,0,9
24,140,1,14
21,141,0,3
36,339,0,1
27,178,0,2
36,203,0,1
20,73,2,42
19,66,1,31
28,178,0,2
19,170,0,0
14,8,11,251
33,334,0,1
17,15,1,67
35,200,0,0
27,176,0,3
17,72,3,63
15,57,5,100
32,333,0,0
31,335,0,2
28,328,0,4
45,496,0,0
17,50,3,47
47,549,0,0
21,84,3,12
23,171,1,66
20,82,0,37
39,395,0,0
15,9,6,111
20,83,1,24
20,93,0,52
38,391,0,0
39,391,0,4
34,199,0,1
38,389,0,0
51,552,0,1
48,550,0,1
18,26,2,57
21,43,0,17
24,49,0,2
21,85,0,18
26,52,0,5
21,51,0,14
27,52,0,3
22,51,1,10
19,26,1,29
24,51,1,6
23,51,0,6
-5,0,0,0
22,50,0,10
33,197,0,1
48,474,0,0
34,198,0,0
47,474,0,0
26,180,0,7
26,175,1,12
27,180,1,4
45,472,0,0
35,311,0,0
19,71,1,21
16,9,0,57
37,258,0,0
22,85,0,9
36,255,0,1
26,241,0,3
50,534,0,1
30,231,0,8
31,242,0,1
48,532,0,2
13,62,0,13
15,8,1,96
20,61,2,29
21,62,1,13
22,63,0,7
16,8,2,50
18,60,0,33
20,58,2,28
21,59,3,13
22,60,1,8
35,234,0,1
49,513,0,0
34,233,0,0
28,214,1,11
25,220,0,1
34,309,0,0
47,511,0,1
22,58,0,14
20,77,2,16
20,75,0,7
28,210,0,2
21,55,0,12
21,86,1,6
38,245,0,1
27,210,0,1
50,616,0,2
29,154,0,0
38,415,0,1
26,147,0,1
28,154,0,0
27,153,1,3
21,47,1,17
26,153,0,1
24,143,0,15
26,143,0,7
18,68,1,52
20,81,1,64
19,69,0,35
25,151,0,5
18,13,0,28
17,12,2,31
22,47,0,13
21,46,0,8
19,89,1,8
26,151,0,1
25,150,0,4
20,44,2,28
25,149,0,5
18,89,1,3
34,171,0,0
28,150,0,0
17,64,1,92
19,76,0,47
48,543,0,0
46,542,0,0
18,69,3,57
20,71,4,31
33,168,0,2
20,67,0,30
32,165,0,1
27,148,0,1
27,146,0,7
22,70,1,30
27,149,0,2
33,165,0,1
24,146,0,6
43,413,0,1
19,65,1,27
17,137,0,0
23,136,0,11
16,71,1,14
17,74,0,12
22,88,0,11
16,136,0,0
35,176,0,1
23,141,0,21
26,144,0,17
44,437,0,1
25,139,0,5
26,152,1,4
23,33,0,6
20,142,0,1
24,97,1,4
22,74,0,11
25,74,0,2
23,31,0,8
34,174,0,0
26,74,0,2
23,96,0,12
18,90,0,7
22,31,0,7
24,107,0,13
18,85,1,19
21,27,0,5
20,25,0,11
20,24,1,13
25,148,0,9
33,170,0,2
26,141,0,12
25,142,0,6
32,154,0,0
25,125,1,5
24,135,0,5
21,124,1,43
25,112,0,9
22,125,0,11
23,122,2,16
23,126,0,18
23,129,1,4
23,130,0,6
24,133,0,36
41,420,0,2
11,1,2,163
26,112,0,3
19,90,0,15
14,68,0,14
23,123,0,51
25,101,0,3
24,101,0,8
33,157,0,1
23,128,0,6
24,126,0,13
25,124,1,7
24,109,0,3
25,97,1,5
21,87,0,12
32,142,0,0
23,115,1,10
22,117,0,4
24,93,0,11
22,115,1,10
31,139,0,3
21,83,0,25
30,138,0,0
25,120,0,5
22,126,1,29
25,109,1,10
23,118,0,4
17,107,0,8
17,73,0,24
18,18,2,38
19,20,0,19
22,81,1,22
16,73,1,10
15,72,0,12
33,281,0,3
22,84,2,7
20,72,1,33
27,99,1,1
26,96,0,1
36,290,0,1
19,99,0,20
36,342,0,1
27,98,0,4
21,77,0,20
15,64,1,16
13,67,1,67
37,343,0,6
21,79,1,20
15,65,0,24
22,80,1,17
21,70,1,15
19,72,0,35
27,96,0,2
19,77,2,15
26,94,0,4
17,57,0,102
17,69,2,76
25,94,0,5
18,77,0,11
36,320,1,1
23,88,0,13
20,79,0,29
35,319,0,3
32,258,1,2
6,28,0,0
20,40,1,21
23,43,1,4
25,44,0,3
22,41,0,10
26,149,0,1
24,42,1,5
25,146,0,28
22,73,0,12
35,268,0,6
20,32,0,19
28,158,1,1
21,31,0,10
24,141,0,39
30,164,0,2
30,162,0,0
8,49,0,0
9,49,0,0
31,163,0,2
32,163,0,0
8,48,0,0
7,48,0,0
31,162,0,0
34,266,0,0
41,390,0,2
32,260,0,1
21,72,1,8
17,63,2,20
25,141,0,20
29,151,0,0
27,150,0,1
28,148,1,1
28,223,0,1
24,139,2,3
24,147,0,4
26,223,0,0
26,140,1,3
27,226,0,0
28,230,0,0
27,228,0,0
31,223,0,2
29,217,0,7
33,235,0,1
39,347,0,1
30,217,0,2
38,346,0,13
22,82,0,18
18,74,1,10
17,71,1,10
23,83,0,9
20,56,0,21
22,145,0,1
24,171,1,15
25,172,0,19
25,145,0,8
28,151,0,3
37,290,0,4
21,143,0,2
36,289,0,4
22,64,1,4
23,170,0,0
21,63,0,19
26,171,0,12
25,170,0,1
20,144,0,1
19,144,0,0
18,141,0,0
19,141,0,0
20,141,0,1
22,67,0,15
23,68,1,9
30,180,0,2
25,72,0,8
28,169,1,14
24,69,1,4
37,289,0,8
26,160,2,21
25,201,0,2
27,202,0,0
26,162,0,5
24,65,2,7
14,5,9,113
26,172,0,21
40,344,0,0
26,158,0,1
24,155,0,12
40,343,0,4
30,201,0,4
20,59,3,31
27,195,0,10
42,381,0,5
42,380,0,3
23,196,0,2
22,196,0,0
29,202,0,11
18,24,4,58
28,209,0,1
27,208,0,0
24,182,0,1
28,208,0,5
27,206,0,0
28,207,0,13
27,204,0,0
30,186,0,6
29,186,0,17
28,206,0,4
25,69,0,2
28,199,0,8
30,187,0,6
29,185,0,0
27,205,2,5
41,361,0,0
40,361,0,1
28,181,0,3
21,159,0,7
19,154,0,25
25,168,0,5
28,185,0,2
23,166,0,0
22,160,0,3
25,157,1,28
25,159,0,14
39,325,0,3
21,155,1,16
39,324,0,5
29,181,0,3
23,56,1,7
23,59,0,9
21,50,2,10
40,325,0,1
29,187,0,1
25,161,0,2
20,46,2,18
24,156,2,26
22,158,0,3
39,307,1,0
38,307,0,1
24,158,0,10
38,306,0,1
27,167,0,1
25,160,0,17
26,166,0,1
45,443,0,0
24,200,0,3
22,192,0,4
26,202,0,2
19,40,2,40
15,6,3,72
45,444,0,0
20,41,3,17
44,466,0,4
43,466,0,3
31,200,0,1
28,283,0,0
46,467,1,0
28,193,0,7
26,275,0,0
25,275,0,0
35,283,0,1
22,45,0,9
23,50,1,7
22,48,1,11
47,552,0,0
20,47,0,26
46,529,0,1
35,284,0,3
32,275,0,4
45,528,0,1
33,298,0,0
22,57,3,10
35,286,0,2
46,551,0,1
31,290,0,1
15,7,3,74
26,282,0,0
33,282,0,0
22,53,0,9
2,-4,0,0
20,48,3,18
47,575,0,0
21,49,1,22
43,489,0,1
27,211,0,9
44,514,0,2
27,327,0,1
16,153,0,0
25,156,2,32
31,333,0,1
25,158,0,11
33,333,0,0
42,477,0,1
22,43,0,22
26,156,0,28
29,234,0,10
28,232,0,10
34,329,0,1
35,331,0,2
32,326,1,2
46,555,0,1
43,483,0,11
30,234,0,6
44,484,0,1
20,210,0,0
-7,-7,0,0
31,256,0,9
-2,-10,0,0
12,68,0,0
25,210,2,33
3,28,0,0
33,269,0,0
42,420,0,2
21,38,0,11
29,213,0,4
28,211,0,4
28,213,1,9
29,222,0,5
26,165,0,13
29,156,0,1
30,157,0,0
21,76,0,13
31,159,0,0
19,209,0,0
18,208,0,0
20,211,0,0
30,159,0,0
22,212,0,2
23,214,0,0
31,226,0,5
24,215,0,2
22,215,0,0
39,363,1,1
38,363,0,0
35,306,0,3
23,161,0,2
36,306,0,3
24,154,1,10
24,153,1,9
26,157,1,27
24,162,0,3
23,153,0,10
25,153,0,2
26,161,0,2
27,175,0,30
26,174,0,14
27,168,0,2
22,39,1,12
31,186,0,3
29,174,0,8
28,176,1,8
30,185,0,0
19,156,1,2
18,71,0,22
20,84,1,19
23,39,1,6
21,36,1,13
18,66,2,66
29,183,0,12
27,170,0,0
26,170,0,0
38,342,0,1
27,188,0,1
19,28,1,31
27,174,2,4
25,179,0,1
37,341,0,1
20,74,0,11
28,188,1,1
22,44,0,12
23,46,0,11
27,181,0,6
30,193,0,2
22,175,0,4
21,42,0,15
5,23,0,0
32,213,0,1
4,31,0,0
6,32,0,0
1,22,0,0
31,196,0,5
38,360,0,1
4,25,0,0
31,193,0,0
20,51,0,21
18,72,2,78
33,220,1,1
24,195,0,4
29,193,0,7
39,379,0,1
16,63,1,15
32,215,0,3
25,70,0,1
31,215,0,3
17,66,2,146
23,69,1,10
32,201,0,2
30,175,0,4
29,211,0,11
27,139,1,2
29,215,0,5
26,139,0,6
23,195,0,1
36,325,0,0
28,140,0,1
36,326,0,1
30,166,0,2
29,143,0,4
27,142,0,3
20,92,1,38
19,92,4,78
22,62,0,14
24,99,0,3
23,197,0,0
22,97,0,11
22,195,0,0
17,95,0,7
16,94,0,15
23,99,1,8
23,64,0,9
27,121,0,3
16,6,1,23
20,65,1,13
24,198,0,0
23,198,0,0
28,122,0,2
25,99,1,7
16,93,1,13
22,99,2,9
25,202,0,0
30,219,1,8
28,198,1,7
23,60,1,3
15,5,3,47
34,262,0,7
18,95,1,16
19,91,4,52
22,52,0,10
33,262,0,10
23,52,0,5
24,183,0,0
25,185,0,0
26,185,0,0
35,262,0,5
19,97,3,36
25,183,0,1
36,263,0,1
26,98,0,2
22,49,1,15
28,123,0,1
23,148,0,1
27,122,0,0
20,94,1,61
21,97,0,16
34,228,0,1
17,119,0,0
15,119,0,0
22,123,2,39
26,130,0,3
27,126,0,4
26,126,1,3
23,73,1,8
22,122,0,25
31,160,0,3
34,256,0,9
22,124,0,28
29,128,0,2
36,257,0,2
27,145,0,4
28,145,0,4
24,149,0,1
24,148,1,10
27,143,0,1
23,145,0,6
35,272,0,0
29,141,0,2
10,52,0,0
32,176,0,1
24,129,0,6
17,121,0,40
7,46,0,0
23,125,0,11
24,127,0,38
22,130,0,20
23,134,0,1
24,136,2,30
6,46,0,0
22,129,0,5
23,133,0,24
33,240,0,4
35,241,0,2
32,240,0,8
23,65,0,6
24,67,0,5
25,127,0,16
32,169,0,1
27,124,0,6
33,185,0,0
32,185,0,1
23,66,0,8
24,63,0,5
23,61,0,9
33,187,1,2
24,61,0,7
32,187,0,1
23,58,0,12
18,10,0,19
35,256,0,2
24,68,1,6
23,63,0,7
19,12,0,22
30,170,0,7
27,157,0,14
26,169,0,9
24,66,1,5
25,162,0,2
31,187,0,2
25,165,0,6
40,308,0,2
25,154,0,7
23,124,1,20
26,154,0,3
17,13,1,55
36,273,0,3
38,275,0,2
20,28,0,16
39,293,0,0
32,205,0,2
33,205,0,0
32,204,0,1
20,42,1,23
23,132,1,12
20,64,0,19
19,64,1,21
37,291,0,2
24,74,1,5
31,202,0,5
25,132,0,8
26,133,1,9
38,292,0,0
35,291,0,9
23,131,1,8
27,172,1,10
29,242,0,2
20,35,1,16
25,78,0,1
31,248,1,1
30,174,0,0
44,403,0,1
41,402,0,2
132,8385,0,1
26,84,0,5
35,243,0,0
29,214,0,8
30,214,0,16
21,35,0,10
26,210,0,9
44,441,0,1
46,442,0,1
43,441,0,1
25,80,0,0
130,8385,0,9
25,217,0,2
18,20,3,38
146,7836,0,1
126,7626,0,1
125,7626,0,1
22,75,0,6
19,34,1,32
48,485,0,0
23,97,1,9
124,7626,0,12
148,7879,0,0
127,7627,0,1
131,5924,0,1
33,259,0,3
122,5860,0,1
47,464,0,2
20,36,0,24
33,260,0,2
22,89,0,6
24,255,0,1
130,5924,0,0
33,329,0,1
34,337,0,0
109,5672,0,3
32,242,0,1
108,5671,0,4
110,5672,0,3
107,5671,0,19
122,5691,0,1
123,5881,0,0
133,5996,0,0
111,5674,0,0
110,5674,0,1
51,557,0,0
110,4581,0,0
111,4587,0,0
100,4380,1,0
38,357,0,1
32,334,0,1
49,556,0,2
120,4696,0,1
37,328,0,1
52,558,0,1
48,556,0,1
97,4372,0,5
56,668,0,0
22,27,1,3
41,438,0,0
96,4374,0,0
99,4377,0,0
22,95,0,13
95,4371,0,8
36,443,0,0
96,4372,0,3
43,439,0,1
96,4371,0,2
22,90,0,8
23,91,2,7
22,83,0,11
42,467,0,0
109,4391,0,1
38,442,0,1
107,4386,0,0
33,242,0,2
110,4587,0,1
112,4587,0,1
20,30,1,23
94,4371,0,21
108,4546,0,0
106,4383,0,0
110,4546,0,0
124,4806,0,0
98,4374,0,1
97,4374,0,1
102,4003,0,0
104,4003,0,0
44,439,0,0
91,3831,0,0
53,626,0,1
89,3828,0,7
36,437,0,3
41,460,0,1
31,437,0,1
32,439,0,1
118,4263,0,1
35,437,0,2
54,626,0,0
100,3840,0,1
20,20,1,16
20,70,1,27
14,61,0,31
6,33,0,0
35,358,0,0
29,355,0,1
90,3828,0,4
40,355,0,0
90,3829,0,3
91,3829,0,3
27,352,0,0
21,78,1,18
19,17,0,19
99,3840,0,0
20,19,0,6
92,3831,0,2
31,199,0,2
104,4012,0,1
106,4012,0,2
51,542,0,0
107,4015,0,1
29,208,0,8
35,360,0,3
88,3828,0,27
102,3975,0,0
104,3975,0,0
100,3842,0,0
115,4179,0,0
105,3978,0,0
85,3404,0,1
86,3406,0,4
19,18,2,27
110,3754,0,1
49,505,0,1
37,362,0,1
28,304,0,2
26,302,0,0
47,454,0,0
86,3404,0,2
83,3403,0,30
34,325,0,0
33,324,0,0
29,162,0,4
32,322,0,0
95,3417,0,1
30,311,0,1
33,323,0,2
46,454,0,0
85,3403,0,5
84,3403,0,7
108,3703,0,0
85,3406,0,0
36,312,0,1
99,3550,0,2
35,322,0,8
94,3416,0,0
30,309,0,0
29,163,1,3
97,3550,0,1
44,453,0,4
100,3550,0,0
45,453,0,1
100,3553,0,1
43,453,0,3
86,3403,0,1
109,3703,0,0
87,3406,0,1
84,3404,0,0
87,3403,0,0
86,2562,0,0
87,2565,0,1
84,2562,0,0
87,2562,0,0
35,308,0,0
72,2415,1,4
34,306,1,9
88,2565,0,1
96,2715,0,1
36,304,0,1
33,304,0,4
74,2418,0,2
10,0,5,88
82,2429,0,1
73,2415,0,1
99,2793,0,0
36,382,0,0
12,1,3,51
83,2429,0,0
35,381,0,4
75,2418,0,0
85,2565,0,2
49,531,0,0
88,2568,0,1
28,177,0,7
76,2418,0,0
86,2548,0,0
75,2416,0,0
84,2548,0,0
85,2548,0,0
84,2431,0,0
98,2793,0,0
74,2415,0,1
87,2551,0,0
66,2016,0,9
68,2019,0,2
69,2017,0,0
66,2017,0,2
67,2017,0,4
65,2016,0,13
46,514,0,1
39,407,0,1
45,514,0,3
92,2394,0,1
38,382,0,1
48,514,0,2
80,2149,0,1
68,2022,0,1
64,2016,0,35
37,355,0,0
28,146,0,3
36,358,0,1
14,4,2,65
78,2032,0,1
78,2149,0,2
44,487,0,0
79,2149,0,1
81,2152,0,1
38,355,0,1
80,2184,0,0
67,2019,0,0
81,2184,0,0
91,2367,0,0
68,2016,0,1
68,2018,0,1
83,2187,0,0
67,2016,0,1
83,1891,0,1
58,1541,1,3
58,1540,1,5
57,1540,1,14
60,1541,1,0
47,522,0,1
84,1891,0,1
37,353,0,1
49,522,0,1
59,1541,0,3
39,408,0,0
56,1540,0,39
40,408,0,0
70,1556,0,1
49,577,0,0
65,1542,0,1
57,1541,0,0
55,1540,0,0
69,1556,0,0
68,1553,0,0
69,1553,0,0
68,1551,0,0
62,1542,0,1
67,1550,0,0
69,1550,0,0
72,1708,0,2
50,577,0,0
73,1708,0,2
75,1711,0,1
25,181,1,6
48,577,0,0
41,410,0,0
59,1543,0,2
68,1642,0,0
69,1642,0,0
68,1548,0,0
86,1946,0,0
85,1946,0,0
61,1541,0,0
60,1540,0,1
60,1542,0,2
71,1645,0,0
66,1542,0,0
59,1540,0,1
66,1480,0,0
65,1480,0,0
68,1483,0,0
55,1379,0,4
67,1482,0,1
25,110,2,3
63,1380,1,0
57,1378,1,0
40,409,0,1
79,1509,0,1
35,421,0,1
57,1380,0,2
39,409,0,0
64,1380,0,0
46,511,0,2
45,511,0,4
37,414,0,1
83,1784,0,1
82,1784,0,1
38,409,0,0
36,422,0,1
44,511,0,3
55,1378,0,9
62,1379,0,0
80,1513,0,0
81,1513,0,0
80,1512,0,0
39,538,0,1
56,1379,0,1
57,1379,0,0
16,108,1,7
56,1378,0,2
42,531,0,0
63,1379,0,0
14,63,0,11
56,1381,0,2
24,110,1,8
61,1378,0,0
79,1512,0,0
41,536,0,0
69,1485,0,1
60,1378,0,0
59,1378,0,0
58,1378,0,0
58,1379,0,1
65,1386,0,1
66,1482,0,2
49,633,0,1
68,1482,0,1
21,110,1,12
51,633,0,1
70,1485,0,0
48,633,0,2
64,1385,0,0
87,1906,0,0
86,1906,0,0
59,1380,0,0
58,1388,0,0
79,1460,0,0
80,1463,0,0
52,1326,1,39
63,1333,1,0
81,1463,0,1
54,1326,0,7
53,1326,0,16
42,544,0,1
42,536,0,2
86,1854,0,1
40,530,0,1
85,1854,0,1
41,529,0,1
40,544,0,1
31,408,0,1
36,408,0,0
37,409,0,0
69,1433,0,1
61,1332,0,0
60,1332,0,0
58,1329,0,0
58,1328,0,1
55,1326,0,4
59,1330,0,0
80,1459,0,0
57,1329,0,0
55,1328,0,0
60,1330,0,0
54,1328,0,0
51,1325,0,0
65,1430,0,2
66,1430,0,1
67,1430,0,1
79,1457,0,0
48,512,0,1
68,1433,0,0
20,105,1,26
36,407,0,1
55,1327,0,3
54,1327,0,4
82,1732,0,0
55,1329,0,1
81,1732,0,0
56,1329,0,1
57,1336,0,1
56,1328,0,1
56,1327,0,0
56,1180,0,1
3,-3,0,0
64,1280,0,0
63,1280,1,1
52,1176,0,4
23,41,1,6
40,423,0,1
79,1582,0,1
37,410,0,2
78,1582,0,1
37,408,0,1
37,411,0,2
37,428,0,1
45,431,0,0
34,347,0,0
35,349,0,0
35,333,0,0
76,1307,0,1
34,327,0,0
34,348,0,0
23,40,0,2
22,40,0,11
34,330,0,1
35,341,0,2
62,1280,0,2
77,1308,0,0
46,433,0,0
65,1283,0,1
35,356,0,2
64,1311,0,0
66,1311,0,0
47,1175,0,0
76,1501,0,0
79,1339,0,0
75,1501,0,0
56,1179,0,1
53,1177,0,1
67,1314,0,0
54,1180,0,0
61,1081,1,1
74,1109,0,0
59,1081,0,2
62,1084,0,1
36,335,0,0
51,949,0,0
48,947,0,5
24,39,1,5
25,39,0,6
73,1107,0,1
26,39,0,3
22,33,0,13
24,34,1,5
44,461,0,4
35,334,0,1
71,1271,0,1
70,1271,0,1
33,326,0,1
48,464,0,1
21,33,0,22
38,394,0,0
39,394,0,0
55,961,0,1
34,394,0,0
19,19,1,21
49,948,0,0
37,393,0,0
-6,-11,0,0
58,1079,0,2
60,1079,0,1
50,517,0,0
61,1082,0,1
73,1324,0,0
37,382,0,1
43,946,0,0
44,947,0,0
53,954,0,1
56,1048,0,0
58,1048,0,0
50,950,0,2
74,1324,0,1
71,1076,0,0
72,1324,0,1
50,948,0,2
51,950,0,3
49,949,0,3
59,1051,0,0
49,950,0,3
72,1078,0,1
71,1077,0,0
72,1077,0,0
37,389,0,2
44,483,0,10
48,486,0,1
36,394,0,1
35,395,0,1
71,1074,0,0
38,468,0,1
39,471,0,1
70,1073,0,0
53,955,0,0
55,962,0,0
69,1073,0,0
40,472,0,0
57,1050,0,2
47,570,0,0
59,1050,0,2
68,1072,0,0
51,573,0,0
60,1053,0,1
70,1103,0,0
71,1103,0,0
52,953,0,1
51,953,0,0
77,1411,0,1
75,1411,0,1
49,947,0,0
53,961,0,0
39,470,0,1
72,1104,0,0
40,470,0,0
71,1099,0,0
70,1096,0,0
71,1097,0,0
78,1412,0,0
40,469,0,2
53,604,0,1
38,482,0,1
72,1098,0,1
71,1098,0,0
26,142,1,8
47,439,0,0
52,961,0,1
60,1081,0,0
35,312,0,2
32,303,1,1
51,951,0,0
70,1097,0,0
48,440,0,1
72,1247,0,0
52,951,0,0
42,945,0,0
48,952,0,0
69,1246,0,0
51,958,0,0
50,949,0,0
66,931,0,0
57,915,0,0
67,931,0,0
55,915,0,0
58,918,0,0
66,929,0,0
48,785,0,1
44,782,0,1
64,922,0,1
57,916,0,1
68,1081,0,1
65,1080,0,1
32,317,0,2
46,784,0,1
56,914,0,0
47,792,0,1
54,913,0,2
56,913,0,1
63,920,0,0
47,438,0,0
57,914,0,0
43,780,0,4
47,784,0,1
44,780,0,0
49,786,0,0
52,882,0,0
54,882,0,0
61,889,0,0
55,883,0,0
60,850,0,0
53,843,0,0
61,850,0,0
51,843,0,0
54,844,0,0
62,852,0,0
63,853,0,0
62,853,0,0
44,742,0,2
61,851,0,0
62,851,0,0
67,1042,1,0
55,846,0,1
41,405,0,10
65,1041,0,0
64,1041,0,1
45,407,0,1
44,407,0,2
43,742,0,1
48,747,0,1
54,845,0,2
45,743,0,1
58,759,0,0
49,750,0,0
52,845,0,2
55,845,0,0
61,849,0,1
45,409,0,2
48,749,0,0
55,893,0,0
57,893,0,0
58,893,0,0
57,758,0,0
64,897,0,0
44,746,0,0
58,828,0,0
51,680,0,2
33,303,0,2
58,684,0,1
49,680,0,2
50,680,0,0
52,680,0,1
59,684,0,0
48,457,0,1
48,632,0,0
34,316,0,1
57,828,0,1
32,301,0,1
51,545,0,1
46,632,0,0
47,632,0,0
49,632,0,0
50,545,0,0
56,636,0,0
35,310,0,1
54,735,0,1
33,301,0,0
28,220,1,8
29,221,0,2
25,113,0,3
-3,-15,0,0
-2,-15,0,0
0,-14,0,0
-3,-17,0,0
21,212,0,0
29,223,0,1
21,39,3,21
19,211,0,0
47,452,0,1
29,434,0,0
48,452,0,0
25,59,0,4
43,539,0,2
37,315,0,8
44,539,0,2
46,539,0,1
53,543,0,1
41,319,0,0
35,435,0,3
39,443,0,2
46,587,0,2
47,587,0,2
49,587,0,1
49,454,0,1
56,591,0,0
50,645,0,1
36,450,0,1
32,222,0,0
29,233,0,4
40,444,0,0
33,225,0,2
40,363,0,4
31,211,0,11
44,367,0,1
34,225,0,1
31,235,0,1
55,590,0,1
56,590,0,0
24,59,0,4
25,60,0,3
48,453,0,0
24,56,0,4
23,49,0,5
57,593,0,0
43,366,0,0
32,212,0,1
39,444,0,0
30,222,0,1
45,570,0,0
46,570,0,0
48,570,0,0
47,453,0,0
56,576,0,0
40,366,0,0
48,372,0,0
37,366,0,2
33,223,0,0
49,373,0,1
33,227,0,1
39,346,1,7
30,220,0,3
42,441,0,1
42,349,0,1
33,237,0,6
35,249,0,1
31,238,0,3
28,246,0,4
34,248,0,1
32,233,0,1
39,249,0,1
38,247,0,0
40,367,0,10
20,34,4,18
37,247,0,0
31,236,0,1
18,31,2,64
41,367,0,4
43,370,0,0
32,243,0,0
38,249,0,0
39,384,1,4
41,384,0,4
37,245,0,0
50,390,0,0
43,462,0,0
51,412,0,0
40,406,0,9
33,233,0,1
23,233,0,1
33,244,0,10
34,234,0,0
44,387,0,2
38,364,0,0
50,411,0,1
49,411,0,0
21,30,0,15
19,25,0,33
29,55,0,2
38,267,0,1
30,56,0,0
47,504,0,0
42,405,0,2
49,410,0,0
50,510,0,0
39,354,0,0
42,423,0,0
43,423,0,0
40,268,0,1
50,428,0,0
30,57,0,1
52,475,0,1
31,57,0,1
48,522,0,1
51,651,0,1
38,353,0,1
51,528,0,1
42,378,0,1
37,297,0,2
35,292,0,0
51,475,0,0
39,303,0,1
36,292,0,0
34,305,0,4
23,44,0,7
26,47,0,5
35,288,0,2
23,42,0,8
26,43,0,1
28,44,0,0
25,41,0,4
45,470,0,1
40,304,0,0
5,24,0,0
29,53,0,0
28,50,0,1
27,49,0,1
44,470,0,2
29,51,0,2
34,303,0,0
11,0,2,25
51,473,0,0
35,304,0,0
42,470,0,2
45,447,0,2
43,470,0,0
50,472,0,0
28,49,0,0
41,452,0,0
42,452,0,0
43,452,0,0
42,315,0,1
48,576,0,0
47,407,0,0
28,51,0,2
48,408,1,0
47,435,0,1
47,408,0,0
26,44,0,7
39,300,0,1
27,44,0,3
44,429,0,3
35,277,0,1
46,435,0,0
38,299,0,0
33,295,0,1
27,461,0,0
41,473,0,0
28,48,0,0
40,473,1,0
39,473,0,0
29,464,0,0
40,484,0,0
46,408,0,0
27,47,0,0
23,47,0,7
45,408,0,0
39,267,0,0
44,408,0,1
43,408,0,0
38,266,0,0
41,406,0,11
51,618,0,1
53,624,0,1
26,46,0,1
27,46,1,3
25,255,0,3
45,531,0,2
27,51,0,1
45,488,0,0
46,488,0,1
58,843,0,1
41,466,0,1
44,481,0,1
39,479,0,1
46,530,0,3
28,52,0,3
43,451,0,0
40,436,0,0
50,588,0,0
28,54,0,1
42,448,0,0
44,530,0,2
45,530,0,1
52,594,0,1
43,391,0,2
57,813,0,0
39,436,0,1
29,56,0,2
41,445,0,1
28,56,0,1
58,841,0,1
38,435,0,0
40,445,0,0
51,565,0,0
44,419,0,1
26,49,0,5
28,160,1,3
27,50,0,3
26,50,0,1
39,416,0,0
45,419,0,0
43,418,0,0
19,22,2,16
40,415,0,1
25,50,0,3
-5,-8,0,0
43,416,0,0
45,417,0,0
26,155,0,4
45,558,0,2
48,558,0,1
46,558,0,2
51,562,0,0
36,420,0,0
44,415,0,0
42,510,0,5
45,510,0,0
42,410,0,1
57,812,0,1
44,510,0,0
46,512,0,1
26,53,0,2
25,52,1,4
25,121,2,16
27,207,0,20
51,515,0,1
50,515,0,0
37,406,0,1
36,406,0,1
39,417,0,1
24,108,0,7
47,512,0,0
28,407,0,0
25,46,0,6
24,45,0,9
27,407,0,0
25,45,0,2
43,511,0,2
49,515,0,0
23,110,1,10
26,45,1,2
22,121,0,19
44,526,0,9
47,526,0,1
45,526,0,4
43,412,0,2
50,530,0,0
54,620,0,0
53,619,0,1
54,619,0,0
52,619,0,1
25,37,0,5
46,526,0,1
60,902,0,1
35,406,0,0
47,527,0,3
37,438,0,0
39,442,0,0
36,435,0,1
24,125,0,6
36,440,0,0
26,124,0,11
15,120,0,0
24,35,0,5
34,445,0,0
48,505,0,0
47,616,0,2
47,555,0,0
48,616,0,3
38,498,0,1
39,498,0,0
51,632,0,0
39,500,0,1
54,636,0,0
61,931,0,0
55,668,0,0
50,539,1,0
50,664,0,3
40,448,0,1
62,963,0,1
49,572,0,2
55,666,0,0
49,539,0,0
48,539,0,0
47,539,0,0
45,536,0,0
43,535,0,0
45,487,0,0
49,664,0,2
47,488,0,1
52,664,0,1
47,490,0,1
51,665,0,0
59,879,0,0
17,78,5,131
33,351,0,1
42,370,0,2
50,516,0,1
28,231,0,2
27,231,0,1
42,368,0,1
47,514,0,1
47,515,0,0
41,368,0,1
43,498,0,0
46,498,0,0
44,498,0,1
48,499,0,0
49,609,0,0
46,499,0,0
49,527,0,0
21,230,0,0
50,528,0,0
41,352,0,4
29,231,0,6
39,351,0,6
40,352,0,1
18,15,0,38
40,374,0,0
34,265,0,1
33,265,0,2
42,374,0,2
51,530,0,1
42,375,0,0
30,253,0,5
46,559,0,0
49,559,0,0
47,559,0,0
53,563,0,0
49,560,0,0
52,535,0,1
17,10,1,31
31,253,0,1
43,407,0,4
33,378,0,0
19,11,0,12
18,11,2,24
55,622,0,0
48,618,0,0
51,619,0,0
19,13,2,19
32,282,0,0
29,276,0,3
18,12,0,24
20,12,0,3
36,283,0,3
48,617,0,1
54,621,0,1
17,151,0,0
20,152,0,0
19,152,0,0
36,284,0,0
20,155,1,1
47,617,0,2
50,617,0,1
45,430,0,2
44,430,1,0
48,584,0,0
52,587,0,0
48,585,0,0
26,280,0,0
18,9,1,15
17,9,2,18
16,7,4,31
17,7,2,15
43,397,1,0
49,500,0,1
50,500,0,0
42,396,0,2
32,276,0,1
42,397,0,2
48,500,0,0
4,-4,0,0
6,-3,0,0
7,-1,0,0
5,-2,0,0
6,-2,0,0
4,-3,0,0
49,501,0,1
19,124,0,8
21,130,0,25
42,497,0,4
45,497,0,1
24,122,0,11
45,498,0,2
43,354,0,1
42,354,0,0
43,356,0,0
42,356,0,0
44,356,0,0
48,510,0,2
37,333,0,0
39,336,0,1
34,331,0,0
33,327,0,0
-2,8,0,0
42,355,0,1
24,50,1,4
36,350,0,3
43,445,0,1
39,350,0,1
23,121,1,52
25,126,0,4
43,355,0,0
38,350,0,0
30,333,0,0
34,238,0,3
50,559,0,0
36,333,0,0
41,395,0,0
45,400,0,0
37,335,0,1
52,604,0,1
32,325,0,3
34,328,0,1
24,124,0,6
37,334,0,0
36,334,0,0
19,24,0,23
38,395,0,3
44,445,0,1
46,401,0,1
33,325,0,0
37,285,0,0
34,332,0,1
47,425,0,1
36,332,0,1
53,628,0,1
23,300,0,0
51,579,0,0
37,308,0,1
34,285,0,0
36,308,0,1
40,419,0,7
48,425,0,0
31,301,0,4
37,311,0,1
46,396,0,0
21,96,0,10
21,93,0,27
22,93,0,20
28,197,0,6
29,197,0,3
27,200,0,4
26,190,0,2
2,-11,0,0
3,-11,0,0
5,-10,0,0
2,-13,0,0
21,92,0,12
21,94,3,28
26,199,0,5
25,198,0,3
20,91,2,82
21,91,0,32
29,194,0,4
22,92,0,11
23,92,0,10
22,98,1,11
45,394,0,1
19,96,0,12
15,92,0,49
35,354,0,0
39,314,0,0
47,491,0,0
42,358,0,0
33,302,0,1
35,353,0,0
30,199,0,7
32,199,0,3
44,409,0,2
43,409,0,0
27,190,1,2
34,245,0,4
49,542,0,1
35,265,0,0
41,365,0,1
27,218,0,3
36,405,0,6
37,405,0,4
38,416,0,0
41,321,0,0
42,321,0,0
41,320,0,1
42,320,0,0
40,320,0,0
33,318,1,2
35,276,1,13
46,464,0,1
29,216,0,12
34,276,0,10
25,190,1,8
28,196,0,10
25,259,0,0
32,203,0,1
22,35,0,8
23,35,1,4
24,36,1,1
23,36,0,9
26,37,0,4
28,40,0,1
30,41,0,0
24,38,1,2
21,253,0,0
20,253,0,0
22,76,0,15
21,44,0,13
36,265,0,2
29,199,0,3
-5,-7,0,0
37,268,0,0
36,268,0,1
21,252,0,0
31,275,0,0
39,277,0,0
33,276,0,8
21,24,0,9
22,46,1,14
39,275,0,0
43,401,0,2
41,400,1,3
44,421,0,0
33,224,0,0
30,273,0,2
39,276,0,0
32,274,0,1
43,420,0,1
33,216,0,1
40,319,0,0
39,319,0,0
31,214,0,7
40,321,0,1
32,220,0,2
35,259,0,2
29,228,0,1
35,264,0,1
21,68,0,29
27,268,0,0
26,268,0,0
35,267,0,1
29,271,0,0
25,265,0,0
27,189,0,7
26,187,0,0
24,265,0,0
23,71,1,7
24,72,2,12
29,178,0,1
22,72,0,12
27,177,0,7
42,323,0,1
23,265,0,0
18,250,0,0
34,341,0,2
44,348,0,1
36,266,0,0
24,37,0,3
23,101,0,5
22,36,0,3
27,183,0,7
26,182,0,10
37,266,0,1
30,177,0,3
23,102,0,17
17,171,0,0
30,182,0,4
26,173,0,11
31,179,0,1
28,147,0,3
-3,-8,0,0
29,147,0,0
37,263,0,1
26,41,0,2
25,36,0,1
30,148,0,1
31,227,0,6
38,264,0,1
25,105,1,6
23,119,1,2
20,29,0,17
36,355,0,0
34,260,0,2
42,389,0,2
45,362,0,0
39,264,0,0
44,436,0,0
29,146,0,0
47,409,0,0
46,407,0,1
41,311,0,1
29,144,0,1
41,309,0,0
23,109,2,9
27,120,0,3
26,120,0,2
20,27,1,10
24,112,0,9
40,307,0,1
27,129,0,3
38,402,0,2
24,134,0,2
22,135,0,16
26,27,0,4
27,27,0,0
37,402,0,2
24,116,1,5
31,225,0,5
25,24,0,0
24,24,1,3
43,358,0,0
34,352,0,0
41,308,0,0
35,403,0,0
36,403,0,1
45,411,0,0
44,410,0,0
45,410,0,0
23,72,0,12
46,412,0,0
45,412,0,0
25,128,0,2
23,24,0,3
46,414,0,0
44,471,0,6
28,128,0,1
43,359,0,1
32,198,0,2
23,23,1,3
38,356,0,0
21,19,0,7
37,356,0,0
36,354,0,0
21,67,0,15
47,416,0,1
31,198,0,2
37,357,0,0
51,466,0,0
42,359,0,1
49,415,0,0
36,337,0,1
50,418,0,1
51,419,0,0
28,118,0,4
37,295,0,6
24,41,1,11
26,117,0,6
28,159,0,2
22,26,0,9
27,158,2,2
23,26,0,1
23,162,0,2
21,26,0,4
27,113,0,3
25,163,0,7
25,108,0,4
26,108,0,4
38,404,0,5
35,258,0,5
24,113,0,7
51,420,0,0
34,258,0,4
34,322,0,0
37,309,0,3
38,428,1,0
25,43,0,2
44,416,0,1
45,416,0,0
24,43,0,3
43,410,0,0
34,182,0,1
27,260,0,0
26,260,0,0
24,26,0,3
40,358,0,2
42,409,0,0
25,27,0,2
26,30,0,0
27,30,0,1
25,30,0,1
55,526,0,1
41,415,0,1
40,414,0,0
54,523,0,0
32,161,0,1
41,416,0,0
41,409,0,0
41,482,0,0
53,495,0,0
26,258,0,1
25,26,1,1
38,381,1,1
54,496,0,1
34,393,0,1
20,22,1,5
55,498,0,0
54,498,0,0
20,18,1,15
22,19,0,6
24,20,0,2
25,20,0,1
18,17,2,34
43,456,0,1
40,388,0,2
39,386,0,0
38,384,0,0
44,456,0,2
31,157,0,2
39,385,0,0
50,394,0,0
34,280,0,0
21,41,0,14
30,356,0,1
52,627,0,1
24,325,0,0
23,325,0,0
35,280,0,1
18,111,0,5
17,111,0,0
22,325,0,0
21,105,0,12
49,393,0,1
29,148,1,1
28,285,0,1
39,411,0,0
51,601,0,0
51,424,0,0
36,345,0,0
48,358,0,0
37,345,0,0
48,535,0,1
24,217,0,0
25,218,0,0
33,214,0,1
32,214,0,3
24,218,0,0
33,179,0,0
23,218,0,0
49,359,0,1
24,219,0,0
23,217,0,1
34,216,0,0
32,178,0,1
35,217,0,0
36,218,0,0
33,219,0,2
37,346,0,4
50,361,0,0
32,219,0,2
51,378,0,0
31,177,0,2
49,339,0,0
31,231,0,8
38,277,0,1
25,236,0,2
43,402,0,0
33,195,0,1
50,342,0,1
32,235,0,3
36,324,0,7
34,204,0,0
29,180,0,4
48,322,0,0
39,286,0,1
46,462,0,1
40,346,0,3
31,240,0,0
20,23,2,13
38,265,0,0
51,382,0,1
52,382,0,0
30,213,0,3
22,232,0,0
31,213,0,3
28,143,1,0
52,385,0,0
34,191,0,0
41,346,0,1
21,232,0,0
37,351,0,5
45,441,0,0
51,369,0,0
52,391,0,1
39,330,0,3
39,269,0,1
40,330,0,3
46,463,0,1
37,330,0,8
41,351,0,1
31,234,0,0
27,127,0,3
33,175,0,1
47,484,0,0
34,261,0,2
28,131,0,0
34,175,0,0
40,290,0,0
4,27,0,0
6,27,0,0
51,389,0,0
19,229,0,0
29,132,0,1
29,133,0,0
29,253,0,4
49,485,0,1
50,388,0,0
35,261,0,0
39,281,0,1
56,541,0,0
55,539,1,0
53,538,0,0
27,48,0,2
40,284,0,1
55,638,0,1
42,352,0,1
38,351,0,8
52,538,0,0
28,133,0,6
51,538,0,0
33,166,0,1
36,206,0,0
47,532,0,0
51,560,0,0
36,191,0,0
23,135,1,6
31,151,0,0
38,274,0,1
41,424,0,0
45,542,0,0
39,413,0,1
50,560,0,0
41,414,0,1
47,601,0,0
27,45,0,1
27,43,0,2
35,188,0,1
28,167,0,1
38,289,0,2
39,290,0,2
26,168,0,7
27,41,0,4
43,475,0,0
44,475,0,0
22,143,0,3
25,34,0,4
26,134,0,7
32,167,0,1
33,155,0,0
44,476,0,0
25,35,1,1
27,136,0,0
36,256,0,0
47,600,0,2
46,600,0,4
31,161,0,1
35,235,0,1
51,674,0,0
50,674,0,0
44,477,0,1
50,586,0,0
37,465,0,2
32,149,0,0
50,644,1,1
42,453,0,4
41,331,0,3
26,128,1,8
38,330,0,5
42,446,1,2
34,231,0,0
43,449,0,0
52,607,0,0
42,447,0,8
35,232,0,0
27,187,0,1
49,644,0,4
28,225,0,1
43,381,0,1
34,227,0,0
44,382,0,0
41,381,0,5
38,446,0,0
48,624,0,3
49,624,0,0
51,607,0,0
36,436,0,0
35,442,0,0
49,654,0,0
50,654,0,0
25,40,0,4
29,179,0,1
43,477,0,1
20,173,0,0
26,42,0,4
32,189,0,2
30,176,0,5
23,179,0,0
43,362,0,2
27,173,0,7
31,195,0,1
32,196,0,2
42,476,0,0
53,656,0,0
17,11,4,34
33,207,0,1
44,381,0,0
34,207,0,0
33,208,0,0
33,203,0,0
49,652,0,2
34,203,0,0
45,382,0,0
38,467,0,0
49,672,0,0
50,672,0,0
52,655,0,0
47,613,0,0
48,613,0,0
28,46,0,1
29,46,0,0
33,200,0,1
38,417,1,0
39,424,0,1
40,417,0,0
29,212,0,3
46,402,0,1
29,192,0,4
32,164,0,1
21,158,0,1
34,167,0,0
35,169,0,1
22,23,1,3
42,418,0,1
34,169,0,1
35,170,0,1
-1,10,0,0
30,167,0,0
-4,7,0,0
32,170,0,1
33,174,0,0
43,419,0,0
-5,4,0,0
48,615,0,3
49,615,0,3
36,227,0,0
44,365,0,0
46,576,0,0
47,576,0,0
29,165,0,1
28,183,0,19
25,155,0,6
31,171,0,3
32,172,0,1
42,326,0,3
29,124,0,1
23,89,0,7
34,188,0,1
18,84,1,42
28,187,0,2
29,127,0,1
23,117,0,2
38,312,0,1
15,4,0,37
35,305,0,2
28,121,0,0
18,83,0,22
19,86,1,9
37,310,0,2
14,104,0,0
43,471,0,6
49,473,0,1
36,197,0,0
39,278,0,0
26,303,0,0
44,454,0,1
48,455,0,1
32,321,0,2
19,14,0,13
30,132,0,2
19,115,0,7
33,258,0,8
38,260,0,1
23,108,0,16
37,246,0,0
25,106,1,3
35,179,0,1
34,178,0,0
29,118,0,0
27,111,0,5
20,16,0,9
31,300,0,1
20,98,1,12
35,303,0,0
34,302,0,0
23,93,1,7
33,178,0,0
44,490,0,0
40,391,0,2
50,492,0,0
28,117,0,0
26,110,0,8
28,113,2,0
13,59,4,8
49,468,0,1
27,117,0,1
18,101,0,14
20,97,0,27
19,98,0,11
39,283,0,1
20,96,0,13
38,270,0,0
27,192,1,10
48,467,0,0
47,467,0,0
48,468,0,0
10,53,0,0
35,215,0,2
19,15,0,20
34,215,0,1
26,104,1,2
11,57,0,0
36,286,0,0
45,467,0,1
49,469,0,0
33,210,0,0
40,275,0,0
34,268,0,6
40,412,0,0
42,413,0,0
38,354,0,0
46,415,0,0
30,291,0,2
15,81,0,23
37,221,0,1
31,254,0,1
24,98,0,8
17,88,0,18
19,88,1,25
37,331,0,1
36,221,0,0
21,81,1,37
17,82,0,34
28,266,0,0
5,-3,0,0
24,257,0,0
23,257,0,0
30,156,0,1
23,86,0,3
-6,1,0,0
-7,1,0,0
22,256,0,0
-2,9,0,0
31,156,0,0
24,86,0,7
39,389,0,2
45,392,0,1
35,209,0,1
22,68,0,13
21,256,0,0
25,86,0,3
32,257,0,3
43,425,0,0
35,260,0,2
36,319,0,1
47,427,0,0
23,81,0,13
44,448,0,4
16,76,2,14
37,244,0,2
21,71,0,22
23,75,0,6
28,182,0,10
32,278,0,2
37,332,0,0
48,450,0,1
36,233,0,0
45,450,0,0
45,466,0,1
38,332,0,2
46,469,0,0
23,70,1,5
48,446,0,1
49,447,0,0
23,22,0,5
45,446,0,1
22,71,0,19
37,252,0,1
44,444,0,1
24,23,0,0
25,28,0,2
26,28,0,2
40,345,0,1
27,29,0,0
28,32,0,0
32,206,0,1
25,107,2,4
29,34,0,0
28,33,0,1
49,448,0,1
50,448,0,0
29,35,0,0
30,36,0,0
17,8,1,13
42,443,0,2
31,206,0,0
40,288,0,0
46,449,0,0
29,169,0,8
23,38,0,6
38,251,0,0
39,344,0,3
47,411,0,1
44,412,0,1
25,42,0,1
23,98,2,12
25,96,1,5
24,96,0,8
26,101,1,1
27,102,1,2
24,103,0,3
23,100,0,17
37,251,0,1
26,102,0,3
23,94,0,7
39,280,0,0
27,131,0,4
26,132,1,9
28,162,0,2
16,88,0,1
17,90,0,2
29,131,1,0
30,131,0,0
24,44,0,4
30,169,0,0
28,157,0,5
25,131,0,3
46,411,0,0
41,373,0,5
44,378,0,0
30,270,0,0
42,379,0,0
27,132,0,0
27,134,0,7
40,296,0,1
36,244,0,1
1,18,0,0
-2,15,0,0
-3,14,0,0
-2,13,0,0
-1,13,0,0
-3,12,0,0
-4,12,0,0
34,291,0,7
41,297,0,0
37,275,0,0
38,297,0,1
40,282,0,0
26,188,0,2
23,57,3,9
41,363,0,1
39,321,0,2
3,27,0,0
2,25,0,0
3,25,0,0
0,22,0,0
-1,22,0,0
35,315,0,2
25,115,1,7
43,322,0,1
39,317,0,0
38,318,0,0
30,216,0,12
41,295,1,0
28,227,0,1
39,256,0,1
31,249,0,4
40,256,0,1
28,212,1,4
15,73,1,18
16,75,1,6
25,171,1,5
16,77,0,7
20,88,2,11
19,79,0,52
39,250,0,1
39,255,0,1
38,311,0,0
35,252,0,1
41,277,0,0
41,282,0,0
37,279,0,0
35,244,0,1
40,338,0,1
39,242,0,1
21,229,0,0
38,242,0,0
39,247,0,1
39,337,0,1
23,152,0,0
35,203,0,0
36,208,0,0
22,147,0,0
21,146,0,4
31,203,0,3
34,297,0,3
35,298,0,1
36,298,0,2
37,298,0,0
36,192,0,0
35,191,0,0
24,131,2,7
34,189,0,0
34,187,0,1
35,189,0,1
40,331,0,1
36,201,0,0
19,78,0,23
37,201,0,1
19,125,0,2
35,199,0,1
20,78,1,10
18,78,0,36
37,202,0,0
14,120,0,0
38,204,0,1
20,130,0,9
39,204,0,0
36,225,0,0
41,231,0,0
21,131,0,2
33,226,0,0
46,321,0,0
45,321,0,0
44,320,0,0
45,320,0,0
46,322,0,0
47,322,0,0
47,324,0,0
46,421,0,1
40,316,0,1
20,49,0,18
24,111,0,12
46,323,0,1
22,108,0,7
41,315,0,2
45,323,0,1
26,221,0,2
47,463,0,2
44,322,0,0
27,119,0,2
17,75,2,10
38,315,0,2
44,321,0,0
41,358,0,1
43,346,0,1
46,352,0,0
47,444,0,0
45,332,0,0
27,141,0,4
48,444,0,1
41,332,0,1
47,443,0,0
43,389,0,1
21,196,0,0
27,191,0,5
46,333,0,1
39,326,0,1
25,147,0,4
48,466,0,0
42,287,0,0
14,90,0,0
22,102,0,35
41,392,0,1
53,576,0,1
22,100,0,34
21,99,0,27
41,391,0,1
47,397,0,1
38,301,0,1
44,420,0,1
51,511,0,0
49,426,0,0
51,477,0,0
34,217,1,0
31,216,0,2
50,475,0,1
32,217,0,1
53,562,0,1
31,217,0,4
51,523,0,0
46,471,0,1
49,474,0,0
38,291,0,0
42,456,0,0
50,522,0,0
48,459,0,0
45,384,0,2
23,29,0,12
22,29,0,11
46,385,0,0
45,385,0,0
23,32,0,4
37,276,0,1
24,33,0,4
51,529,0,0
47,388,0,0
48,388,0,0
49,389,0,0
48,389,0,0
50,529,0,0
49,413,0,0
48,412,0,0
26,35,0,3
49,414,0,0
51,553,0,1
43,361,0,2
30,233,0,4
19,112,1,2
27,39,0,1
26,38,1,2
24,31,0,2
25,31,0,5
48,413,0,1
50,531,0,0
43,405,0,0
47,412,0,0
42,339,0,0
34,253,0,0
51,531,0,0
48,427,0,0
31,233,0,2
33,253,0,0
32,232,0,0
47,403,0,0
46,403,1,0
50,507,0,1
44,402,0,0
45,402,0,1
47,402,0,0
51,507,0,1
44,399,0,0
52,508,0,0
31,232,0,2
32,252,0,2
31,252,0,1
43,399,0,0
12,59,0,5
27,42,0,0
40,398,0,0
39,398,0,0
43,396,0,1
42,333,0,1
51,487,0,2
23,278,0,0
24,278,0,0
32,297,0,1
37,292,0,2
46,447,0,0
28,42,1,3
27,37,0,2
32,231,0,4
29,201,0,0
26,181,0,8
34,286,0,2
29,182,0,5
27,31,0,0
46,448,0,1
44,364,0,0
41,429,0,3
50,467,0,0
28,34,0,0
29,37,0,1
28,37,0,2
33,211,0,5
46,381,0,1
40,380,0,4
32,208,0,1
29,39,0,0
28,39,0,1
29,42,0,1
30,42,0,1
32,224,0,0
44,366,0,0
31,218,0,2
21,192,0,0
41,344,0,1
19,187,0,0
19,191,0,0
38,361,0,0
42,362,0,0
47,401,0,0
18,189,0,0
40,362,0,0
31,42,0,2
32,46,0,0
33,46,0,0
34,47,0,0
32,47,0,1
31,43,0,0
35,282,0,0
36,310,0,2
34,299,0,0
40,342,0,0
42,345,0,0
35,299,0,0
34,298,0,1
31,175,0,3
40,324,0,0
41,327,0,1
44,406,0,1
29,40,0,1
30,48,0,0
29,270,0,0
46,409,0,1
21,157,0,3
34,264,0,0
53,530,0,0
42,407,0,0
37,260,0,0
31,50,0,1
52,507,0,1
34,235,0,0
10,48,0,0
28,242,0,0
32,52,0,0
30,47,0,0
33,238,0,1
33,275,0,1
36,261,0,1
45,387,0,0
51,485,0,1
27,40,0,4
50,484,0,0
30,244,0,2
44,370,0,1
28,43,0,0
49,463,0,1
29,45,0,0
22,69,0,9
43,349,0,1
28,41,0,1
50,463,0,0
30,228,0,1
37,372,0,3
39,261,0,0
32,236,1,0
38,261,0,0
38,268,0,0
30,232,1,2
27,262,0,1
44,506,0,0
48,507,0,0
34,244,0,3
45,462,0,1
32,234,0,0
44,462,0,2
1,14,0,0
40,292,0,1
42,297,0,0
2,13,0,0
41,296,0,0
50,486,0,0
43,504,0,6
45,505,0,1
27,281,0,0
48,527,0,1
40,298,0,1
46,527,0,1
28,222,0,4
46,444,0,0
22,276,0,0
45,549,0,0
49,550,0,0
52,625,0,0
36,356,0,1
51,541,0,1
46,466,0,1
43,373,0,1
33,280,0,0
42,373,0,0
47,486,0,0
43,374,0,0
44,375,0,0
52,561,0,0
32,216,0,0
21,209,0,0
47,535,0,2
44,532,0,3
47,533,0,1
40,458,0,0
43,459,0,0
52,556,0,0
36,305,0,0
19,16,0,24
45,316,0,1
44,314,0,0
34,201,0,1
36,195,0,1
42,312,0,1
35,195,0,0
34,192,0,0
35,193,0,0
33,184,1,0
35,184,0,0
41,312,0,0
27,35,0,2
26,34,0,0
27,34,0,1
30,194,0,1
35,295,0,9
34,185,0,0
26,33,0,0
25,29,0,2
38,279,0,0
31,182,0,1
24,28,0,4
35,263,0,1
42,343,0,0
32,188,0,1
35,228,0,1
26,29,0,1
32,229,0,1
28,179,0,2
30,153,0,2
24,29,1,5
23,28,0,4
16,5,3,18
14,92,0,0
24,104,1,10
25,104,1,6
38,282,0,0
29,152,0,2
30,192,0,1
40,311,0,1
41,326,0,0
38,310,0,2
27,133,0,2
22,28,1,8
42,346,0,0
23,30,0,3
41,330,0,1
28,136,0,2
18,125,0,1
20,128,0,1
24,32,0,1
21,128,0,1
35,290,0,0
31,291,0,0
27,130,1,3
36,241,0,1
33,255,0,1
24,132,0,21
29,137,0,1
33,279,0,0
31,146,1,1
34,279,1,0
30,146,0,3
44,413,0,1
35,279,0,1
22,30,0,3
38,273,0,1
41,347,0,0
34,271,0,1
29,150,0,1
37,272,0,0
20,17,0,13
31,154,0,0
34,243,0,2
30,223,0,1
32,211,1,6
43,400,0,3
34,208,0,2
25,114,0,4
38,295,0,1
40,337,0,2
24,118,0,3
33,294,0,6
40,297,0,0
38,238,0,0
35,240,0,2
34,240,0,1
39,323,0,1
34,241,0,4
23,104,0,7
26,105,0,4
37,219,0,2
36,219,0,0
27,106,0,6
39,265,0,0
24,121,0,34
41,294,0,1
35,218,0,1
37,293,0,1
40,351,0,7
34,209,0,0
32,218,0,0
29,135,1,1
30,140,0,0
29,140,0,1
40,295,0,0
26,121,0,6
23,120,0,11
36,278,0,0
33,213,1,0
29,125,1,0
40,299,0,1
41,300,0,0
33,218,1,1
25,49,1,2
15,104,0,0
28,125,0,2
35,227,0,1
41,301,0,0
39,274,0,0
36,228,0,0
38,255,0,0
37,255,0,0
23,87,0,8
25,51,0,3
38,256,0,0
34,251,0,1
34,249,1,4
41,343,0,3
35,250,0,1
35,254,0,0
23,48,0,8
37,253,0,0
22,87,3,12
33,231,0,2
34,232,0,0
40,312,0,1
17,6,1,10
41,325,0,0
38,290,0,1
30,147,0,2
22,144,0,1
17,5,0,11
28,144,0,3
16,152,0,0
23,144,0,2
21,160,0,1
41,324,0,0
32,200,0,0
37,267,0,0
33,300,0,0
39,306,0,0
18,154,0,0
38,303,0,0
35,245,0,2
43,363,0,1
41,304,0,0
42,304,0,0
20,100,0,18
37,344,0,4
18,210,0,0
19,210,0,0
48,463,0,1
41,291,0,0
39,294,0,1
40,291,0,0
41,292,0,1
42,292,0,0
42,293,0,0
39,332,0,2
49,464,0,0
12,78,0,0
19,80,1,41
22,86,0,15
20,86,0,12
42,294,0,0
43,295,0,0
23,85,1,7
38,331,0,2
17,83,0,9
43,307,0,0
39,345,0,1
50,485,0,1
21,104,1,7
44,328,0,1
18,96,0,10
46,357,0,2
43,357,0,1
34,263,0,1
22,131,0,2
29,246,0,1
48,390,0,0
48,506,0,1
32,254,0,0
25,252,0,0
42,385,0,2
33,251,0,0
21,12,1,4
49,412,0,1
22,13,0,2
21,13,0,2
20,10,0,4
48,484,0,0
19,10,1,9
23,54,0,6
29,245,0,1
47,462,0,1
32,248,0,1
24,57,1,5
25,58,0,4
43,385,0,1
32,202,0,0
49,392,0,2
48,392,0,0
27,169,0,20
45,421,0,0
43,313,0,0
33,202,0,1
26,203,0,1
29,203,0,1
35,323,0,0
37,323,0,1
36,323,0,0
42,363,0,0
43,329,0,0
35,221,0,0
27,223,0,2
29,171,0,7
22,38,1,9
29,173,0,2
29,160,0,1
29,145,0,0
20,13,0,9
44,330,0,1
21,15,0,2
30,149,1,2
-4,-10,0,0
31,166,0,0
21,14,0,3
28,170,1,1
30,163,0,4
45,349,0,1
43,316,0,0
26,167,0,1
24,120,2,4
22,15,0,4
42,295,0,0
22,14,0,2
20,157,0,0
21,213,0,0
22,17,0,1
23,17,0,1
29,184,0,3
41,436,0,0
24,17,0,2
25,18,1,1
26,20,0,1
25,219,0,2
40,435,0,3
26,22,0,1
49,511,0,1
27,23,1,1
28,24,0,0
43,435,0,1
26,21,0,2
42,435,0,0
41,435,0,2
26,148,0,2
25,21,0,0
26,24,0,0
27,25,1,1
26,25,0,2
27,28,0,0
28,28,0,0
27,26,0,2
28,27,0,0
19,155,0,1
29,29,0,0
26,183,0,1
28,30,0,0
30,31,0,0
31,32,0,0
32,32,0,0
20,174,0,0
33,34,0,0
35,35,0,0
34,34,0,0
35,36,0,0
34,35,0,0
28,35,0,1
41,446,0,2
29,36,0,0
28,36,0,1
48,551,0,0
22,275,0,0
47,551,0,0
45,506,0,0
30,38,0,0
26,31,0,1
25,135,0,4
26,135,0,1
20,127,0,0
24,27,0,4
23,27,1,2
17,125,0,1
21,129,0,0
16,124,0,0
44,504,0,1
25,19,0,0
27,20,0,0
26,17,0,0
25,16,0,1
33,243,0,1
24,16,0,1
25,17,1,0
22,16,0,6
20,15,0,10
42,461,0,0
23,237,0,0
20,230,0,0
22,233,0,0
24,237,0,0
22,234,0,0
23,235,0,0
25,238,0,0
26,113,0,0
41,440,0,4
42,440,0,2
40,336,0,0
42,462,0,0
25,111,0,3
33,236,0,1
30,245,0,1
26,107,0,0
24,95,0,10
41,419,0,1
26,106,0,3
42,419,0,0
40,420,0,0
25,102,0,8
13,73,0,7
41,421,0,4
24,102,0,12
39,287,0,0
39,322,0,1
23,230,0,0
22,42,3,7
29,191,0,4
24,48,0,6
21,189,0,0
44,422,0,1
26,103,0,3
28,106,0,0
39,380,0,0
40,287,0,1
13,91,0,0
13,64,0,4
39,284,0,0
10,47,0,0
23,82,0,9
26,93,0,4
27,94,0,3
11,53,0,2
25,93,1,2
48,387,0,1
18,86,1,3
26,95,0,3
49,388,0,0
36,269,0,0
38,271,0,1
50,408,0,0
25,95,0,7
26,97,0,7
29,105,0,2
36,288,0,1
27,222,0,0
28,224,0,1
27,110,0,4
37,301,0,1
49,406,0,1
38,284,0,0
50,427,0,0
26,239,0,0
30,118,0,3
29,117,0,1
27,107,0,2
29,115,0,0
28,111,0,3
29,112,0,0
34,214,0,1
25,103,0,3
45,330,0,1
12,91,0,0
17,97,1,12
30,114,0,1
22,104,1,5
46,330,0,0
47,331,0,0
46,331,0,0
32,143,0,1
31,140,1,1
32,141,0,1
27,135,1,1
33,142,0,1
28,135,0,1
48,331,0,0
46,290,0,0
45,290,0,0
44,277,0,0
43,277,0,0
44,278,0,0
45,279,0,0
44,279,0,0
33,201,0,2
32,127,0,0
18,7,2,9
19,8,0,1
28,120,0,0
27,118,0,2
43,276,0,1
31,184,0,2
45,303,1,0
46,303,0,1
47,306,0,0
46,305,0,0
47,307,0,0
26,116,0,7
21,117,0,3
31,124,0,1
30,210,0,11
30,122,0,0
46,307,0,0
22,105,1,6
19,104,0,4
23,105,0,3
44,253,0,0
45,255,0,0
44,254,0,0
17,135,0,0
45,254,0,0
45,256,1,0
41,250,0,0
42,250,0,0
44,251,0,0
41,248,0,0
29,122,0,3
24,119,1,6
27,112,0,3
26,83,0,2
42,248,0,0
40,247,0,0
25,81,0,3
18,138,0,1
21,73,0,18
21,74,0,6
24,73,1,6
36,246,0,1
35,246,0,0
35,242,0,1
16,109,1,1
17,109,0,4
23,114,0,20
36,259,0,0
30,172,0,4
23,77,2,5
23,74,0,9
25,73,0,4
21,75,0,9
11,66,0,0
28,134,0,1
25,133,0,10
24,166,0,1
27,128,0,4
25,169,0,1
29,158,0,2
6,-1,0,0
26,125,1,1
30,227,0,3
20,135,0,1
28,127,0,1
21,152,0,0
37,274,0,1
-2,7,0,0
17,98,0,1
18,99,0,5
-6,2,0,0
19,102,0,1
31,244,0,5
18,100,0,6
42,222,0,1
41,220,0,0
42,221,0,0
34,226,0,2
41,219,0,1
42,219,0,0
19,100,0,4
33,212,0,1
39,194,0,1
40,195,0,1
39,195,0,0
26,127,1,6
38,192,0,2
39,193,0,0
2,-7,0,0
-1,-8,0,0
14,65,3,5
14,71,1,12
23,76,0,3
39,208,0,1
14,72,1,4
21,65,0,10
16,74,0,8
17,77,0,12
31,189,0,1
40,217,0,0
43,268,0,0
32,226,0,3
22,66,0,17
24,89,0,5
42,266,0,1
20,104,0,3
24,94,0,2
41,266,0,0
42,280,0,0
20,191,0,0
30,183,0,4
20,189,0,0
43,299,0,1
38,298,0,1
40,329,0,0
47,371,0,1
46,370,0,0
36,297,0,2
47,370,0,0
47,372,0,0
46,372,0,1
47,389,0,0
43,387,0,0
48,411,0,1
48,410,0,0
47,410,0,0
38,320,0,2
37,319,0,0
42,390,0,1
47,394,0,0
45,351,0,0
34,255,0,1
46,351,0,1
47,352,0,0
24,70,1,5
24,82,0,2
24,88,0,3
25,90,1,5
25,91,0,2
40,347,0,4
41,349,0,2
33,246,0,1
45,352,0,0
47,355,0,0
46,355,0,0
48,355,0,0
47,354,0,1
32,238,0,3
41,364,0,0
35,266,0,1
48,371,0,0
48,391,0,0
30,208,0,4
36,287,0,1
49,391,0,0
50,392,0,0
43,403,0,0
50,409,0,0
51,431,0,0
52,431,0,0
51,428,0,0
49,428,0,0
50,429,0,1
44,424,0,1
49,429,0,0
45,427,0,0
27,252,0,0
46,394,0,1
41,318,0,0
11,65,0,0
10,64,0,0
42,319,0,1
11,64,0,0
30,225,0,5
44,350,0,1
24,87,0,3
39,331,0,2
43,334,0,0
42,334,0,1
36,330,0,2
36,302,0,0
34,237,0,1
21,18,0,5
36,336,0,0
38,337,0,0
25,22,0,1
45,425,0,1
26,26,0,3
32,268,0,2
19,172,0,0
28,29,0,2
29,30,0,0
31,37,0,2
37,358,0,2
30,37,1,1
21,25,0,6
25,38,0,3
32,293,0,0
39,368,0,0
44,371,0,0
40,368,0,1
40,392,0,0
45,395,0,0
34,319,0,3
33,319,0,0
33,317,0,0
31,317,0,0
32,318,0,0
31,316,0,0
33,310,0,0
30,316,0,0
28,309,0,0
39,390,0,1
44,394,0,1
28,308,0,1
29,308,0,0
46,423,0,0
35,380,0,0
50,502,0,0
48,501,0,0
36,380,0,3
16,121,0,0
44,497,0,1
43,497,0,1
49,503,0,0
46,379,0,0
45,378,0,1
23,147,0,1
29,33,0,2
30,33,0,0
29,31,0,0
24,25,0,1
22,22,1,3
26,18,0,0
36,262,0,0
37,262,0,0
44,363,0,0
23,15,0,3
33,204,0,1
23,14,0,3
34,206,0,0
35,210,0,0
36,240,0,1
43,341,0,1
36,296,0,1
37,241,0,0
22,11,0,3
39,263,0,0
33,206,0,1
40,264,0,1
21,10,0,1
22,10,0,0
33,163,0,1
23,11,0,1
14,3,1,20
23,12,0,0
37,316,0,0
24,13,0,1
23,13,0,2
24,15,0,0
30,160,0,1
45,314,0,0
25,15,0,0
46,332,0,0
47,333,1,0
32,180,0,2
26,16,0,1
27,18,0,0
28,20,0,0
40,364,0,1
47,332,0,0
44,329,0,0
31,169,1,0
43,327,0,0
27,21,0,0
28,21,0,0
31,165,0,0
31,178,0,1
19,173,0,0
31,174,0,3
32,174,0,0
23,18,0,2
24,21,0,0
23,53,0,5
23,21,0,4
29,157,1,3
42,364,0,1
24,92,0,6
32,181,0,0
31,181,0,1
25,92,0,3
43,382,0,0
30,179,0,2
32,175,0,0
26,122,0,12
24,180,0,1
32,179,0,1
21,29,0,10
29,139,0,0
30,139,1,1
25,25,0,2
29,138,0,1
28,138,0,0
27,138,0,2
26,150,0,2
13,1,0,15
9,55,0,0
24,18,0,3
24,19,0,0
12,65,0,0
10,55,0,0
37,181,0,1
39,352,0,0
21,57,0,20
26,19,0,2
27,17,0,1
25,152,0,1
31,192,0,1
30,191,0,3
38,197,0,1
36,171,1,0
34,170,0,0
36,170,0,0
28,18,0,0
37,170,0,0
28,19,0,0
29,20,0,0
30,22,0,0
29,22,0,0
31,22,0,0
30,21,0,0
31,167,0,0
30,181,0,1
30,141,0,1
27,22,0,0
33,257,0,0
30,154,0,0
32,246,0,1
44,404,0,0
43,386,0,1
23,19,1,6
30,171,0,0
33,181,0,1
31,176,0,0
23,20,0,0
24,22,0,3
39,312,0,1
35,269,0,1
26,23,0,1
25,23,0,2
22,78,1,8
25,134,1,2
29,134,0,1
20,99,0,37
22,134,0,2
28,23,0,0
29,23,0,0
21,16,0,4
41,348,0,0
30,151,0,0
31,152,0,0
30,152,0,1
22,119,0,13
25,82,0,7
26,82,0,2
27,82,0,0
26,79,0,8
34,219,0,0
25,79,0,5
26,91,0,3
27,185,0,0
27,91,0,2
20,14,0,7
28,94,0,4
34,250,0,2
27,97,0,3
29,98,0,1
27,93,0,1
26,81,0,1
17,123,0,1
21,64,0,14
24,91,1,10
29,120,0,1
24,85,0,8
32,197,0,0
25,98,0,4
33,198,0,2
9,44,0,0
31,168,0,1
30,165,0,0
36,245,0,0
28,155,0,2
30,173,0,1
29,172,0,2
31,183,0,2
32,186,0,0
33,186,0,0
34,186,0,0
36,187,0,0
39,292,0,0
30,230,0,0
29,230,0,0
14,80,0,10
34,166,0,0
11,77,0,0
33,234,0,1
34,247,0,0
31,148,0,1
33,230,0,1
21,17,0,4
22,21,0,4
21,21,0,9
22,59,2,12
29,136,0,1
15,71,2,9
21,90,0,13
22,77,0,6
42,230,0,1
15,2,0,5
31,210,0,10
41,225,0,1
16,3,0,5
29,113,0,1
30,113,0,0
32,144,0,2
30,143,0,1
31,143,0,0
44,261,0,1
42,252,0,0
15,3,0,11
43,252,0,0
28,109,0,1
27,109,0,2
16,4,0,3
38,182,0,1
28,110,0,2
37,171,0,0
36,157,0,0
37,157,0,0
36,155,0,1
37,159,0,0
38,170,0,0
40,199,0,0
39,199,0,1
40,201,0,0
41,213,0,0
40,198,0,0
39,198,0,0
40,200,0,1
39,200,0,0
41,201,0,0
12,75,0,0
40,208,0,1
14,1,0,6
15,1,0,1
13,0,0,0
39,206,0,0
41,215,0,0
29,111,0,1
42,215,0,0
12,0,0,6
27,84,0,2
40,188,0,1
39,188,0,0
40,189,0,0
41,189,0,0
41,190,0,0
14,77,0,2
22,91,1,14
40,185,0,0
39,172,0,1
38,171,0,0
39,171,0,0
40,172,0,0
39,168,0,0
40,181,0,0
41,194,0,0
42,194,0,0
41,192,0,1
42,192,0,0
41,191,0,0
42,191,0,0
40,191,0,0
42,193,0,0
41,193,0,0
42,195,0,0
24,100,0,10
43,199,0,0
26,136,0,5
39,153,0,0
37,128,0,1
21,20,1,4
10,46,0,0
9,46,0,0
38,130,0,0
40,155,0,0
39,155,0,1
27,137,0,1
26,99,0,4
38,153,0,0
37,151,0,0
27,100,0,0
28,100,0,0
29,100,0,2
30,102,0,1
29,102,0,2
36,147,0,0
35,138,0,0
40,218,0,0
3,22,0,0
-5,-16,0,0
39,215,0,0
-3,4,0,0
40,216,0,0
16,2,0,1
31,180,0,0
44,258,0,0
43,258,0,1
43,257,0,0
42,257,0,0
42,256,0,0
41,254,0,0
38,221,0,1
37,203,0,2
35,202,0,0
37,223,0,0
20,11,0,7
39,260,0,1
38,259,0,0
39,259,0,0
32,192,0,1
35,206,0,1
19,9,2,2
27,123,0,0
32,159,0,0
31,172,0,1
32,184,0,0
31,170,1,1
31,130,0,2
32,132,0,1
31,132,0,0
27,95,0,3
26,111,1,2
22,18,1,6
16,107,0,2
15,107,0,0
31,145,0,2
32,160,0,1
24,90,1,3
34,172,0,3
33,144,0,1
32,133,0,1
28,142,0,1
33,147,0,2
29,97,0,4
30,97,1,1
31,100,0,0
-9,-6,0,0
33,119,0,0
34,119,0,0
33,118,1,3
32,118,0,0
33,129,0,1
34,129,0,0
37,165,0,0
38,177,0,0
29,170,0,3
37,177,0,0
36,176,0,1
37,178,0,0
10,54,0,0
17,101,0,2
14,102,0,0
16,103,0,0
15,103,0,0
16,99,0,3
16,95,0,2
38,178,0,0
39,182,0,0
23,78,0,5
38,181,0,1
29,168,1,1
17,113,0,0
38,174,0,1
24,71,0,5
39,175,0,1
15,108,0,0
38,175,0,0
37,164,0,1
10,56,0,0
35,155,0,0
22,132,0,8
34,142,0,0
35,153,0,2
36,166,0,0
17,122,0,0
36,178,0,1
37,191,0,1
38,205,0,0
37,192,0,0
38,193,0,1
36,188,0,0
35,174,0,0
38,202,0,1
39,205,0,0
40,220,0,1
39,220,0,0
22,65,0,7
39,219,0,0
40,219,0,0
41,221,0,0
39,196,0,0
42,247,0,1
10,66,0,0
41,247,0,0
43,272,0,0
42,254,0,0
28,189,0,2
29,190,0,1
30,158,0,1
40,253,0,1
32,157,0,1
39,253,0,0
40,267,0,0
32,210,0,1
30,184,0,2
38,240,0,1
39,241,0,0
33,232,1,2
38,241,0,0
38,230,0,0
39,248,0,1
40,252,0,0
39,252,0,0
32,183,0,1
12,67,0,0
40,254,0,0
39,243,0,0
37,242,0,0
40,245,0,1
39,245,0,0
33,176,0,1
31,173,0,0
22,20,0,4
25,100,1,0
37,224,0,0
34,184,0,0
35,187,0,0
18,6,0,4
11,76,0,0
10,76,0,0
37,222,0,0
36,220,0,0
29,94,0,3
23,84,0,10
26,67,1,5
27,57,0,1
27,67,0,1
19,7,0,9
20,7,0,2
26,54,1,4
21,7,0,0
28,67,0,0
23,8,0,1
28,76,0,2
37,195,0,0
27,76,0,0
26,69,0,6
23,45,0,4
38,212,0,1
39,222,0,0
37,189,0,0
38,189,0,0
39,189,0,1
21,9,0,1
27,79,0,2
22,12,0,2
28,80,0,2
24,84,0,7
4,30,0,0
26,109,0,0
40,194,0,0
16,83,0,5
39,180,0,0
27,92,0,0
38,179,0,1
4,26,0,0
25,85,1,4
25,84,0,6
37,176,0,0
26,85,0,4
25,83,0,2
34,140,0,0
35,140,0,0
36,140,0,0
34,139,0,1
35,139,0,0
33,138,0,0
31,107,0,3
24,55,0,4
25,56,0,3
26,56,0,2
27,56,0,3
32,110,0,0
29,86,0,0
21,116,0,2
22,118,0,6
24,83,0,5
21,118,0,1
20,118,0,4
26,87,0,0
31,101,0,3
30,100,0,1
32,108,0,1
28,99,0,1
33,116,0,0
28,70,0,1
34,128,0,2
35,128,0,0
27,69,0,3
29,77,0,1
34,124,0,0
28,71,0,0
33,122,0,0
29,72,0,0
28,65,0,3
27,62,0,4
25,53,0,4
30,161,0,2
34,113,0,0
35,120,0,1
31,164,0,1
24,54,1,9
34,117,0,0
35,125,0,1
31,149,0,0
32,152,0,1
33,102,0,0
32,102,0,1
33,103,0,0
32,103,0,2
31,95,0,0
34,118,0,1
31,117,0,0
33,156,0,1
28,112,0,2
29,130,0,0
28,129,0,0
32,140,0,0
17,87,0,7
33,143,0,1
22,133,0,4
16,82,0,6
14,81,0,8
13,81,0,0
30,101,0,0
12,81,0,0
11,81,0,0
29,101,1,0
10,81,0,0
28,97,0,2
27,114,0,3
28,98,0,2
22,151,0,0
29,96,0,3
13,79,0,0
30,115,0,1
31,116,0,1
32,130,0,0
33,130,0,0
32,129,0,1
31,129,0,1
11,103,0,0
13,104,0,0
32,124,0,1
34,135,0,0
33,135,0,2
31,142,0,1
30,137,0,1
26,36,0,0
24,30,1,2
30,124,0,1
32,125,0,0
31,125,0,1
28,137,0,0
23,90,0,9
18,98,0,1
26,68,0,2
25,63,0,3
26,63,0,2
27,68,1,2
28,77,0,1
27,77,0,0
25,75,1,5
27,87,0,1
28,87,0,1
30,96,0,1
29,92,1,2
28,92,0,1
29,93,1,1
28,93,0,0
26,92,0,3
35,159,0,1
0,15,0,0
-5,-15,0,0
25,33,0,7
35,173,0,0
35,172,0,0
30,40,0,0
34,165,0,0
35,182,0,1
36,183,0,0
28,38,0,3
29,41,0,0
36,184,0,0
37,184,0,0
36,202,0,0
27,33,1,0
34,179,0,0
38,218,0,0
38,219,0,1
32,177,0,0
37,217,0,0
36,217,0,1
31,137,0,0
30,135,0,1
28,124,0,0
9,66,0,0
22,163,0,5
23,168,0,0
21,135,0,5
11,79,0,0
12,79,0,0
23,55,0,6
25,66,0,4
25,32,1,2
26,32,0,2
27,38,0,1
27,32,1,0
24,58,1,6
27,108,0,2
33,189,0,1
29,28,0,0
28,81,0,2
33,167,1,0
25,68,1,4
33,162,0,2
34,173,0,1
33,173,0,1
28,88,0,2
33,172,0,0
27,85,0,1
28,84,0,2
29,84,0,0
36,175,0,0
28,82,0,0
35,161,0,0
33,150,0,0
34,151,0,1
33,151,0,0
35,151,0,0
10,62,0,0
11,62,0,0
27,71,0,1
9,61,0,0
26,71,1,2
25,71,0,2
29,70,0,1
28,69,0,1
29,71,0,1
31,115,0,0
32,126,0,1
33,127,0,0
32,194,0,0
18,8,0,8
33,126,0,0
7,-2,0,0
32,195,0,0
30,82,0,1
34,137,0,0
35,149,0,1
34,147,0,0
31,94,0,2
30,94,0,0
35,147,0,0
36,159,0,1
35,158,0,0
30,129,0,1
31,97,0,2
36,160,0,0
35,160,0,0
30,95,0,0
34,160,0,0
31,96,0,0
30,93,1,1
32,137,0,0
29,81,0,2
30,128,0,1
30,125,0,0
31,126,0,0
23,67,1,10
8,55,0,0
24,76,0,4
34,141,0,0
30,130,0,2
31,111,0,1
32,111,0,0
31,110,0,0
30,110,0,1
30,109,0,2
29,106,0,1
28,114,1,1
30,106,0,0
29,114,0,1
30,107,0,0
29,107,0,2
29,99,0,0
30,108,0,0
31,108,0,1
28,107,0,0
24,52,0,7
26,114,0,3
8,45,0,0
26,64,0,2
26,73,0,4
32,107,0,0
31,98,0,0
30,98,0,1
31,109,0,0
24,78,0,3
29,109,0,0
15,62,0,19
24,46,0,1
25,48,0,2
26,77,0,5
25,77,0,1
26,78,1,3
32,114,0,1
25,65,0,5
27,88,0,2
33,105,0,0
32,105,0,1
24,79,0,5
26,80,1,2
30,89,0,3
31,89,0,0
24,75,0,5
30,88,0,1
31,88,0,0
32,89,0,0
28,115,0,0
27,115,0,2
29,116,0,0
33,91,0,1
28,116,0,1
26,115,0,4
27,116,0,1
34,163,0,1
30,84,0,1
34,162,0,0
63,1953,0,1
33,161,0,0
31,84,0,1
58,1432,0,1
47,1035,1,2
20,9,1,2
46,1035,0,9
35,171,0,0
23,16,0,1
33,109,0,0
48,1035,1,1
35,230,0,1
30,104,0,4
60,1126,0,1
28,79,0,0
53,1052,0,1
56,1073,0,0
49,1036,0,1
58,1101,0,0
50,1036,0,1
55,1072,0,0
52,940,0,1
51,939,0,0
53,941,0,0
36,179,0,1
20,170,0,0
29,79,0,0
55,969,0,1
49,919,0,0
48,919,0,0
47,918,0,0
38,214,0,1
46,903,0,0
56,981,0,0
48,918,0,0
45,795,0,0
46,796,0,0
47,796,0,0
45,794,0,0
36,252,0,0
35,163,0,1
36,163,0,0
29,88,0,2
53,858,0,1
54,871,0,0
18,5,0,3
52,794,0,1
43,703,0,0
32,131,0,0
54,823,0,0
45,719,0,0
32,147,0,2
43,651,0,1
52,750,0,1
42,651,0,0
45,641,0,1
51,735,0,0
43,652,0,0
28,132,0,1
42,539,0,1
45,540,0,0
40,550,0,1
39,549,0,1
45,594,0,0
41,557,0,0
37,486,0,0
38,486,0,2
28,105,0,0
39,467,0,1
36,465,0,0
43,531,0,1
29,103,0,1
39,494,0,2
28,103,0,2
39,468,0,1
44,543,0,1
40,502,0,0
38,465,0,1
17,85,0,3
27,101,0,0
40,501,0,2
41,503,0,1
45,556,0,1
40,495,0,0
38,487,0,0
42,520,0,1
43,520,0,1
43,555,0,1
41,476,0,1
31,321,0,0
32,300,0,0
33,159,0,0
32,146,0,0
36,311,0,0
25,302,0,0
37,378,0,2
23,301,0,0
32,340,0,0
11,78,0,0
39,341,0,0
38,403,0,0
38,340,0,0
37,337,0,1
39,403,0,1
31,340,0,1
30,340,0,0
31,346,0,0
33,347,0,0
31,325,0,0
35,335,0,1
41,404,0,0
28,274,0,0
29,274,0,1
30,274,0,1
29,273,0,0
28,273,0,0
30,275,0,0
30,134,0,1
28,26,0,1
27,267,0,0
37,270,0,1
36,248,0,0
28,252,0,0
29,252,0,1
36,247,0,1
37,248,0,0
35,297,0,1
36,309,0,1
27,103,0,1
27,104,0,4
27,242,0,1
37,250,0,0
38,252,0,0
33,106,0,1
38,234,0,0
32,98,1,0
37,233,1,0
39,234,0,0
34,224,0,1
36,224,0,0
28,119,0,0
27,53,0,1
17,3,0,0
29,44,0,0
28,47,0,1
26,40,1,0
14,0,0,0
26,48,0,0
29,50,0,1
30,50,0,1
15,0,0,1
16,1,0,1
19,132,0,1
16,90,0,4
29,142,0,1
26,55,0,2
27,64,0,1
30,142,0,1
28,139,1,0
28,64,0,1
16,87,0,2
30,80,0,1
29,80,0,2
28,78,0,0
29,78,0,1
32,158,0,1
33,158,0,1
32,153,0,0
21,11,0,2
31,91,0,0
2,15,0,0
25,47,1,4
25,62,0,4
33,108,0,1
31,85,0,1
32,93,0,0
31,93,0,1
30,83,0,1
18,124,0,1
29,83,0,1
28,83,0,2
26,72,0,3
24,77,0,5
24,40,1,1
30,92,0,0
12,76,0,0
26,51,0,4
31,103,0,1
33,110,0,0
32,97,0,0
26,61,0,3
25,61,0,6
32,94,0,0
20,8,0,1
19,6,0,4
30,90,0,0
20,6,0,1
29,87,0,0
24,60,0,5
26,66,1,4
10,65,0,0
15,77,0,5
25,89,0,5
13,80,0,0
10,79,0,0
1,15,0,0
26,65,1,3
25,55,0,4
26,57,0,1
25,57,0,3
5,25,0,0
28,53,0,0
30,55,0,2
29,54,0,2
-7,-10,0,0
26,62,0,2
24,53,0,2
21,8,0,1
26,58,0,3
25,54,0,3
27,75,0,1
26,90,0,2
27,81,0,3
13,82,0,0
26,75,0,2
28,104,0,0
25,88,0,3
10,57,0,0
9,56,0,0
8,56,0,0
-8,0,0,0
25,119,1,1
7,45,0,0
6,45,0,0
2,39,0,0
5,42,0,0
6,42,0,0
7,42,0,0
11,68,0,0
10,68,0,0
9,68,0,0
8,68,0,0
1,30,0,0
5,33,0,0
7,62,0,0
25,64,2,4
28,101,0,1
15,90,0,1
14,89,0,0
20,103,2,1
29,108,0,0
28,108,0,0
21,144,0,2
19,114,0,2
9,-1,0,0
30,133,0,0
28,91,0,0
29,129,0,0
27,89,0,3
30,99,0,0
30,120,0,0
29,65,1,1
15,74,0,5
17,99,0,1
-1,11,0,0
18,104,0,3
27,54,0,2
28,102,0,1
24,105,0,4
27,90,0,5
28,90,0,1
27,86,0,0
31,99,0,0
2,22,0,0
0,21,0,0
3,24,0,0
31,134,0,0
31,133,0,0
33,133,0,0
27,61,0,1
26,60,0,1
26,88,1,2
29,95,0,0
26,70,0,2
28,68,0,0
14,76,0,2
25,87,0,2
27,78,0,3
26,76,0,7
29,68,0,2
30,69,0,2
30,79,0,0
7,41,0,0
4,24,0,0
31,79,0,0
32,81,0,1
33,82,0,0
27,72,0,2
28,72,0,1
34,84,0,2
31,135,0,0
33,81,0,0
6,36,0,0
1,26,0,0
32,70,0,0
-4,16,0,0
-1,19,0,0
2,20,0,0
28,95,0,3
33,164,0,0
5,-4,0,0
15,82,1,6
31,70,0,3
33,169,0,0
8,65,0,0
6,64,0,0
8,64,0,0
6,63,0,0
8,63,0,0
34,164,0,0
-8,-4,0,0
30,68,0,2
27,105,0,3
29,67,0,0
31,67,0,0
30,66,0,0
34,158,0,0
34,159,0,0
36,168,0,0
34,153,0,0
34,149,0,0
39,223,0,1
29,64,0,1
31,112,0,1
30,67,0,0
32,112,0,0
38,211,0,0
37,197,0,0
32,135,0,1
36,194,0,0
35,190,0,0
37,194,0,0
29,73,0,0
30,76,0,0
31,131,0,0
29,69,0,2
32,113,0,0
33,113,0,0
31,128,0,0
36,189,0,1
15,95,0,1
35,178,0,0
-2,-9,0,0
33,153,0,0
30,117,0,0
33,128,0,0
29,58,0,1
30,59,0,0
28,66,0,2
27,66,0,2
31,127,0,0
24,64,1,8
30,116,1,1
0,14,0,0
-4,8,0,0
27,55,0,2
32,117,1,0
26,100,0,1
15,84,1,2
17,86,2,4
14,87,0,2
7,50,0,0
8,50,0,0
15,87,0,3
9,54,0,0
13,86,0,0
16,89,0,5
4,23,0,0
33,132,0,0
14,109,0,0
16,110,0,0
8,82,0,0
12,88,0,0
2,43,0,0
7,53,0,0
34,133,0,0
36,136,0,0
26,86,2,1
19,103,0,4
24,47,0,4
21,133,0,1
18,113,0,4
16,112,0,3
4,44,0,0
9,65,0,0
-7,-5,0,0
-8,-8,0,0
25,76,0,4
19,117,0,2
18,112,0,1
36,223,0,1
37,204,0,0
38,203,0,0
41,142,0,1
40,140,0,0
41,140,0,0
44,173,0,0
43,163,0,0
42,163,0,0
35,154,0,1
33,146,0,0
41,162,0,1
40,161,0,0
29,123,0,0
39,154,0,0
38,146,0,1
39,150,0,0
40,156,0,0
41,160,0,0
38,133,0,0
37,124,0,1
36,124,0,2
33,140,0,0
19,130,0,1
28,96,0,0
18,115,0,0
31,123,0,1
28,73,0,2
30,121,0,0
29,121,0,0
17,112,0,5
35,118,0,0
34,111,0,0
35,114,0,0
36,119,0,0
29,75,0,0
35,109,0,1
36,109,0,0
34,104,0,1
44,145,1,0
43,145,0,0
42,145,0,0
46,147,0,0
45,147,0,0
18,114,0,0
44,147,0,0
16,113,0,0
15,113,0,0
42,146,0,0
43,146,0,0
38,136,0,0
36,135,0,0
14,106,0,0
37,135,0,0
35,134,0,0
12,105,0,0
33,95,0,1
34,95,0,0
28,59,1,3
17,100,1,1
34,93,0,0
33,93,0,0
19,118,0,0
17,117,0,0
15,116,0,0
32,85,0,0
14,100,0,0
16,101,0,1
13,90,0,0
11,86,0,0
13,87,0,0
15,88,1,3
14,88,0,0
11,85,0,0
32,115,0,0
11,89,0,0
11,88,0,0
10,88,0,0
12,85,0,0
13,89,0,0
8,79,0,0
12,90,0,0
9,82,0,0
-6,-12,0,0
40,251,0,0
39,251,0,0
29,91,0,0
31,191,0,0
-6,-5,0,0
30,190,0,0
-8,-1,0,0
32,84,0,1
20,159,0,0
28,126,0,1
33,84,0,2
32,88,0,0
33,88,0,1
26,59,0,2
21,161,0,1
31,190,0,1
36,232,0,0
31,75,0,0
32,76,0,0
27,63,0,1
31,76,0,1
30,75,0,0
32,72,0,1
22,150,0,0
-2,11,0,0
-3,11,0,0
-9,-9,0,0
34,85,0,1
19,140,0,0
34,180,0,0
33,180,0,0
27,58,0,2
30,64,0,0
31,65,0,0
33,85,0,1
2,24,0,0
34,97,0,0
5,27,0,0
33,92,0,1
32,90,0,0
32,87,0,0
31,64,0,1
34,99,0,0
30,58,0,0
35,108,0,0
10,94,0,0
12,95,0,0
36,108,0,0
31,58,0,0
11,95,0,0
-3,-10,0,0
32,58,0,0
33,59,0,1
32,59,0,1
38,108,0,0
31,59,0,1
33,107,0,2
37,108,0,1
12,71,0,0
38,113,0,0
37,106,0,0
1,40,0,0
36,103,0,0
4,43,0,0
10,58,0,0
39,115,0,0
28,58,0,0
38,117,0,0
16,104,0,4
29,63,0,1
28,62,0,2
39,134,0,1
38,134,0,0
39,137,0,0
40,139,0,0
31,82,0,0
31,83,0,0
39,117,0,1
40,117,0,0
39,135,0,0
39,139,0,0
39,136,0,0
40,137,0,0
41,139,0,0
40,135,0,0
24,152,0,0
39,129,0,0
40,131,0,0
40,132,0,0
38,125,0,0
39,128,0,0
38,127,0,0
37,107,0,1
36,106,0,1
37,127,0,0
32,139,0,1
35,97,0,0
44,127,0,0
43,127,0,0
41,116,0,0
42,117,0,0
34,88,0,0
43,118,0,0
44,121,0,0
45,123,0,0
44,119,0,0
42,113,0,0
41,102,0,0
40,101,0,0
41,104,0,0
42,105,0,0
40,102,0,0
39,100,0,0
38,100,0,1
37,100,0,0
36,99,0,1
35,99,0,0
36,104,0,0
35,101,0,1
34,101,0,0
33,100,0,0
34,103,0,0
33,99,0,0
33,98,1,0
33,87,0,1
9,89,0,0
14,99,0,0
32,96,1,0
15,99,0,0
33,96,0,0
11,63,0,0
35,104,0,0
34,96,0,1
9,62,0,0
7,61,0,0
-7,-30,0,0
-5,-30,0,0
-10,-40,0,0
-3,-19,0,0
-5,-20,0,0
38,109,0,0
39,113,0,0
30,103,0,0
29,90,0,1
29,89,0,0
13,77,0,0
36,107,0,0
36,122,0,0
35,122,0,0
27,59,0,1
36,123,0,0
37,125,1,0
36,125,0,0
41,127,0,0
40,127,0,0
36,121,0,0
22,152,0,1
38,122,0,0
33,112,0,0
19,143,0,3
20,134,0,0
17,131,0,0
19,134,0,2
9,75,0,0
11,71,0,0
14,73,1,5
13,84,0,0
14,74,0,3
14,84,0,2
12,73,0,0
9,81,0,0
11,82,0,0
10,82,0,0
7,79,0,0
10,75,0,0
9,79,0,0
7,78,0,0
8,78,0,0
12,84,0,0
7,74,0,0
8,74,0,0
10,70,0,0
10,72,0,0
-4,-8,0,0
-8,-7,0,0
-5,-11,0,0
41,195,0,0
41,183,0,0
38,168,0,0
38,169,0,0
40,175,0,0
41,178,0,0
38,163,0,0
37,162,0,0
27,70,0,2
34,155,0,1
36,162,0,0
28,152,0,0
29,153,0,0
39,173,0,0
37,160,0,0
21,151,0,2
5,34,0,0
19,150,0,0
20,150,0,0
18,149,0,0
38,162,0,0
17,149,0,0
13,143,0,0
36,153,0,0
17,145,0,0
19,146,0,0
20,146,0,0
19,127,0,2
3,31,0,0
-4,-18,0,0
-8,-24,0,0
35,157,0,0
36,161,0,0
28,184,0,0
34,152,0,0
36,156,0,0
34,148,0,0
28,74,0,1
35,150,0,0
33,145,0,0
32,151,0,2
25,67,0,5
33,136,0,0
12,62,0,1
7,52,0,0
9,53,0,0
17,110,0,2
31,136,0,0
30,150,0,0
30,119,1,2
29,119,0,1
33,121,0,0
15,98,0,0
14,98,0,0
11,91,0,0
26,118,0,1
10,90,0,0
10,89,0,0
14,95,0,0
8,89,0,0
7,89,0,0
4,86,0,0
5,86,0,0
6,86,0,0
8,87,0,0
9,87,0,0
7,86,0,0
4,83,0,0
5,83,0,0
6,84,0,0
3,81,0,0
5,82,0,0
2,79,0,0
3,79,0,0
-11,-12,0,0
-12,-12,0,0
31,138,0,0
11,87,0,0
14,93,0,0
13,92,0,0
12,92,0,0
11,92,0,0
10,92,0,0
10,77,0,0
12,80,0,0
34,81,1,0
36,82,0,0
34,77,0,1
38,79,0,0
36,78,0,1
35,78,0,0
33,77,0,0
32,77,0,0
30,74,0,1
29,74,0,0
1,47,0,0
-1,46,0,0
-2,46,0,0
-4,45,0,0
-3,45,0,0
0,48,0,0
-2,47,0,0
1,50,0,0
5,56,0,0
8,59,0,0
6,58,0,0
1,48,0,0
4,51,0,0
3,51,0,0
8,46,0,0
7,57,0,0
7,44,0,0
27,125,0,1
-9,0,0,0
28,55,0,0
28,86,0,1
27,73,1,1
19,5,0,0
3,36,0,0
9,52,0,0
8,52,0,0
9,51,0,0
8,51,0,0
6,50,0,0
5,50,0,0
7,51,0,0
9,50,0,0
10,51,0,0
4,29,0,0
3,29,0,0
2,29,0,0
27,80,0,1
5,40,0,0
3,39,0,0
6,41,0,0
8,42,0,0
9,47,0,0
5,45,0,0
4,45,0,0
2,44,0,0
11,60,0,0
8,53,0,0
6,53,0,0
8,54,0,0
13,72,0,5
2,19,0,0
17,118,0,0
-6,-8,0,0
12,69,0,0
11,69,0,0
12,70,0,0
17,89,1,5
-6,-9,0,0
12,64,0,0
6,43,0,0
5,43,0,0
21,132,0,3
-6,-14,0,0
-7,-14,0,0
-6,-10,0,0
-9,-16,0,0
27,24,0,0
28,25,0,0
29,25,0,1
29,26,0,0
31,27,0,0
29,27,0,0
30,30,0,0
30,32,0,1
28,31,0,0
29,32,0,0
31,33,0,0
32,42,0,0
33,42,0,0
30,43,0,0
29,43,0,2
31,60,0,1
31,63,0,0
32,64,0,1
30,61,0,2
28,61,0,1
31,66,0,1
31,69,0,0
29,66,1,0
32,74,0,0
31,73,0,0
33,86,0,0
35,89,0,0
30,78,0,0
16,98,0,4
16,100,0,3
14,97,0,0
13,95,0,0
10,59,0,0
5,38,0,0
11,67,0,0
12,72,0,0
8,40,0,0
5,37,0,0
4,37,0,0
6,38,0,0
7,38,0,0
30,81,0,1
0,12,0,0
4,32,0,0
1,28,0,0
2,26,0,0
13,63,0,3
14,86,0,0
17,4,0,3
3,32,0,0
-5,11,0,0
-4,11,0,0
-2,12,0,0
5,31,0,0
2,28,0,0
7,58,0,0
9,59,0,0
7,59,0,0
-2,31,0,0
-4,30,0,0
-1,33,0,0
2,36,0,0
0,35,0,0
3,38,0,0
2,33,0,0
-5,5,0,0
-4,5,0,0
3,49,0,0
-1,35,0,0
2,38,0,0
6,44,0,0
2,42,0,0
3,42,0,0
15,76,1,3
12,63,0,0
4,42,0,0
3,40,0,0
32,120,0,0
32,122,0,0
33,124,0,0
32,123,0,0
31,122,0,0
29,110,0,0
29,104,0,1
-9,-12,0,0
2,21,0,0
-3,15,0,0
-5,12,0,0
-8,-6,0,0
0,16,0,0
-10,-4,0,0
-5,7,0,0
29,57,0,0
29,61,0,2
31,68,0,0
30,70,0,0
30,65,0,1
32,67,0,0
29,48,0,1
29,47,0,2
28,45,0,1
-8,-5,0,0
5,-5,0,0
1,-11,0,0
4,-6,0,0
-3,-21,0,0
-1,-10,0,0
28,57,0,0
29,60,0,0
28,63,0,1
18,3,0,0
15,150,0,0
20,158,0,0
14,143,0,0
8,128,0,0
13,138,0,0
1,107,0,0
9,135,0,0
12,138,0,0
30,188,0,0
33,190,0,0
35,197,0,0
33,183,0,0
19,147,0,1
32,173,0,0
17,103,0,2
17,116,0,1
22,168,0,1
21,134,0,0
19,129,0,0
23,164,0,0
39,462,0,0
40,466,0,0
22,161,0,0
39,458,0,0
51,736,0,1
18,119,0,3
50,707,0,1
51,714,0,0
38,429,0,1
37,423,0,0
19,119,0,0
51,689,0,0
34,406,0,1
52,690,0,0
38,425,0,0
53,690,0,0
18,103,1,4
49,586,0,1
49,584,0,1
50,592,0,0
50,590,0,0
47,502,0,0
46,500,0,0
47,501,0,0
28,315,0,1
33,320,0,0
48,502,0,0
32,315,0,0
27,310,0,0
47,499,0,0
47,498,0,0
26,304,0,0
27,309,0,0
28,312,0,0
13,75,0,1
40,369,0,2
21,170,0,0
11,73,0,0
14,94,0,0
20,133,0,1
1,27,0,0
10,69,0,0
3,48,0,0
10,60,0,0
8,58,0,0
6,54,0,0
4,52,0,0
35,366,0,1
41,370,0,0
7,54,0,0
5,52,0,0
5,53,0,0
22,183,0,1
23,183,0,2
38,317,0,0
3,50,0,0
4,50,0,0
37,317,0,0
6,51,0,0
5,51,0,0
2,41,0,0
0,41,0,0
1,41,0,0
22,166,0,0
5,47,0,0
1,35,0,0
19,163,0,0
17,162,0,0
-3,32,0,0
-5,27,0,0
-3,29,0,0
5,41,0,0
-1,30,0,0
-1,29,0,0
0,32,0,0
-2,30,0,0
38,319,0,0
-6,24,0,0
15,161,0,0
14,161,0,0
-5,24,0,0
-7,23,0,0
-2,27,0,0
-1,34,0,0
-4,26,0,0
4,39,0,0
37,318,0,0
22,186,0,0
24,189,0,0
23,189,0,0
16,168,0,0
39,318,0,0
23,186,0,0
16,118,0,1
20,147,0,1
14,113,0,0
11,72,0,0
16,122,0,0
13,116,0,0
9,86,0,0
13,108,0,0
38,287,0,0
16,116,0,0
20,151,0,1
13,94,0,0
19,116,0,0
33,209,0,1
15,86,0,1
18,116,0,1
19,135,0,2
4,41,0,0
32,209,0,1
9,48,0,0
34,210,0,0
3,41,0,0
19,128,0,0
5,46,0,0
0,36,0,0
-1,36,0,0
4,46,0,0
18,129,0,2
18,128,0,0
1,-6,0,0
18,126,0,0
18,127,0,0
17,124,0,3
20,132,0,5
8,73,0,0
17,102,0,2
10,85,0,0
17,114,0,4
21,175,0,1
31,87,0,0
27,74,0,0
18,4,0,2
26,89,0,1
27,83,0,2
1,21,0,0
0,25,0,0
-2,23,0,0
-5,20,0,0
-3,23,0,0
-1,24,0,0
0,24,0,0
-3,21,0,0
-4,21,0,0
-9,14,0,0
-8,14,0,0
-5,17,0,0
-6,17,0,0
-3,20,0,0
1,38,0,0
27,65,0,1
2,-6,0,0
8,-9,0,0
0,18,0,0
-3,13,0,0
-4,14,0,0
-6,11,0,0
-5,9,0,0
-6,9,0,0
-7,9,0,0
-8,8,0,0
-9,8,0,0
-13,-2,0,0
-11,-1,0,0
-10,-1,0,0
-12,-2,0,0
-8,4,0,0
-9,4,0,0
-3,19,0,0
-7,13,0,0
-6,13,0,0
-5,14,0,0
0,20,0,0
-11,-13,0,0
10,97,0,0
-3,9,0,0
13,74,0,3
32,171,0,0
36,177,0,0
27,151,0,0
14,115,0,0
13,76,0,1
-2,18,0,0
28,60,0,0
27,60,0,4
28,75,0,0
34,132,0,0
38,138,0,0
11,59,0,0
6,60,0,0
9,78,0,0
11,58,0,0
-5,10,0,0
-6,10,0,0
9,-2,0,0
19,188,0,0
16,167,0,0
17,167,0,0
13,161,0,0
10,158,0,0
6,152,0,0
11,162,0,0
17,177,0,0
32,109,0,1
33,111,0,0
35,116,0,0
34,108,0,0
33,104,0,0
22,149,0,0
24,170,0,0
-3,18,0,0
-7,12,0,0
-1,27,0,0
0,17,0,0
3,30,0,0
15,94,1,2
16,102,0,3
17,147,0,0
17,146,0,0
29,188,0,0
14,96,0,0
15,100,0,0
38,345,0,0
41,372,0,0
38,327,0,0
30,189,0,0
33,196,0,0
21,184,0,0
20,178,0,0
18,147,0,0
19,149,0,0
18,148,0,0
15,136,0,0
15,102,0,0
15,96,0,0
13,93,0,0
39,320,1,0
43,328,0,0
45,329,0,0
35,148,0,0
50,337,0,0
54,343,0,0
56,344,0,0
50,329,0,0
43,308,0,0
33,139,0,0
40,305,0,0
30,136,0,0
37,287,0,0
40,293,0,0
29,126,0,0
28,265,0,0
25,262,0,0
22,259,0,0
18,253,0,0
35,296,0,0
13,243,0,0
5,231,0,0
10,241,0,0
16,256,0,0
22,271,0,0
-1,12,0,0
39,311,0,0
47,339,0,0
20,129,0,0
35,247,0,0
27,264,0,0
26,262,0,0
29,269,0,0
31,247,0,0
35,253,0,0
32,250,0,0
18,118,0,0
-2,24,0,0
31,250,0,0
28,264,0,0
18,180,0,0
16,179,0,0
12,173,0,0
9,170,0,0
10,172,0,0
2,34,0,0
14,178,0,0
18,184,0,0
33,297,0,0
15,182,0,0
16,187,0,0
12,181,0,0
18,196,0,0
36,279,0,0
1,34,0,0
0,34,0,0
-2,19,0,0
-1,16,0,0
-5,28,0,0
-6,12,0,0
-4,13,0,0
-3,22,0,0
-5,22,0,0
-2,25,0,0
4,40,0,0
1,37,0,0
0,19,0,0
3,23,0,0
-1,18,0,0
-1,17,0,0
-1,20,0,0
-5,15,0,0
-4,15,0,0
-2,16,0,0
-3,16,0,0
-3,10,0,0
-7,3,0,0
-9,-2,0,0
-11,-3,0,0
29,272,0,0
-6,6,0,0
-6,3,0,0
1,24,0,0
-8,1,0,0
21,150,0,0
23,167,0,1
11,83,0,0
30,204,0,1
30,206,0,0
9,58,0,0
13,85,0,0
32,228,0,0
38,278,0,1
11,74,0,0
10,73,0,0
34,314,0,0
25,189,0,0
34,296,0,0
35,238,0,0
12,74,0,0
32,190,1,0
37,196,0,0
44,303,0,0
19,180,0,0
15,109,0,0
14,107,0,0
26,206,0,0
24,205,0,0
13,97,0,0
27,184,0,0
24,187,0,0
22,189,0,0
14,117,0,0
18,183,0,0
20,181,0,0
12,169,0,0
25,204,0,0
17,179,0,0
5,69,0,0
21,185,0,0
37,238,0,0
35,212,0,0
35,194,0,0
12,93,0,0
32,182,0,0
21,149,0,0
33,177,0,0
38,187,0,0
15,101,0,0
12,89,0,0
12,110,0,0
12,99,0,0
8,83,0,0
14,108,0,0
14,119,0,0
31,92,0,0
12,100,0,0
31,185,0,0
9,97,0,0
-7,26,0,0
5,91,0,0
8,94,0,0
-4,29,0,0
-5,25,0,0
12,107,0,0
31,188,0,0
7,90,0,0
-10,-17,0,0
5,77,0,0
-2,22,0,0
10,87,0,0
32,92,0,0
2,30,0,0
10,98,0,0
13,101,0,0
8,86,0,0
-5,18,0,0
-2,21,0,0
8,91,0,0
8,80,0,0
12,86,0,0
11,94,0,0
7,88,0,0
-8,9,0,0
4,85,0,0
1,71,0,0
-12,3,0,0
10,100,0,0
-8,-9,0,0
-6,18,0,0
-1,28,0,0
15,110,0,0
12,96,0,0
-2,14,0,0
-8,7,0,0
5,75,0,0
11,90,0,0
13,99,0,0
11,98,0,0
14,101,0,0
5,65,0,0
7,64,0,0
11,70,0,0
4,49,0,0
-7,-16,0,0
5,49,0,0
-12,-26,0,0
-11,14,0,0
-3,42,0,0
5,70,0,0
9,72,0,0
9,67,0,0
6,65,0,0
4,64,0,0
3,61,0,0
8,70,0,0
7,67,0,0
5,66,0,0
6,69,0,0
2,63,0,0
32,95,0,0
14,144,0,0
7,123,0,0
12,133,0,0
6,118,0,0
5,118,0,0
9,124,0,0
33,94,0,0
9,69,0,0
11,125,0,0
8,122,0,0
14,150,0,0
1,72,0,0
3,112,0,0
10,133,0,0
16,148,0,0
23,169,0,0
16,141,0,0
9,120,0,0
15,135,0,0
12,132,0,0
10,71,0,0
29,209,0,1
11,132,0,0
31,90,0,0
32,91,0,0
9,131,0,0
10,132,0,0
32,86,0,0
31,86,0,0
30,86,0,0
6,126,0,0
3,123,0,0
30,85,0,0
11,111,0,0
10,111,0,0
18,139,0,0
5,126,0,0
4,126,0,0
6,127,0,0
0,116,0,0
-5,106,0,0
33,222,0,0
-1,112,0,0
5,127,0,0
-2,106,0,0
6,134,0,0
-5,79,0,0
3,107,0,0
6,110,0,0
2,104,0,0
1,104,0,0
-1,101,0,0
-6,91,0,0
-5,91,0,0
-1,97,0,0
-4,94,0,0
-5,94,0,0
-2,97,0,0
2,103,0,0
6,109,0,0
-2,81,0,0
3,91,0,0
5,102,0,0
10,112,0,0
4,97,0,0
-2,82,0,0
-8,67,0,0
-14,52,0,0
-5,88,0,0
3,116,0,0
-8,61,0,0
1,97,0,0
2,105,0,0
11,141,0,0
8,138,0,0
9,138,0,0
12,141,0,0
16,147,0,0
3,69,0,0
7,75,0,0
7,65,0,0
-6,29,0,0
3,65,0,0
11,93,0,0
30,49,0,0
32,51,0,0
8,72,0,0
9,71,0,0
7,66,0,0
4,63,0,0
1,60,0,0
6,70,0,0
3,67,0,0
31,49,0,0
0,64,0,0
32,49,0,0
4,70,0,0
8,76,0,0
31,48,0,1
32,48,0,0
29,229,0,1
31,105,0,0
28,229,0,0
24,188,0,0
31,47,0,0
28,190,0,0
30,44,0,0
29,38,0,0
31,30,0,0
30,29,0,0
26,228,0,0
26,189,0,0
8,57,0,0
25,188,0,0
34,116,0,0
25,167,0,0
28,89,0,0
-7,-15,0,0
-15,-27,0,0
-7,2,0,0
20,169,0,0
9,80,0,0
5,74,0,0
3,54,0,0
13,100,0,0
-2,44,0,0
8,90,0,0
22,165,0,2
21,164,0,0
22,164,0,0
23,165,0,0
21,162,0,0
21,147,0,0
21,148,0,1
21,145,0,0
20,143,0,0
8,75,0,0
5,57,0,0
10,67,0,0
33,160,0,0
34,145,0,0
-8,-28,0,0
-3,-13,0,0
-8,-23,0,0
-20,-53,0,0
-13,-32,0,0
10,84,0,0
5,80,0,0
6,80,0,0
3,77,0,0
5,78,0,0
11,75,0,0
10,74,0,0
7,71,0,0
5,71,0,0
6,71,0,0
44,120,0,1
43,114,0,0
41,97,0,1
42,98,0,0
41,94,0,0
8,-1,0,0
40,94,0,0
39,90,0,1
30,105,0,0
6,-14,0,0
32,106,0,0
35,130,0,0
6,-7,0,0
38,84,0,0
39,84,0,0
13,83,0,0
10,78,0,0
6,67,0,0
12,77,0,0
35,73,0,0
15,115,0,0
13,106,0,0
10,103,0,0
11,105,0,0
16,117,0,0
15,117,0,0
13,110,0,0
16,128,0,0
18,130,0,0
30,127,0,0
31,158,0,0
16,111,0,0
36,76,0,0
35,72,0,0
34,65,0,0
18,151,0,0
33,62,0,1
20,162,0,0
32,61,0,1
43,231,0,1
44,232,0,0
45,234,0,0
46,238,0,0
-4,-15,0,0
44,207,0,0
32,62,0,0
24,169,0,0
40,173,0,0
34,71,0,1
33,65,0,0
32,63,0,1
38,165,0,1
36,138,0,0
33,188,0,0
35,196,0,0
36,142,0,0
35,142,0,0
30,54,0,0
33,182,0,0
30,155,0,0
6,-11,0,0
31,153,0,0
35,146,0,0
41,157,0,0
46,167,0,0
48,168,0,0
43,158,0,0
38,148,0,0
36,143,0,0
15,97,0,0
32,128,0,0
33,131,0,0
35,129,0,0
34,138,0,1
36,131,0,0
9,-9,0,0
34,131,0,0
12,-3,0,0
28,130,0,1
40,149,0,0
5,32,0,0
31,113,0,0
30,111,0,0
17,134,0,0
37,116,0,0
15,111,0,0
42,120,0,0
40,119,0,0
16,115,0,0
33,115,0,0
30,112,0,1
14,112,0,0
10,63,0,0
7,60,0,0
20,148,0,0
4,57,0,0
6,62,0,0
9,64,0,0
5,60,0,0
19,133,0,0
35,145,0,0
34,144,0,0
30,60,0,1
19,145,0,0
17,140,0,0
31,62,0,0
20,145,0,0
12,125,0,0
1,23,0,0
18,146,0,0
34,195,0,0
0,23,0,0
36,145,2,0
30,62,0,2
29,62,0,0
37,145,0,0
39,146,0,0
43,152,0,0
31,74,1,0
18,140,0,1
18,134,0,0
16,123,0,0
13,107,0,0
15,122,0,0
20,161,0,0
21,165,0,0
29,59,0,0
20,160,0,1
22,162,1,0
18,132,0,0
19,168,0,0
16,165,0,0
34,213,0,0
11,155,0,0
34,212,0,0
35,214,0,0
8,152,0,0
12,158,0,0
18,117,0,0
18,173,0,0
21,176,0,0
16,149,0,0
13,117,0,0
18,156,0,0
17,156,0,0
14,153,0,0
11,61,0,0
26,184,0,0
32,150,0,0
32,162,0,0
11,80,0,0
35,219,0,0
36,222,0,0
35,220,0,0
37,228,0,0
38,235,0,0
37,231,0,0
37,227,0,0
35,216,0,0
36,231,0,0
35,224,0,0
34,211,0,0
13,98,0,0
35,213,0,0
33,193,0,0
35,211,0,0
33,192,0,0
17,139,0,0
13,133,0,0
9,127,0,0
8,123,0,0
11,126,0,0
13,127,0,0
39,187,0,0
14,128,0,0
16,129,0,0
17,127,0,0
16,126,0,0
12,119,0,0
17,129,0,0
15,118,0,0
10,114,0,0
6,108,0,0
0,102,0,0
3,105,0,0
8,115,0,0
19,142,0,0
8,69,0,0
34,193,0,0
20,166,0,0
38,224,0,0
36,215,0,0
36,212,0,0
35,207,0,0
34,202,0,0
35,205,0,0
36,209,0,0
36,207,0,0
37,209,0,0
39,211,0,0
38,210,0,0
39,213,0,0
37,208,0,0
34,200,0,0
37,215,0,0
34,205,0,0
36,214,0,0
36,204,0,0
37,205,0,0
39,214,0,0
38,209,0,0
35,198,0,0
37,207,0,0
36,213,0,0
35,204,0,0
32,166,0,0
18,133,0,0
38,164,0,0
41,167,0,0
43,168,0,0
39,162,0,0
18,131,0,0
17,130,0,0
16,127,0,0
19,131,0,0
12,108,0,0
8,102,0,0
9,109,0,0
2,96,0,0
5,99,0,0
10,109,0,0
12,112,0,0
16,125,0,0
15,123,0,0
39,125,0,0
3,52,0,0
6,55,0,0
4,58,0,0
10,61,0,0
29,155,0,0
0,29,0,0
-3,26,0,0
1,29,0,0
0,27,0,0
-3,25,0,0
33,149,0,0
33,152,0,0
33,120,1,0
33,117,0,1
36,120,0,0
29,85,0,0
28,85,0,2
32,101,0,1
34,91,0,0
35,103,0,0
3,43,0,0
7,49,0,0
9,73,0,0
17,168,0,0
14,165,0,0
14,164,0,0
6,140,0,0
11,150,0,0
15,156,0,0
9,141,0,0
3,126,0,0
7,132,0,0
12,142,0,0
15,145,0,0
13,139,0,0
17,143,0,0
18,145,0,0
15,142,0,0
12,139,0,0
15,127,0,0
13,122,0,0
9,116,0,0
15,133,0,0
-9,2,0,0
32,119,0,1
0,30,0,0
-3,27,0,0
36,237,0,0
26,204,0,0
27,209,0,0
26,209,0,0
22,170,0,0
20,149,0,0
13,88,0,0
6,-6,0,0
32,156,0,0
42,185,0,0
43,185,0,0
31,77,0,0
31,150,0,0
17,141,0,0
2,-21,0,0
14,132,0,0
11,129,0,0
-4,-42,0,0
-1,-24,0,0
14,122,0,0
12,121,0,0
5,112,0,0
-1,106,0,0
2,109,0,0
11,127,0,0
14,130,0,0
38,188,0,0
1,-10,0,0
2,-8,0,0
1,-8,0,0
-3,-25,0,0
28,153,0,0
35,152,0,0
37,153,0,0
4,-5,0,0
32,168,0,0
12,124,0,0
12,118,0,0
4,90,0,0
4,96,0,0
2,89,0,0
2,95,0,0
0,88,0,0
6,101,0,0
4,94,0,0
10,107,0,0
8,100,0,0
9,102,0,0
7,101,0,0
10,104,0,0
7,47,0,0
-3,-31,0,0
-2,-14,0,0
-2,-11,0,0
27,152,0,0
29,161,0,0
-4,-12,0,0
-5,-32,0,0
-8,-26,0,0
-13,-41,0,0
-10,-35,0,0
-3,-12,0,0
-7,-29,0,0
-12,-54,0,0
0,-24,0,0
-4,-20,0,0
-7,-32,0,0
-10,-38,0,0
-8,-38,0,0
-5,-35,0,0
-7,-35,0,0
8,47,0,0
-11,-45,0,0
-7,-40,0,0
-8,-33,0,0
-4,-23,0,0
-4,-34,0,0
-1,-25,0,0
-6,-40,0,0
-10,-50,0,0
-13,-65,0,0
-11,-64,0,0
-5,-43,0,0
0,-28,0,0
5,-13,0,0
-5,8,0,0
5,-8,0,0
2,-17,0,0
-4,-11,0,0
-4,-38,0,0
0,-26,0,0
-2,-29,0,0
-5,-56,0,0
-1,-29,0,0
1,-17,0,0
-2,-20,0,0
-5,-26,0,0
-2,-17,0,0
-6,-31,0,0
-9,-40,0,0
-7,-41,0,0
-3,-27,0,0
-5,-28,0,0
-4,-28,0,0
-5,-29,0,0
-1,-11,0,0
-3,-14,0,0
4,-7,0,0
0,26,0,0
7,55,0,0
31,104,0,0
-4,-14,0,0
-8,-20,0,0
-13,-30,0,0
30,72,0,1
24,184,0,0
34,194,0,0
30,145,0,3
-9,-5,0,0
6,-21,0,0
4,-28,0,0
5,-25,0,0
6,-17,0,0
5,-20,0,0
7,-13,0,0
5,-22,0,0
4,-26,0,0
4,-22,0,0
2,-33,0,0
-1,-51,0,0
0,-47,0,0
1,-43,0,0
-1,-56,0,0
37,148,0,0
2,-35,0,0
1,-39,0,0
34,136,0,0
-1,-46,0,0
0,-43,0,0
2,-34,0,0
4,-25,0,0
6,-15,0,0
9,-3,0,0
33,137,0,0
7,-14,0,0
6,-18,0,0
3,-33,0,0
6,-20,0,0
9,-11,0,0
7,-20,0,0
5,-33,0,0
4,-39,0,0
2,-52,0,0
6,-19,0,0
2,-41,0,0
31,114,0,0
5,94,0,0
7,95,0,0
11,101,0,0
6,91,0,0
8,92,0,0
10,93,0,0
12,98,0,0
31,118,0,0
7,91,0,0
9,93,0,0
5,84,0,0
5,87,0,0
-9,-4,0,0
7,85,0,0
2,81,0,0
0,80,0,0
4,62,0,0
-4,78,0,0
-2,79,0,0
5,90,0,0
-11,-7,0,0
4,88,0,0
2,71,0,0
6,77,0,0
3,74,0,0
1,73,0,0
0,73,0,0
-7,52,0,0
-3,70,0,0
6,88,0,0
3,85,0,0
9,91,0,0
3,76,0,0
2,76,0,0
0,75,0,0
1,75,0,0
-3,69,0,0
-6,66,0,0
33,123,0,0
3,82,0,0
6,85,0,0
9,88,0,0
-2,33,0,0
1,36,0,0
6,47,0,0
2,77,0,0
-4,62,0,0
-5,56,0,0
4,78,0,0
-2,63,0,0
11,99,0,0
8,96,0,0
1,74,0,0
7,83,0,0
10,86,0,0
7,80,0,0
1,65,0,0
-10,10,0,0
-17,-11,0,0
-9,17,0,0
1,62,0,0
-5,47,0,0
-3,48,0,0
1,54,0,0
-4,17,0,0
-1,53,0,0
3,59,0,0
2,74,0,0
4,75,0,0
-7,10,0,0
-9,9,0,0
3,75,0,0
7,81,0,0
37,96,0,0
36,94,0,0
36,86,0,0
23,182,0,0
34,79,0,0
23,184,0,0
22,181,0,0
23,180,0,0
36,84,0,0
35,81,0,0
36,83,0,0
21,166,0,0
38,90,0,0
36,85,0,0
35,83,0,0
33,74,0,0
22,167,0,0
24,185,0,0
33,72,0,0
34,74,0,0
33,71,0,1
18,157,0,0
15,154,0,0
21,169,0,0
38,233,0,0
40,230,0,0
25,203,0,0
22,187,0,0
40,224,0,0
41,243,0,0
36,226,0,0
40,232,0,0
37,229,0,0
42,239,0,0
46,245,0,0
45,245,0,0
40,235,0,0
43,238,0,0
38,228,0,0
22,200,0,0
21,194,0,0
24,202,0,0
18,187,0,0
12,172,0,0
6,157,0,0
3,154,0,0
2,154,0,0
8,169,0,0
12,175,0,0
19,196,0,0
23,199,0,0
32,207,0,0
21,182,0,0
43,250,0,0
41,249,0,0
13,118,0,0
11,117,0,0
10,116,0,0
11,121,0,0
9,100,0,0
11,113,0,0
7,107,0,0
6,107,0,0
8,108,0,0
35,71,0,0
9,108,0,0
12,111,0,0
15,114,0,0
0,37,0,0
1,43,0,0
37,86,0,0
17,115,0,0
37,89,0,0
36,87,0,0
37,90,0,1
37,88,0,1
-6,27,0,0
38,137,0,0
-2,61,0,0
-1,61,0,0
6,72,0,0
3,63,0,0
7,72,0,0
2,62,0,0
0,62,0,0
5,64,0,0
8,67,0,0
6,66,0,0
0,60,0,0
-3,57,0,0
1,63,0,0
-1,54,0,0
-2,54,0,0
14,103,0,0
11,100,0,0
-3,54,0,0
-5,53,0,0
9,99,0,0
-11,47,0,0
3,93,0,0
6,96,0,0
-8,50,0,0
8,97,0,0
-6,51,0,0
12,103,0,0
-2,57,0,0
-1,55,0,0
1,52,0,0
2,52,0,0
5,55,0,0
1,49,0,0
0,51,0,0
5,61,0,0
4,56,0,0
4,54,0,0
3,56,0,0
-1,50,0,0
5,63,0,0
-2,50,0,0
4,47,0,0
3,62,0,0
-1,48,0,0
2,56,0,0
7,68,0,0
5,59,0,0
4,59,0,0
8,62,0,0
2,51,0,0
6,57,0,0
6,49,0,0
7,56,0,0
36,88,0,1
36,79,0,0
-4,10,0,0
37,80,0,1
11,97,0,0
9,96,0,0
4,81,0,0
7,84,0,0
29,82,1,0
9,83,0,0
36,74,0,0
10,83,0,0
6,48,0,0
3,45,0,0
5,79,0,0
9,85,0,0
37,77,0,0
9,74,0,0
8,71,0,0
5,68,0,0
4,69,0,0
0,43,0,0
-4,37,0,0
-12,9,0,0
-14,8,0,0
-17,5,0,0
-12,15,0,0
-14,14,0,0
-15,14,0,0
-11,20,0,0
-9,21,0,0
-4,31,0,0
-7,17,0,0
-9,16,0,0
-6,19,0,0
-8,12,0,0
-9,-3,0,0
-13,-9,0,0
-11,-4,0,0
-13,-11,0,0
-10,-8,0,0
38,78,0,0
37,75,0,0
38,77,0,0
-9,-11,0,0
37,74,0,0
-13,-14,0,0
-6,8,0,0
12,82,0,0
-14,-22,0,0
-7,-11,0,0
-9,-18,0,0
-11,-25,0,0
-18,-46,0,0
-17,-40,0,0
-12,-30,0,0
37,78,0,2
9,57,0,0
4,84,0,0
2,48,0,0
-2,42,0,0
-5,39,0,0
-7,38,0,0
0,78,0,0
-12,28,0,0
-3,37,0,0
-15,25,0,0
-6,34,0,0
7,87,0,0
-16,22,0,0
-11,32,0,0
-8,35,0,0
3,60,0,0
2,47,0,0
36,73,0,1
2,54,0,0
4,68,0,0
34,196,0,0
34,58,0,0
38,104,0,0
39,119,0,0
34,105,0,0
35,107,0,0
35,59,0,1
35,183,0,0
34,125,0,0
34,57,0,0
35,58,0,2
12,83,0,0
34,56,0,0
36,65,0,1
35,63,0,1
-5,-17,0,0
-6,-18,0,0
-14,-27,0,0
-9,-21,0,0
-10,-21,0,0
31,207,0,1
5,62,0,0
14,133,0,0
35,61,0,0
5,97,0,0
6,98,0,0
11,108,0,0
36,68,0,0
5,93,0,0
12,113,0,0
0,74,0,0
-5,64,0,0
-14,28,0,0
-8,43,0,0
-2,58,0,0
-7,48,0,0
-1,63,0,0
-5,29,0,0
-10,19,0,0
-4,34,0,0
2,49,0,0
37,70,0,0
-15,-13,0,0
-10,-3,0,0
-11,-8,0,0
-18,-29,0,0
-20,-30,0,0
-22,-31,0,0
-25,-34,0,0
-28,-37,0,0
-20,-24,0,0
-15,-14,0,0
-11,-20,0,0
-13,-29,0,0
-12,-29,0,0
-20,-57,0,0
-14,-42,0,0
-7,-21,0,0
39,75,0,1
37,62,0,0
38,62,0,0
37,59,0,0
36,57,0,0
37,58,0,0
38,60,0,0
36,54,0,0
37,56,0,0
35,49,0,1
36,51,0,0
33,221,0,1
10,80,0,0
4,55,0,0
33,45,0,0
32,44,0,0
31,230,0,0
31,41,0,0
31,38,0,0
30,34,0,0
16,114,0,0
2,50,0,0
3,53,0,0
21,168,0,0
19,165,0,0
18,162,0,0
12,147,0,0
13,151,0,0
15,158,0,0
13,147,0,0
14,151,0,0
15,155,0,0
18,164,0,0
16,131,0,0
12,126,0,0
8,120,0,0
14,135,0,0
11,84,0,0
13,96,0,0
16,119,0,0
4,53,0,0
6,73,0,0
5,73,0,0
4,73,0,0
35,225,0,0
13,115,0,0
11,114,0,0
10,99,0,0
13,123,0,0
6,102,0,0
0,87,0,0
10,115,0,0
36,239,0,0
37,243,0,0
38,243,0,0
36,234,0,0
37,236,0,0
34,221,0,0
31,36,0,1
30,35,0,0
31,35,0,0
9,63,0,0
7,63,0,0
0,-20,0,0
-1,-20,0,0
-6,-30,0,0
-9,-33,0,0
-19,-53,0,0
-13,-38,0,0
35,167,0,1
31,155,0,1
40,184,0,0
42,189,0,0
40,182,0,0
40,174,0,0
41,174,0,0
42,174,0,0
42,176,0,0
41,175,0,0
36,169,0,0
41,180,0,0
39,169,0,0
39,164,0,0
42,169,0,0
41,169,0,0
39,166,0,0
40,169,0,0
35,162,0,0
37,163,0,0
36,154,0,0
36,152,0,0
37,155,0,0
32,138,0,0
38,157,0,0
36,148,0,0
31,121,0,1
35,144,0,1
34,123,0,0
34,143,0,0
32,121,0,0
31,120,0,0
33,141,0,0
32,136,0,0
34,122,0,0
35,123,0,0
38,126,0,0
33,125,0,0
36,126,0,0
38,129,0,0
35,117,0,0
34,114,0,0
37,122,0,0
34,120,0,1
35,115,0,0
35,119,0,0
36,116,0,1
33,114,0,0
30,123,0,0
34,110,0,0
36,111,0,1
34,115,0,0
35,110,0,0
35,111,0,0
34,109,0,0
31,106,0,0
30,91,0,0
30,87,0,0
31,102,0,0
32,83,0,0
31,81,0,1
31,80,0,0
30,77,0,0
32,82,0,0
32,100,0,2
32,36,0,0
32,50,0,0
33,51,0,1
37,87,0,0
35,86,0,0
36,89,0,0
40,95,0,0
37,92,0,0
39,93,0,0
36,90,0,0
33,97,0,0
34,59,0,1
-11,-15,0,0
34,55,0,1
31,34,0,0
33,171,0,1
32,134,0,1
33,134,0,0
35,136,0,0
38,139,0,0
14,110,0,0
11,107,0,0
9,106,0,0
7,105,0,0
8,104,0,0
13,124,0,0
14,114,0,0
9,104,0,0
7,70,0,0
12,115,0,0
15,130,0,0
12,94,0,0
2,82,0,0
17,133,0,0
7,92,0,0
15,124,0,0
4,89,0,0
1,86,0,0
5,92,0,0
1,90,0,0
5,96,0,0
13,114,0,0
11,109,0,0
13,109,0,0
14,118,0,0
8,103,0,0
3,44,0,0
-4,44,0,0
41,173,0,0
2,59,0,0
47,188,0,0
7,69,0,0
51,194,0,0
46,184,0,0
12,87,0,0
1,51,0,0
6,74,0,0
-8,19,0,0
6,75,0,0
-2,34,0,0
2,69,0,0
-1,66,0,0
5,81,0,0
8,60,0,0
2,45,0,0
-10,-27,0,0
-18,-43,0,0
35,208,0,0
38,222,0,0
37,218,0,0
37,220,0,0
36,216,0,0
9,70,0,0
27,36,0,0
35,43,0,0
32,41,0,0
32,65,0,0
33,49,0,0
33,66,0,1
30,46,0,0
35,54,0,1
33,53,0,0
37,55,0,0
38,55,0,0
37,54,0,0
35,53,0,0
33,52,0,0
33,54,0,0
32,53,0,0
31,52,0,0
33,55,0,0
35,57,0,0
33,56,0,1
32,55,0,0
29,49,0,1
35,56,0,0
31,55,0,0
31,61,0,1
34,67,0,0
32,78,0,0
30,73,0,0
35,75,0,0
34,62,0,1
32,73,0,0
31,72,0,0
34,64,0,0
30,63,0,1
35,135,0,0
34,130,0,1
29,76,0,0
33,101,0,0
0,40,0,0
5,48,0,0
2,-10,0,0
-4,28,0,0
-2,29,0,0
34,78,0,0
-7,27,0,0
-6,28,0,0
-5,26,0,0
-7,25,0,0
-6,25,0,0
-4,9,0,0
-8,3,0,0
-8,2,0,0
-10,1,0,0
-9,1,0,0
-12,0,0,0
-12,-7,0,0
-12,-4,0,0
-8,-2,0,0
-8,-3,0,0
34,127,0,0
-7,-1,0,0
34,126,0,0
10,-1,0,0
8,-2,0,0
0,-13,0,0
4,-8,0,0
5,-7,0,0
9,-7,0,0
2,-16,0,0
0,-12,0,0
4,-9,0,0
11,-1,0,0
10,-3,0,0
9,-4,0,0
8,-5,0,0
2,-12,0,0
9,-5,0,0
3,-10,0,0
11,-2,0,0
10,-2,0,0
12,-1,0,0
7,-4,0,0
3,-5,0,0
7,-3,0,0
8,-3,0,0
7,-6,0,0
7,-5,0,0
6,-5,0,0
4,-10,0,0
3,-6,0,0
6,59,0,0
0,53,0,0
-9,44,0,0
-8,44,0,0
-4,50,0,0
0,47,0,0
0,50,0,0
5,54,0,0
-3,46,0,0
-4,46,0,0
-1,49,0,0
-4,40,0,0
-5,40,0,0
-8,37,0,0
-11,34,0,0
-17,28,0,0
-14,31,0,0
-6,44,0,0
-3,47,0,0
1,53,0,0
-2,38,0,0
0,39,0,0
-3,36,0,0
1,42,0,0
-1,41,0,0
3,47,0,0
-1,39,0,0
-5,33,0,0
-10,23,0,0
-11,23,0,0
-1,23,0,0
-8,26,0,0
-9,26,0,0
1,44,0,0
-6,21,0,0
-1,25,0,0
0,28,0,0
35,98,0,0
-14,-16,0,0
-13,-16,0,0
-15,-17,0,0
-12,-14,0,0
-14,-15,0,0
-17,-18,0,0
-18,-18,0,0
-14,-12,0,0
-16,-13,0,0
-4,4,0,0
34,98,0,1
-16,-35,0,0
36,117,0,0
37,117,0,0
38,296,0,0
36,112,0,0
35,105,0,0
36,105,0,0
34,69,0,0
-5,-14,0,0
-3,-11,0,0
1,-24,0,0
3,-21,0,0
3,-18,0,0
4,-16,0,0
5,-14,0,0
-1,-15,0,0
-2,-35,0,0
0,-11,0,0
-4,-40,0,0
-2,-37,0,0
-2,-16,0,0
-4,-19,0,0
-7,-22,0,0
-12,-43,0,0
-17,-53,0,0
-20,-56,0,0
-21,-59,0,0
-5,-45,0,0
-1,-39,0,0
-21,-67,0,0
-5,-53,0,0
-24,-79,0,0
-30,-100,0,0
-32,-105,0,0
-35,-117,0,0
-39,-123,0,0
-7,-58,0,0
-42,-135,0,0
-45,-141,0,0
-40,-116,0,0
-2,-33,0,0
-38,-113,0,0
0,-30,0,0
-33,-103,0,0
-30,-97,0,0
-25,-82,0,0
-21,-72,0,0
-17,-66,0,0
-12,-51,0,0
-8,-41,0,0
-4,-31,0,0
9,-14,0,0
0,-21,0,0
5,-6,0,0
13,-8,0,0
4,-15,0,0
8,-23,0,0
3,-38,0,0
32,66,0,0
40,116,0,0
44,126,0,0
39,111,0,0
34,86,0,0
35,92,0,0
38,119,0,0
8,-7,0,0
41,146,0,0
7,-12,0,0
41,134,0,0
44,143,0,0
40,125,0,0
35,100,0,0
38,112,0,0
41,124,0,0
45,138,0,0
48,150,0,0
52,160,0,0
47,140,0,0
49,141,0,0
45,127,0,0
34,75,0,0
33,60,0,0
36,66,0,0
34,63,0,0
37,67,0,0
35,64,0,0
36,75,0,0
10,-10,0,0
3,-9,0,0
4,-13,0,0
4,-37,0,0
12,-7,0,0
9,-13,0,0
5,-23,0,0
3,-28,0,0
0,-34,0,0
-3,-40,0,0
1,-30,0,0
6,-23,0,0
11,-8,0,0
10,-13,0,0
12,-8,0,0
13,-3,0,0
40,100,0,0
42,101,0,0
38,87,0,0
34,73,0,0
7,-9,0,0
11,-6,0,0
2,-19,0,0
10,-14,0,0
35,77,0,0
37,183,0,0
31,141,0,0
38,195,0,0
47,219,0,0
41,198,0,0
34,177,0,0
36,180,0,0
39,99,0,0
35,201,0,0
36,205,0,0
35,85,0,0
37,101,0,0
36,97,0,0
38,114,0,1
34,100,0,0
37,144,0,1
34,181,0,0
38,150,0,1
39,149,0,0
34,106,0,0
34,107,0,0
34,90,0,0
36,158,0,0
40,176,0,0
41,181,0,0
42,186,0,0
43,188,0,0
44,193,0,0
42,180,0,0
34,157,0,0
41,156,0,0
41,163,0,0
40,160,0,0
39,157,0,0
40,159,0,0
39,158,0,0
33,83,0,1
35,94,0,0
34,92,0,1
36,137,0,0
37,140,0,0
33,89,0,1
36,95,0,0
36,130,0,0
37,131,0,0
37,133,0,0
36,96,0,0
37,99,0,0
37,102,0,0
36,98,0,0
37,103,0,1
35,96,0,0
34,121,0,1
34,82,0,0
32,68,0,0
1,-16,0,0
-1,-21,0,0
33,73,0,0
37,84,0,0
41,82,0,0
-2,-24,0,0
34,83,0,0
32,75,0,0
31,119,0,0
31,44,0,0
35,50,0,0
37,51,0,0
42,99,0,0
45,102,0,0
43,66,0,0
48,105,0,0
47,72,0,0
50,75,0,0
51,108,0,0
53,109,0,0
52,76,0,0
55,79,0,0
58,82,0,0
62,88,0,0
66,94,0,0
43,80,0,0
39,74,0,0
36,71,0,1
-9,-17,0,0
43,92,0,0
45,93,0,0
57,78,0,0
42,90,0,0
54,75,0,0
39,87,0,0
41,92,0,0
51,72,0,0
45,98,0,0
46,62,0,0
42,56,0,0
39,91,0,0
40,55,0,0
43,58,0,0
42,94,0,0
38,88,0,0
39,52,0,0
35,46,0,0
32,43,0,0
-8,-21,0,0
-3,-16,0,0
-14,-41,0,0
-18,-47,0,0
-13,-31,0,0
-7,11,0,0
2,31,0,0
-12,1,0,0
-12,-32,0,0
-6,16,0,0
-16,-38,0,0
-11,-28,0,0
-5,-13,0,0
-6,15,0,0
31,54,0,0
-9,-14,0,0
-10,-18,0,0
-14,-24,0,0
38,107,0,0
39,81,0,0
45,96,0,0
40,83,0,0
42,84,0,0
41,83,0,0
38,80,0,0
-4,18,0,0
-7,15,0,0
33,76,0,0
34,76,0,0
35,76,0,0
39,78,0,0
36,77,0,1
32,71,0,0
35,74,0,0
39,80,0,0
39,104,0,0
-5,16,0,0
-9,6,0,0
42,116,0,0
-7,7,0,0
40,111,0,0
38,106,0,0
37,94,0,0
35,79,0,0
-1,21,0,0
-6,-13,0,0
37,79,0,0
39,177,0,0
43,183,0,0
48,193,0,0
53,203,0,0
45,175,0,0
38,166,0,0
5,72,0,0
1,66,0,0
6,76,0,0
37,126,0,0
41,132,0,0
35,93,0,0
4,48,0,0
-1,38,0,0
-2,52,0,0
35,180,0,0
35,70,0,0
34,68,0,0
35,68,0,1
-11,-16,0,0
32,60,0,0
30,51,0,0
40,144,0,0
38,144,0,0
46,159,0,0
41,147,0,0
49,162,0,0
44,150,0,0
46,151,0,0
51,161,0,0
45,156,0,0
55,167,0,0
61,182,0,0
66,192,0,0
68,193,0,0
47,157,0,0
60,165,0,0
56,159,0,0
43,151,0,0
53,156,0,0
41,150,0,0
40,150,0,0
49,150,0,0
36,144,0,0
42,141,0,0
38,135,0,0
35,133,0,0
23,6,0,0
-2,59,0,0
22,5,0,0
32,116,0,0
31,53,0,0
37,91,0,0
41,125,0,0
45,104,0,0
46,135,0,0
48,136,0,0
51,139,0,0
47,105,0,0
52,139,0,0
51,111,0,0
55,117,0,0
56,145,0,0
60,151,0,0
59,123,0,0
57,148,0,0
50,87,0,0
46,81,0,0
48,112,0,0
41,71,0,0
37,65,0,0
43,102,0,0
29,52,0,1
38,92,0,0
47,128,0,0
49,129,0,0
52,132,0,0
40,89,0,0
48,126,0,0
31,71,0,0
43,116,0,0
21,4,0,0
40,113,0,0
50,133,0,0
42,87,0,0
45,90,0,0
44,118,0,0
39,108,0,0
40,80,0,0
35,102,0,0
32,99,0,0
20,3,0,0
32,54,0,0
38,121,0,0
19,3,0,0
33,58,0,0
1,78,0,0
6,82,0,0
-2,70,0,0
-1,72,0,0
-6,62,0,0
-9,59,0,0
-3,65,0,0
6,87,0,0
12,102,0,0
6,78,0,0
8,88,0,0
3,78,0,0
6,81,0,0
2,75,0,0
8,81,0,0
41,122,0,0
45,141,0,0
47,142,0,0
38,123,0,0
48,148,0,0
39,112,0,0
43,126,0,0
39,124,0,0
40,124,0,0
36,118,0,0
39,121,0,0
42,124,0,0
46,130,0,0
43,117,0,0
46,120,0,0
49,133,0,0
44,123,0,0
50,138,0,0
49,123,0,0
53,141,0,0
45,113,0,0
52,126,0,0
50,123,0,0
56,132,0,0
60,138,0,0
54,129,0,0
57,132,0,0
63,141,0,0
8,61,0,0
66,144,0,0
60,135,0,0
67,147,0,0
71,153,0,0
66,147,0,0
53,126,0,0
72,162,0,0
59,141,0,0
63,147,0,0
64,147,0,0
76,168,0,0
58,132,0,0
54,126,0,0
70,150,0,0
50,120,0,0
62,138,0,0
46,114,0,0
42,108,0,0
37,98,0,0
61,134,0,0
56,124,0,0
57,124,0,0
53,118,0,0
49,112,0,0
44,102,0,0
40,96,0,1
39,92,0,0
-6,20,0,0
-7,20,0,0
-10,14,0,0
-15,4,0,0
-9,19,0,0
-14,9,0,0
-8,24,0,0
-9,24,0,0
-3,39,0,0
-2,39,0,0
0,46,0,0
35,82,0,0
35,143,0,0
37,146,0,0
35,141,0,0
37,161,0,0
37,85,0,0
40,91,0,0
39,88,0,0
40,88,0,0
40,92,0,0
41,93,0,0
38,91,0,0
6,52,0,0
39,89,0,0
5,44,0,0
42,103,0,0
41,100,0,0
40,93,0,0
37,76,0,0
41,95,0,0
38,81,0,0
39,83,0,0
42,104,0,0
41,101,0,0
43,112,0,0
42,109,0,0
43,113,0,1
40,98,0,0
39,97,0,0
38,96,0,0
40,97,0,1
33,69,0,0
40,99,0,0
39,96,0,0
1,-13,0,0
0,-15,0,0
-1,-16,0,0
-2,-18,0,0
-1,-14,0,0
38,95,0,0
39,95,0,0
-6,-21,0,0
38,75,0,0
37,71,0,1
1,-12,0,0
-1,-19,0,0
-2,-19,0,0
-4,-16,0,0
-5,-21,0,0
-7,-26,0,0
-3,-24,0,0
-8,-27,0,0
-9,-30,0,0
-5,-25,0,0
-11,-31,0,0
-12,-34,0,0
-6,-27,0,0
-13,-36,0,0
-11,-29,0,0
-10,-28,0,0
-8,-25,0,0
-6,-20,0,0
-4,-22,0,0
-2,-21,0,0
0,-9,0,0
0,-17,0,0
1,-15,0,0
3,-8,0,0
-8,-11,0,0
-12,-21,0,0
-13,-22,0,0
-14,-23,0,0
27,19,0,0
22,9,0,0
-16,-28,0,0
-16,-19,0,0
-14,-14,0,0
-12,-11,0,0
-9,-8,0,0
-10,-11,0,0
-7,-6,0,0
-10,-9,0,0
-13,-12,0,0
-16,-15,0,0
-11,-11,0,0
0,-7,0,0
-2,-12,0,0
-4,-17,0,0
-7,-17,0,0
-8,-16,0,0
-11,-10,0,0
-10,-5,0,0
-11,-6,0,0
-14,-8,0,0
-15,-8,0,0
-8,-14,0,0
-8,18,0,0
-14,-6,0,0
-12,-3,0,0
-2,32,0,0
-10,0,0,0
-12,-1,0,0
-9,-1,0,0
35,65,0,0
32,69,0,0
-1,37,0,0
36,62,0,0
35,62,0,0
36,61,0,1
36,63,0,0
37,57,0,0
38,70,0,0
39,70,0,0
30,27,0,0
24,12,0,0
38,65,0,0
37,63,0,1
-9,-10,0,0
-12,-13,0,0
-15,-16,0,0
-18,-19,0,0
-16,-12,0,0
-10,-6,0,0
-13,-4,0,0
38,64,0,0
38,61,0,0
39,63,0,0
40,66,0,0
39,65,0,0
38,63,0,0
36,52,0,1
10,91,0,0
35,47,0,0
36,58,0,0
34,50,0,0
34,72,0,0
-5,13,0,0
-7,6,0,0
-9,5,0,0
-8,5,0,0
-7,5,0,0
-6,7,0,0
-7,4,0,0
33,47,0,0
33,41,0,0
35,48,0,0
-12,-6,0,0
33,39,0,0
32,39,0,2
19,4,0,1
34,53,0,1
35,55,0,0
34,54,0,0
3,-7,0,0
37,68,0,0
47,956,0,1
49,973,0,0
50,952,0,1
47,954,0,0
47,951,0,1
23,10,0,0
31,51,0,0
36,92,0,1
34,87,0,0
42,791,0,1
43,788,0,1
41,790,0,0
43,791,0,1
44,788,0,1
43,803,0,0
44,803,0,0
45,804,0,0
46,816,0,0
47,817,0,0
49,830,0,0
47,819,0,0
46,818,0,0
46,801,0,0
47,815,0,0
45,801,0,0
40,653,0,0
43,665,0,0
41,651,0,0
41,650,0,0
35,91,0,0
38,638,0,0
33,80,0,0
37,637,0,1
40,643,0,1
38,642,0,0
41,648,0,0
39,647,0,0
40,647,0,0
42,653,0,0
41,649,0,0
40,652,0,0
41,652,0,0
43,658,0,0
42,654,0,0
40,648,0,0
39,648,0,0
40,641,0,0
34,508,0,0
37,514,0,0
36,510,0,0
35,508,0,0
36,507,0,1
35,84,0,0
36,504,0,0
34,502,0,1
36,508,0,0
35,504,0,0
35,80,0,0
36,81,0,0
33,63,0,3
34,66,0,0
33,502,1,0
32,502,0,0
38,512,0,1
37,512,0,0
37,507,0,0
34,500,0,0
42,522,0,0
32,492,0,0
33,495,0,0
31,487,0,0
32,490,0,0
33,492,0,0
43,526,0,0
33,494,0,0
32,491,0,0
34,495,0,0
37,594,0,0
36,69,0,0
37,599,0,0
39,602,0,1
37,69,0,0
39,608,0,0
38,67,0,0
43,610,0,0
44,610,0,0
36,64,0,0
41,615,0,2
33,50,0,1
42,619,0,2
45,611,0,2
44,606,0,0
43,621,0,0
30,45,0,1
44,622,0,0
31,45,0,0
42,622,0,0
39,600,0,1
38,600,0,1
43,622,0,1
39,612,0,3
38,608,0,3
43,605,0,1
39,603,0,0
40,614,0,1
38,609,0,3
35,454,0,1
33,449,0,1
38,462,0,2
34,452,0,1
34,454,0,0
35,457,0,0
36,459,0,0
35,459,0,0
36,462,0,0
33,448,0,1
37,464,0,0
36,464,0,0
41,477,0,0
35,460,0,0
36,463,0,0
34,446,0,0
35,458,0,0
36,461,0,0
37,463,0,0
34,453,0,0
34,404,0,0
33,401,0,0
32,396,0,0
32,394,0,0
33,397,0,0
34,399,0,0
37,403,0,0
35,400,0,0
33,67,0,1
31,390,0,2
31,389,0,1
34,70,0,0
32,393,0,1
33,395,0,1
35,376,0,0
34,374,0,0
29,360,0,1
35,66,0,0
35,67,0,0
-8,-10,0,0
30,363,0,2
34,378,0,1
31,366,0,1
32,368,0,1
32,370,0,0
33,372,0,0
31,367,0,0
34,377,0,0
31,365,0,0
30,362,0,1
36,357,0,0
32,367,0,0
29,314,0,0
28,311,0,0
27,305,0,1
31,320,0,0
38,71,0,0
36,60,0,0
37,61,0,0
32,320,0,1
30,322,0,1
27,307,0,1
29,309,0,1
28,305,0,1
34,51,0,0
34,52,0,1
35,60,0,1
37,73,0,0
36,70,0,0
35,69,0,0
27,224,0,0
28,228,0,0
25,221,0,0
38,76,0,0
38,74,0,0
40,81,0,0
41,84,0,0
42,88,0,0
41,85,0,0
40,82,0,0
38,69,0,0
39,67,0,1
41,72,0,0
40,69,0,0
37,48,0,0
31,46,0,0
32,38,0,0
35,51,0,0
37,52,0,0
39,53,0,0
41,54,0,0
38,54,0,0
45,56,0,0
42,53,0,0
40,52,0,0
38,49,0,0
36,48,0,0
39,51,0,0
42,95,0,0
34,48,0,0
42,76,0,0
36,91,0,0
35,52,0,0
37,53,0,0
36,56,0,0
42,71,0,0
38,66,0,0
45,74,0,0
44,72,0,0
41,69,0,0
34,60,0,0
34,94,0,1
36,100,0,0
40,71,0,0
33,70,0,0
37,64,0,0
37,121,0,0
41,120,0,0
46,126,0,0
36,59,0,0
43,120,0,0
40,114,0,0
37,111,0,0
36,113,0,0
41,123,0,0
38,86,0,0
36,55,0,0
38,99,0,0
37,95,0,0
17,2,0,0
31,40,0,0
31,39,0,0
41,144,0,1
2,-9,0,0
8,-4,0,0
-11,-17,0,0
-1,-12,0,0
-2,-13,0,0
0,-10,0,0
42,155,0,0
-9,27,0,0
-6,30,0,0
20,4,0,0
41,155,0,0
-4,27,0,0
40,154,0,0
-2,26,0,0
-8,11,0,0
-11,8,0,0
39,144,0,0
-9,3,0,0
-10,2,0,0
-11,1,0,0
-11,-5,0,0
-12,-5,0,0
-11,0,0,0
-10,-2,0,0
38,151,0,0
-11,-2,0,0
39,156,0,0
-17,-12,0,0
-13,-5,0,0
-13,-6,0,0
38,149,0,0
37,147,0,0
37,149,0,0
-15,-9,0,0
-10,-7,0,0
-13,-7,0,0
-14,-7,0,0
-10,-14,0,0
-15,-24,0,0
-14,-20,0,0
-13,-23,0,0
-12,-19,0,0
35,113,0,0
32,37,0,0
32,155,0,0
35,45,0,1
30,126,0,0
34,43,0,0
34,45,0,0
36,49,0,0
33,44,0,0
33,43,0,1
34,44,0,0
33,37,0,0
29,21,0,0
-11,-14,0,0
-10,-12,0,0
26,15,0,1
24,14,0,0
33,48,0,0
-12,-15,0,0
-13,-15,0,0
30,39,0,0
-3,24,0,0
-5,21,0,0
-8,20,0,0
-4,22,0,0
-4,19,0,0
-8,13,0,0
-6,14,0,0
-7,24,0,0
-10,17,0,0
-4,24,0,0
-13,13,0,0
-19,7,0,0
-16,10,0,0
-12,16,0,0
38,118,0,0
37,115,0,0
-6,22,0,0
35,121,0,0
41,131,0,0
43,134,0,0
39,130,0,0
-8,15,0,0
-1,26,0,0
-9,12,0,0
-10,12,0,0
-7,18,0,0
40,136,0,0
38,131,0,0
37,129,0,0
-10,13,0,0
-15,3,0,0
-14,2,0,0
-16,3,0,0
-17,3,0,0
-15,2,0,0
-14,6,0,0
-12,5,0,0
-15,6,0,0
-13,5,0,0
-16,6,0,0
-13,9,0,0
-10,8,0,0
35,126,0,0
-7,14,0,0
-9,15,0,0
38,132,0,0
35,124,0,0
35,127,0,0
-14,-4,0,0
-13,-3,0,0
-14,-13,0,0
-13,-13,0,0
-16,-17,0,0
38,147,0,0
34,134,0,0
-12,-9,0,0
-15,-12,0,0
-5,-12,0,0
-8,-15,0,0
-9,-15,0,0
-10,-19,0,0
-14,-25,0,0
-13,-25,0,0
-9,-19,0,0
-12,-22,0,0
34,102,0,0
34,112,0,0
36,115,0,0
40,123,0,0
41,118,0,0
42,118,0,0
41,117,0,0
41,119,0,0
40,120,0,0
39,120,0,0
38,116,0,0
39,118,0,0
40,121,0,1
42,132,0,0
43,136,0,0
44,139,0,0
46,140,0,0
47,141,0,0
43,119,0,0
42,111,0,0
41,111,0,0
40,110,0,0
41,110,0,0
39,107,1,0
38,98,0,0
35,88,0,0
34,89,0,0
35,41,0,0
33,40,0,0
33,75,0,0
35,95,0,0
32,104,0,0
37,109,0,0
35,106,0,0
36,110,0,0
31,56,0,0
36,129,0,0
36,128,0,0
33,64,0,0
32,80,0,0
-13,-49,0,0
-6,-28,0,0
32,79,0,0
39,492,0,1
37,459,0,0
38,464,0,0
37,460,0,0
38,463,0,0
33,348,0,0
30,53,0,1
37,119,0,0
37,120,0,0
33,349,0,0
32,343,0,0
32,344,0,0
38,82,0,0
37,130,0,0
37,134,0,0
31,339,0,0
36,133,0,0
35,132,0,0
36,134,0,0
29,290,0,0
30,295,0,0
36,132,0,1
35,131,0,0
-2,-22,0,0
6,-10,0,0
7,-10,0,0
5,-15,0,0
-1,-22,0,0
1,-19,0,0
4,-18,0,0
-2,-25,0,0
3,-19,0,0
-3,-26,0,0
1,-20,0,0
2,-20,0,0
30,71,0,1
-3,-35,0,0
-6,-41,0,0
-5,-27,0,0
-8,-44,0,0
-11,-47,0,0
-7,-37,0,0
-6,-34,0,0
-11,-41,0,0
-7,-28,0,0
-10,-34,0,0
-14,-47,0,0
-8,-35,0,0
-16,-50,0,0
-19,-56,0,0
-12,-37,0,0
-22,-62,0,0
-6,-23,0,0
-24,-65,0,0
-14,-40,0,0
-12,-36,0,0
-26,-66,0,0
-16,-41,0,0
-13,-44,0,0
-22,-56,0,0
-12,-31,0,0
-9,-34,0,0
-16,-43,0,0
-5,-24,0,0
-3,-23,0,0
-10,-32,0,0
-5,-23,0,0
-1,-18,0,0
3,-13,0,0
2,-15,0,0
4,-14,0,0
6,-9,0,0
30,52,0,0
38,59,0,0
-9,-23,0,0
-11,-24,0,0
-16,-23,0,0
-18,-24,0,0
-21,-27,0,0
-25,-33,0,0
-26,-33,0,0
-27,-34,0,0
-28,-36,0,0
-30,-39,0,0
9,-8,0,0
-23,-11,0,0
-11,4,0,0
-19,-5,0,0
-25,-26,0,0
-27,-27,0,0
-24,-21,0,0
-20,-11,0,0
-17,-5,0,0
-14,1,0,0
-18,-5,0,0
-16,-4,0,0
-13,-8,0,0
-20,-10,0,0
-17,-4,0,0
-16,-9,0,0
-19,-7,0,0
-19,-12,0,0
-22,-10,0,0
-17,-9,0,0
-20,-7,0,0
-20,-15,0,0
-11,18,0,0
-19,-14,0,0
41,98,0,0
33,78,0,0
-11,-18,0,0
-13,-19,0,0
41,73,0,0
1,-14,0,0
2,-14,0,0
-1,-17,0,0
3,-12,0,0
0,-19,0,0
-9,-20,0,0
3,-14,0,0
-9,-25,0,0
-5,-19,0,0
32,45,0,0
-6,-16,0,0
-10,-31,0,0
-6,-25,0,0
39,58,0,0
38,72,0,0
32,57,0,0
-4,-29,0,0
12,-4,0,0
11,-9,0,0
-5,-34,0,0
14,-2,0,0
-8,-32,0,0
-12,-38,0,0
-16,-48,0,0
-11,-38,0,0
-9,-38,0,0
-12,-44,0,0
-21,-65,0,0
-25,-75,0,0
-20,-55,0,0
-24,-61,0,0
-23,-61,0,0
-26,-67,0,0
-30,-77,0,0
-24,-62,0,0
-19,-47,0,0
-14,-32,0,0
37,143,0,0
40,151,0,0
39,147,0,0
38,143,0,0
37,142,0,0
35,112,0,0
36,114,0,0
2,46,0,0
6,61,0,0
2,55,0,0
40,105,0,0
37,113,0,0
43,101,0,0
52,111,0,0
53,111,0,0
55,112,0,0
37,112,0,0
56,114,0,0
59,117,0,0
51,89,0,0
47,83,0,0
54,104,0,0
56,105,0,0
55,105,0,0
51,99,0,0
46,89,0,0
42,83,0,0
-5,23,0,0
44,88,0,0
43,85,0,0
46,88,0,0
-11,6,0,0
-14,3,0,0
-18,-3,0,0
-22,-9,0,0
-17,1,0,0
-12,11,0,0
-13,7,0,0
-7,22,0,0
-4,25,0,0
2,40,0,0
-3,34,0,0
-3,31,0,0
3,46,0,0
-1,40,0,0
9,76,0,0
7,76,0,0
7,77,0,0
1,45,0,0
2,65,0,0
1,61,0,0
1,59,0,0
0,57,0,0
0,56,0,0
0,58,0,0
2,66,0,0
4,71,0,0
3,68,0,0
-1,56,0,0
3,70,0,0
8,85,0,0
9,90,0,0
1,39,0,0
8,66,0,0
37,118,0,0
-1,-13,0,0
33,90,0,0
24,236,0,0
35,90,0,0
26,243,0,0
24,201,0,0
24,199,0,0
30,28,0,0
3,90,0,0
13,103,0,0
2,84,0,0
0,83,0,0
-3,74,0,0
0,77,0,0
2,78,0,0
-1,75,0,0
1,76,0,0
4,79,0,0
13,113,0,0
22,8,0,1
20,5,0,0
21,5,0,0
36,43,0,0
37,43,0,0
23,5,0,1
24,5,0,0
25,5,0,0
22,4,0,0
18,2,0,0
19,2,0,0
27,16,0,0
28,16,0,0
26,9,0,1
22,7,0,0
25,9,0,0
38,155,0,0
38,154,0,0
40,152,0,0
34,278,0,1
33,270,0,0
34,274,0,0
23,9,0,1
24,9,0,1
6,-4,0,0
21,6,0,0
-3,-18,0,0
0,-18,0,0
48,92,0,0
45,86,0,0
39,86,0,0
40,87,0,0
44,93,0,0
45,94,0,0
41,90,0,0
38,85,0,0
37,104,0,0
43,125,0,0
45,126,0,0
48,132,0,0
47,130,0,0
48,133,0,0
-4,20,0,0
-7,19,0,0
-9,18,0,0
-13,16,0,0
-5,19,0,0
-8,16,0,0
25,14,0,0
-10,15,0,0
-14,13,0,0
-11,16,0,0
-7,8,0,0
-10,4,0,0
26,222,0,0
23,202,0,0
20,196,0,0
22,202,0,0
25,205,0,0
36,53,0,0
39,55,0,0
0,49,0,0
-2,48,0,0
-8,42,0,0
-5,45,0,0
1,46,0,0
-2,45,0,0
2,53,0,0
-4,42,0,0
-5,42,0,0
9,60,0,0
0,45,0,0
-1,43,0,0
-1,42,0,0
-2,20,0,0
-14,-18,0,0
31,28,0,0
28,22,0,0
31,23,0,0
30,23,0,0
30,24,0,0
31,25,0,0
32,25,0,0
30,25,0,0
34,30,0,0
32,29,0,0
31,29,0,0
32,30,0,0
33,30,0,0
-10,6,0,0
-10,7,0,0
-8,10,0,0
-15,-18,0,0
0,38,0,0
-2,36,0,0
-4,36,0,0
-7,31,0,0
-9,30,0,0
-11,30,0,0
-10,30,0,0
-8,31,0,0
-6,32,0,0
-5,32,0,0
-2,35,0,0
-5,30,0,0
-9,23,0,0
-8,23,0,0
-10,22,0,0
-9,13,0,0
-14,-2,0,0
-15,-2,0,0
-13,-1,0,0
-11,2,0,0
-13,0,0,0
-8,6,0,0
13,-1,0,0
14,-1,0,0
22,6,0,1
-10,5,0,0
0,-16,0,0
-6,-35,0,0
-5,-36,0,0
-6,-36,0,0
-2,-27,0,0
-8,-47,0,0
-11,-9,0,0
-4,-13,0,0
-7,-18,0,0
4,-12,0,0
-8,-17,0,0
32,34,0,0
9,-6,0,0
16,0,0,0
-9,7,0,0
-9,10,0,0
-11,13,0,0
-12,13,0,0
-10,9,0,0
-11,9,0,0
-12,8,0,0
-13,8,0,0
-15,7,0,0
-12,10,0,0
-13,10,0,0
-11,10,0,0
-9,11,0,0
32,40,0,0
34,41,0,0
36,42,0,0
-5,-18,0,0
29,19,0,0
30,20,0,0
-7,16,0,0
31,24,0,0
29,24,0,0
-11,12,0,0
29,17,0,0
30,17,0,0
31,17,0,0
29,16,0,0
27,15,0,0
17,1,0,0
25,13,0,0
-9,-13,0,0
-4,23,0,0
23,7,0,0
24,7,0,1
25,7,0,0
25,8,0,0
26,8,0,0
24,8,0,0
25,11,0,0
24,10,0,0
25,10,0,0
-7,-13,0,0
-14,-3,0,0
11,-3,0,0
25,12,0,0
28,13,0,0
26,12,0,0
30,14,0,0
31,14,0,0
34,17,0,0
33,17,0,0
31,16,0,0
35,22,0,0
36,22,0,0
30,16,0,0
28,15,0,0
27,13,0,0
29,14,0,0
26,13,0,0
