2,3,-1
3,1,4
2,1,1
7,2,15
1,0,3
0,0,1
8,10,11
12,28,9
41,135,13
18,25,12
5,3,4
99,328,46
21,82,4
13,58,2
19,58,12
19,77,7
17,76,3
17,61,4
11,55,1
17,76,5
15,56,4
15,56,9
62,333,20
14,56,12
32,95,30
0,0,2
2,1,3
5,4,2
11,14,8
11,17,5
2,1,2
142,9592,5
51,251,40
90,352,38
54,158,22
29,172,9
40,204,12
40,124,14
14,30,12
32,132,12
54,215,17
15,78,3
5,3,19
5,3,9
9,15,16
23,62,10
4,1,4
17,18,21
19,28,17
4,2,2
19,33,17
0,0,1
71,260,45
29,103,30
5,4,2
33,43,23
2,1,1
3,1,5
2,1,6
7,10,5
2,0,4
0,0,1
102,593,36
34,104,15
5,3,5
5,0,9
53,116,86
8,5,23
10,9,16
15,7,14
3,1,4
195,18148,7
1,0,4
1,0,1
8,1,12
12,4,9
12,23,15
3,1,4
10,12,7
2,0,3
0,0,1
7,9,4
0,0,1
6,3,5
16,92,2
2,1,2
32,80,32
26,101,6
12,55,2
12,55,2
35,102,17
20,63,15
11,55,2
20,65,9
11,55,5
12,55,8
23,80,10
40,407,5
19,66,9
15,37,14
6,4,5
9,6,18
19,17,16
0,0,1
15,79,6
2,1,1
5,2,6
24,62,12
7,6,3
72,310,32
2,0,3
31,89,13
36,128,12
3,1,2
23,67,10
13,31,4
60,273,38
186,13914,9
22,70,23
144,9595,8
7,7,9
79,1969,15
9,12,5
8,3,7
12,55,13
13,36,7
9,12,12
4,2,10
39,116,16
2,1,3
13,11,26
68,1955,11
0,0,1
3,1,2
9,13,4
3,1,4
27,64,29
29,77,13
35,102,66
5,6,12
35,155,11
5,6,5
4,6,2
4,6,1
9,12,5
4,6,3
1,0,1
12,12,8
16,59,6
12,55,7
1,0,1
36,92,27
5,7,7
30,216,17
11,11,7
6,4,5
2,1,2
27,21,74
13,6,26
0,0,1
65,219,67
170,9657,68
0,0,1
49,107,33
2,1,1
35,84,17
301,23431,22
137,646,59
72,622,19
5,4,2
5,2,4
199,18149,16
12,15,5
209,18164,13
15,30,5
10,5,19
26,22,28
21,26,27
81,214,65
17,14,18
28,44,12
374,32029,17
3,3,2
12,7,26
3,1,3
6,1,9
5,0,14
10,6,13
4,1,5
28,62,16
3,0,3
13,13,10
0,0,1
2,0,3
5,1,11
15,34,12
229,18177,34
61,230,35
7,3,16
1,0,3
4,0,8
7,6,18
1,0,5
17,46,11
15,8,21
15,6,19
23,34,45
0,0,3
0,0,2
4,1,6
39,36,84
2,1,3
0,0,1
2,1,6
16,20,33
7,4,12
18,14,11
22,43,35
14,58,2
23,79,7
29,81,14
44,338,12
30,110,10
30,100,16
20,74,5
50,205,12
14,61,3
30,104,15
11,55,7
50,157,17
0,0,1
13,25,5
13,21,5
8,28,3
62,174,36
7,2,15
18,31,10
29,145,11
6,0,29
83,348,40
10,1,25
24,45,13
4,3,11
4,3,3
2,0,2
149,9595,22
10,2,11
1,0,2
47,314,13
14,15,9
17,16,42
9,12,8
0,0,4
19,36,22
48,85,30
59,280,33
10,10,7
8,6,9
2,0,2
2,0,8
58,180,45
6,1,14
30,31,43
9,7,23
5,0,8
143,9592,17
3,0,14
59,202,18
9,6,9
25,46,13
13,11,11
46,126,49
0,0,1
30,113,23
17,59,9
43,60,54
23,60,25
27,56,26
4,2,4
23,85,18
8,3,11
10,22,4
4,3,3
3,3,3
31,39,43
5,6,4
62,135,40
11,13,6
39,51,66
0,0,1
2,0,6
1,0,1
8,6,8
14,28,5
5,6,4
7,8,8
18,45,11
17,68,7
28,76,19
7,7,3
1,0,2
5,3,3
27,33,27
26,30,42
6,2,15
174,9633,55
33,101,15
71,314,21
18,8,37
32,79,18
18,25,12
7,3,11
19,92,8
10,9,18
68,240,30
40,149,12
23,71,9
9,18,3
13,19,10
10,18,4
0,0,3
7,21,1
7,21,2
44,256,17
22,38,22
8,21,3
24,41,27
4,3,2
13,9,13
3,3,2
4,3,3
10,9,25
10,9,7
11,11,4
6,6,4
15,24,9
4,1,8
5,2,7
13,6,13
158,9650,15
10,22,7
2,0,3
17,91,9
28,55,13
25,73,6
44,249,17
217,18219,15
7,7,5
42,203,45
13,12,12
37,167,23
15,20,14
15,36,5
16,51,4
16,37,7
227,18231,55
241,18312,58
5,1,4
6,6,6
1,0,1
4,3,5
2,0,3
14,8,36
4,1,7
10,5,29
24,30,26
32,148,15
19,49,14
10,5,12
17,38,37
1,0,2
24,64,16
16,7,36
2,1,2
18,17,19
1,0,1
0,0,1
22,12,72
0,0,4
19,21,10
1,0,1
1,0,1
20,23,17
43,318,10
22,49,13
22,34,21
12,13,20
5,10,1
28,73,20
10,7,5
20,34,8
15,27,10
13,14,9
0,0,2
27,26,28
0,0,1
5,4,4
6,10,8
202,18166,6
13,11,23
4,6,1
37,59,34
186,959,133
278,14374,36
28,96,44
6,4,5
79,415,25
12,19,9
11,31,10
201,18148,18
67,155,43
17,13,30
13,7,14
2,1,5
1,0,2
4,6,5
9,6,20
9,11,9
13,46,7
6,0,11
21,58,6
14,11,13
19,17,15
93,389,77
15,12,15
34,49,26
6,0,8
6,15,15
0,0,2
76,188,116
101,759,31
6,4,14
71,208,35
32,60,20
0,0,3
27,41,14
189,13898,11
30,46,35
29,92,16
16,23,9
11,10,13
5,8,2
21,54,9
192,9737,26
27,67,10
186,13893,14
6,10,2
17,14,38
8,11,7
7,11,2
16,21,10
62,102,70
33,116,28
34,94,31
8,16,5
15,17,12
2,0,3
2,1,1
20,12,82
15,46,8
3,3,2
0,0,1
5,4,4
0,0,1
1,0,2
2,0,6
14,17,35
16,32,12
7,7,15
29,44,23
45,70,36
21,66,28
23,50,24
0,0,2
14,12,11
1,0,1
3,0,22
6,0,14
28,26,42
58,236,36
98,563,26
41,215,15
69,303,34
69,383,25
33,176,18
197,18151,12
212,18222,12
203,18176,11
0,0,1
17,33,10
2,0,10
2,0,6
195,18151,10
29,59,12
6,10,4
34,465,9
27,54,16
22,46,13
5,0,10
57,250,24
42,143,17
1,0,3
4,3,4
16,80,7
7,1,9
29,42,30
10,13,7
209,18154,21
7,10,5
5,6,6
6,6,4
4,6,2
4,6,4
3,3,2
43,138,28
38,69,44
13,57,3
2,0,8
4,3,3
21,81,14
2,0,3
1,0,2
5,2,5
0,0,3
12,55,12
83,249,42
32,83,17
59,160,101
109,519,57
36,96,38
8,8,7
5,0,15
22,52,24
3,0,5
4,2,4
5,2,7
2,1,1
153,9606,45
31,111,25
4,1,12
2,1,4
199,18180,7
20,58,6
6,4,8
24,42,20
42,159,14
17,46,10
22,94,10
23,70,13
5,1,7
45,82,29
50,89,27
13,7,19
2,0,7
23,53,29
21,66,18
4,1,9
2,0,5
13,45,12
5,6,4
1,0,4
184,13880,27
8,7,4
8,5,6
2,1,1
0,0,5
13,8,18
78,348,66
201,18154,19
192,18145,9
25,23,25
35,112,35
15,15,28
2,0,6
0,0,2
5,3,5
10,10,5
20,24,30
0,0,1
0,0,2
5,4,3
42,160,24
17,11,22
4,3,6
4,1,7
3,1,11
21,57,9
15,24,8
7,15,2
64,177,28
47,187,26
27,43,27
9,16,3
23,75,6
8,11,7
6,5,10
66,213,24
1,0,3
2,0,6
109,502,51
82,397,36
51,211,21
9,5,11
172,13863,7
10,36,3
98,431,42
13,24,7
1,0,3
5,4,5
15,6,30
19,21,28
210,13945,34
42,174,28
13,7,22
0,0,2
34,113,42
5,1,9
13,47,12
0,0,2
130,1021,29
60,278,18
49,169,20
87,320,49
60,335,38
25,108,4
112,454,56
15,63,2
30,60,19
8,4,8
10,24,3
3,3,3
3,3,1
3,3,3
18,17,13
8,11,7
14,11,32
20,120,13
17,92,6
8,4,7
3,1,6
1,0,22
3,0,5
19,29,16
0,0,1
2,1,6
5,4,6
8,6,12
29,119,23
11,13,7
0,0,1
1,0,5
15,37,5
0,0,7
7,4,12
38,57,45
9,16,10
35,158,12
328,14878,56
17,9,35
16,9,17
6,4,4
23,70,8
12,20,7
18,55,12
11,39,5
2,1,2
39,39,42
21,46,15
4,1,4
197,9750,62
43,85,39
12,21,9
18,75,7
31,139,34
22,9,41
31,97,37
7,7,4
19,38,8
54,181,32
21,14,34
3,3,5
59,204,35
67,351,22
70,250,40
55,175,37
8,10,4
23,31,13
0,0,2
197,18150,6
7,15,7
63,411,27
67,1959,8
16,61,6
30,148,19
43,113,38
43,165,16
34,104,35
0,0,3
5,6,6
12,27,6
5,6,4
2,0,2
1,0,6
2,1,3
28,101,24
14,10,14
12,8,7
14,9,10
51,190,18
14,32,11
12,31,3
8,28,2
9,28,3
23,43,27
10,25,11
11,18,6
27,54,27
47,310,38
5,2,6
155,9601,18
5,2,4
40,111,20
14,18,10
24,54,14
17,47,15
58,377,37
28,106,16
0,0,1
170,13861,11
17,44,7
1,0,7
373,32036,35
24,85,22
204,13965,23
44,85,42
3,0,14
35,154,16
3,1,6
16,40,22
209,11548,18
38,174,20
43,157,14
126,679,81
83,493,30
51,511,11
37,176,17
14,32,17
40,129,15
25,114,4
6,1,22
4,1,10
2,0,3
6,4,3
16,8,27
18,20,14
30,62,24
14,12,15
10,11,12
19,26,8
22,33,8
7,4,13
6,4,4
203,13983,25
11,14,4
199,18156,12
5,10,3
12,23,3
10,16,4
31,89,29
32,113,11
0,0,1
4,0,7
25,232,3
15,10,15
36,124,106
8,3,7
11,33,9
9,24,13
254,18441,34
15,37,5
204,18175,7
63,358,27
29,89,18
45,145,26
64,369,24
27,114,9
38,141,12
23,38,19
19,40,15
42,50,78
4,0,6
7,7,7
9,28,2
4,3,2
29,47,60
80,437,45
22,33,22
4,6,3
24,48,20
23,29,17
11,14,8
11,13,12
60,248,18
108,327,93
10,9,7
12,19,4
13,25,6
7,11,2
69,160,88
49,322,16
0,0,1
2,1,3
5,1,16
11,6,11
164,9654,14
20,78,13
11,8,10
9,11,11
13,6,43
224,18329,24
218,18208,22
0,0,3
12,31,4
4,1,5
9,10,5
22,80,12
24,47,10
8,11,4
17,21,16
4,6,4
5,6,4
171,13867,2
5,6,6
0,0,1
8,11,8
4,1,10
1,0,5
28,24,39
2,0,3
12,8,27
87,445,55
19,44,8
2,1,1
8,8,3
2,1,6
7,11,7
21,54,9
8,2,16
4,3,4
3,0,10
3,3,6
24,71,18
22,70,22
16,16,14
17,21,9
187,1210,47
40,167,22
4,2,3
23,68,9
5,1,9
34,64,39
359,32008,6
3,0,8
13,18,6
2,1,4
0,0,5
6,2,5
0,0,1
8,16,7
3,1,4
1,0,3
6,7,4
36,99,22
1,0,1
12,18,5
0,0,1
62,329,43
28,96,23
8,28,2
12,16,7
1,0,1
8,5,5
9,24,7
15,17,11
17,46,4
232,18279,17
59,167,28
13,15,14
7,15,2
28,79,38
44,155,15
10,21,5
11,7,11
21,47,13
1,0,4
174,13867,13
4,0,7
12,16,16
90,418,36
22,50,19
12,6,23
23,44,18
46,297,9
1,0,6
104,1129,21
14,17,10
9,3,23
3,3,1
5,4,2
8,9,6
18,27,19
36,99,39
27,74,15
2,0,6
1,0,2
15,4,23
5,1,10
36,110,20
22,42,14
35,61,33
12,10,11
26,17,34
43,226,26
22,70,14
22,11,23
12,29,14
6,6,13
8,7,5
32,207,9
11,28,16
22,15,38
5,0,14
52,288,19
47,242,20
8,2,8
34,102,14
7,13,6
14,32,9
11,31,11
8,6,6
8,10,11
15,23,10
19,50,8
6,3,8
3,1,4
12,11,16
31,101,10
11,55,1
12,55,3
13,56,5
13,56,2
17,66,9
11,55,10
16,61,3
11,55,1
21,75,6
31,63,40
4,0,6
57,310,24
7,15,4
23,42,16
37,102,18
18,32,7
48,217,26
11,25,9
24,75,7
98,471,45
3,1,3
1,0,1
0,0,2
12,17,10
4,2,2
2,1,1
24,74,18
22,72,14
1,0,3
1,0,3
1,0,5
17,12,22
12,15,8
8,0,13
24,22,18
29,92,15
33,82,32
27,58,27
6,7,12
1,0,5
0,0,1
35,129,27
0,0,1
0,0,1
19,32,8
5,6,4
19,48,6
5,6,4
25,65,7
24,60,13
16,14,24
18,14,19
0,0,1
36,118,18
24,50,20
30,104,30
0,0,1
41,142,40
40,105,34
27,35,40
27,83,12
29,108,7
10,9,11
12,9,11
0,0,5
7,2,7
23,46,9
40,177,14
13,17,8
3,0,5
2,0,4
3,0,5
0,0,2
4,6,6
18,31,11
15,15,12
10,10,7
8,6,8
2,0,15
34,154,14
50,219,33
7,6,7
10,12,9
174,13877,3
207,13980,29
5,6,4
14,15,19
7,1,20
71,307,42
9,16,15
221,18288,9
35,126,14
23,28,19
1,0,6
25,18,32
42,129,31
1,0,7
3,1,3
12,6,9
39,151,15
33,131,23
16,56,6
16,7,27
13,10,7
17,27,9
16,28,12
2,1,1
39,139,16
14,91,5
15,91,5
6,3,6
3,0,11
26,72,52
1,0,1
1,0,2
18,16,11
1,0,4
5,2,6
6,3,8
35,101,20
2,0,2
69,289,36
58,104,47
1,0,3
2,0,4
39,113,11
96,261,48
7,4,8
9,5,9
16,34,7
42,107,38
21,137,9
36,90,86
9,14,4
19,32,7
19,101,6
25,32,12
5,10,1
14,32,4
24,29,36
7,7,17
14,9,20
48,179,36
3,1,3
24,27,26
4,1,11
0,0,7
26,49,18
72,342,15
25,25,15
13,16,9
7,9,2
58,187,19
30,106,26
2,1,2
6,4,5
4,2,2
13,18,17
203,13979,13
29,90,17
11,17,8
15,61,6
10,9,7
19,24,18
4,6,1
20,23,18
17,27,19
8,4,9
2,1,3
18,86,5
50,242,18
12,29,6
19,71,15
225,18238,18
24,105,4
9,10,18
201,18152,14
27,72,11
4,1,13
4,6,6
4,0,15
35,151,18
33,65,15
1,0,7
7,3,12
14,13,16
45,307,17
7,4,7
1,0,6
7,7,6
13,37,8
24,76,16
9,22,10
11,45,10
10,10,11
7,4,7
9,6,7
4,0,17
4,2,5
22,18,21
4,1,8
19,42,25
31,148,7
11,25,11
1,0,3
1,0,3
4,0,5
10,3,14
3,0,4
0,0,1
8,6,10
26,60,16
3,0,16
3,1,2
19,26,26
2,1,1
16,39,9
205,18166,7
31,45,29
14,11,16
22,18,61
176,13878,11
7,3,12
1,0,2
2,0,2
40,134,26
0,0,5
143,9592,40
36,114,15
20,13,17
203,14004,20
9,4,15
45,325,16
14,16,8
2,1,12
0,0,2
39,124,37
148,9594,18
33,107,12
10,6,16
0,0,1
62,425,25
44,186,38
39,177,28
10,8,4
22,38,13
16,14,17
8,4,10
16,19,14
45,161,19
14,12,15
35,88,19
10,12,5
27,67,13
38,215,9
112,1275,82
2,0,7
29,71,17
17,45,8
39,125,13
38,148,8
12,38,4
28,81,10
35,54,31
9,36,1
26,28,50
40,66,42
21,45,10
11,16,7
7,11,7
8,8,22
93,1992,44
20,10,36
0,0,9
9,6,11
9,7,9
1,0,9
188,13925,7
9,15,5
59,245,24
2,1,6
12,12,14
24,14,33
10,6,13
7,4,4
28,66,16
9,7,7
24,63,16
0,0,2
1,0,1
6,6,3
18,55,4
40,121,15
10,27,3
46,152,15
28,107,10
36,95,14
14,44,4
75,431,15
15,11,13
13,37,6
22,30,8
23,41,31
14,2,22
1,0,2
7,1,8
0,0,2
28,86,35
25,37,18
214,18180,35
9,15,5
29,54,16
18,18,23
33,92,14
14,30,9
39,43,55
11,16,15
17,79,14
83,319,66
14,16,11
4,3,3
4,3,2
6,4,5
15,58,6
33,91,30
0,0,1
51,224,32
56,324,16
31,120,10
7,4,4
14,8,13
73,489,28
13,5,38
207,18171,11
5,0,16
11,4,22
1,0,3
5,4,7
3,3,1
9,18,2
0,0,1
11,5,22
25,56,10
11,1,22
20,51,8
5,1,14
11,11,8
167,13861,11
0,0,3
57,158,29
22,45,18
38,92,47
16,40,14
21,60,34
9,10,31
196,18146,20
3,3,6
25,141,9
8,9,7
11,22,9
7,7,9
8,19,8
29,112,17
72,314,26
41,107,19
27,27,31
7,6,11
3,0,7
16,39,16
18,9,26
33,113,22
13,12,14
71,229,31
3,3,8
3,1,6
5,4,5
5,8,4
4,6,2
4,6,2
1,0,2
18,58,9
32,106,59
167,13861,2
22,66,23
7,1,10
15,23,10
4,2,7
113,630,52
56,1131,13
29,33,28
5,6,3
11,12,10
6,7,3
23,21,15
232,14169,37
1,0,1
1,0,1
13,29,6
17,35,10
6,3,10
26,27,39
9,9,8
29,49,18
28,77,14
31,84,11
15,40,19
23,56,26
50,134,24
4,2,3
2,1,1
2,1,3
1,0,4
11,36,3
13,25,10
4,3,4
27,25,29
10,15,13
11,19,9
12,13,12
18,12,17
5,3,13
14,13,14
5,4,3
2,1,5
64,304,27
35,115,10
0,0,13
5,6,7
200,13907,25
201,18149,16
63,491,58
16,6,14
3,1,2
18,70,4
4,0,4
1,0,10
3,3,3
15,25,22
67,250,31
0,0,1
19,20,39
387,19049,130
1,0,5
7,1,6
0,0,1
10,22,3
2,1,2
6,2,33
7,4,17
145,9593,12
17,29,7
0,0,1
31,75,15
3,2,7
11,46,3
40,256,15
25,66,6
40,132,21
26,65,15
29,156,7
206,18195,8
19,85,5
6,0,24
1,0,6
2,0,4
1,0,1
198,18146,67
11,12,8
3,1,3
11,10,7
36,125,17
4,1,9
1,0,1
1,0,1
3,3,5
2,0,8
58,182,30
11,3,11
0,0,1
4,1,7
18,59,6
23,32,17
2,0,3
0,0,4
2,1,5
0,0,1
39,143,23
41,128,35
1,0,1
1,0,3
5,1,5
6,4,5
31,97,12
180,13872,22
39,73,35
23,72,23
81,378,58
19,61,16
17,16,26
12,21,12
18,51,10
10,9,9
29,166,6
14,7,15
2,1,2
8,21,3
3,0,6
2,0,5
186,13927,10
22,38,14
24,38,11
33,29,42
7,1,12
31,69,33
2,1,3
5,1,4
8,4,8
15,22,10
22,92,16
22,92,16
5,6,2
8,9,4
4,6,1
10,16,3
6,6,4
14,11,15
2,0,3
10,5,9
45,127,21
4,1,6
18,41,12
13,19,13
147,9597,13
13,16,9
3,3,2
6,3,5
178,9728,27
14,18,15
17,10,15
21,18,33
5,6,4
16,19,25
4,0,13
8,6,10
24,101,9
38,164,17
56,126,44
35,145,13
2,1,1
2,1,3
2,1,3
18,33,9
26,112,9
207,18170,17
9,10,7
21,37,18
31,55,27
0,0,6
3,3,2
9,9,4
37,80,16
18,34,8
70,86,40
5,3,18
9,9,6
6,3,9
47,209,21
3,1,6
20,49,12
3,1,3
8,9,4
13,12,17
1,0,3
4,4,7
36,114,13
43,161,16
21,29,16
59,147,28
4,3,3
239,18229,40
53,376,27
12,21,22
28,54,22
50,218,24
65,229,47
12,31,6
41,85,40
75,355,31
38,69,23
33,24,63
19,24,17
5,6,15
0,0,3
3,1,33
18,32,27
9,27,12
3,1,9
2,0,2
2,0,2
0,0,1
9,7,8
41,168,12
5,4,6
38,50,32
55,197,46
15,13,12
6,6,6
1,0,3
10,4,9
3,3,7
18,27,20
3,0,14
9,3,16
6,6,4
4,3,5
9,4,7
3,0,3
168,13861,3
1,0,1
26,45,21
28,122,7
10,9,8
4,0,7
2,1,2
19,31,14
1,0,1
32,45,37
3,1,4
195,13900,54
17,18,6
6,3,10
142,9594,8
1,0,6
3,1,2
2,1,1
11,8,16
1,0,1
1,0,1
32,54,10
30,109,13
30,83,24
28,118,13
55,238,28
23,67,8
16,51,10
211,18236,33
2,0,12
7,4,7
0,0,5
3,0,6
8,15,8
12,20,9
5,1,10
83,706,25
36,101,23
53,210,38
55,183,51
16,10,25
212,18163,22
3,0,9
3,1,14
251,14131,45
86,435,27
7,9,4
19,29,15
1,0,4
69,218,41
45,121,29
0,0,2
52,223,31
12,37,4
20,138,6
18,24,12
50,189,30
32,78,17
12,9,11
21,25,9
13,28,9
28,109,8
7,15,4
48,142,28
11,19,9
15,31,5
23,29,20
35,78,20
17,21,11
5,1,10
34,93,21
0,0,1
29,98,10
25,86,7
16,32,10
12,41,3
21,59,11
43,174,17
23,134,10
20,68,7
7,2,10
152,9608,17
17,13,38
10,14,20
15,26,6
20,35,12
23,101,9
0,0,3
3,1,4
6,6,3
12,8,12
15,12,10
7,7,4
21,125,7
29,67,16
41,183,12
6,15,12
8,7,10
44,115,30
12,25,8
9,9,7
0,0,2
14,23,7
34,122,20
7,4,16
9,5,9
32,58,13
5,1,8
63,331,20
192,13970,10
5,4,4
29,209,18
7,9,2
20,65,6
192,18145,2
47,184,13
3,1,7
13,24,17
8,7,10
5,10,2
21,72,13
15,28,5
25,31,29
27,95,15
120,2160,24
32,110,7
15,45,5
8,16,2
42,128,28
23,50,16
13,45,8
45,126,57
3,1,3
0,0,1
6,15,4
30,62,13
27,27,20
51,205,38
2,0,3
7,4,11
19,39,15
0,0,2
2,1,3
8,3,10
1,0,5
7,11,3
22,46,9
205,18176,19
31,114,7
53,213,27
16,20,31
7,9,2
20,35,6
57,216,16
5,4,2
7,3,7
4,1,5
37,44,55
6,10,4
8,9,28
6,4,4
1,0,1
8,2,21
58,513,27
9,3,14
23,36,37
27,78,13
3,2,6
14,17,14
142,9591,8
3,1,3
3,1,3
11,16,5
240,18339,25
5,1,5
13,22,16
14,15,15
16,26,7
16,25,20
5,2,4
28,20,23
25,76,17
12,19,7
41,107,24
18,16,32
8,12,3
16,18,15
37,122,29
17,14,14
41,124,13
1,0,2
15,19,9
48,214,40
0,0,1
8,11,6
12,24,6
36,47,16
63,345,17
23,40,16
184,9712,29
6,6,21
11,13,9
10,16,15
10,22,10
18,26,12
26,44,35
191,18145,5
223,18235,34
1,0,2
6,10,3
54,431,13
31,42,44
6,4,4
4,1,4
3,1,9
6,6,4
2,0,2
7,1,16
13,4,13
42,74,42
310,23433,19
11,14,7
50,66,48
14,46,7
0,0,1
14,37,6
25,27,28
12,7,14
0,0,1
16,91,6
3,0,24
49,322,29
49,287,14
45,245,33
358,23738,53
3,1,2
4,1,7
82,186,71
12,10,19
7,2,16
2,1,5
0,0,6
16,25,11
15,23,22
37,111,13
2,1,2
3,1,4
37,60,17
11,8,16
6,6,9
21,55,18
36,101,23
26,92,6
11,27,2
18,31,16
31,96,9
102,2142,13
3,3,1
6,3,6
3,3,2
16,23,8
25,212,4
7,3,19
5,0,14
152,9602,39
6,2,12
18,10,18
45,114,48
46,119,27
37,55,22
15,28,5
17,30,5
37,474,7
48,183,27
48,65,37
24,53,13
23,32,20
60,108,83
52,167,20
26,46,18
1,0,9
27,84,12
52,171,39
170,930,172
30,86,27
38,162,10
9,18,11
38,103,32
27,31,32
6,6,5
15,42,7
19,15,16
0,0,3
11,37,7
183,9800,19
5,3,4
0,0,1
9,4,7
56,100,46
26,100,9
27,35,19
51,67,44
1,0,13
40,194,13
17,74,6
194,13907,20
77,257,29
13,7,29
7,4,10
28,109,17
214,18258,11
5,3,3
17,83,8
25,76,10
22,8,42
9,21,3
9,4,10
2,0,7
10,3,18
27,104,24
15,16,8
9,5,8
19,21,15
19,28,20
5,6,4
16,29,6
15,17,26
13,55,7
68,340,23
6,0,18
4,6,3
34,58,59
9,21,7
200,18150,16
4,3,6
22,21,23
15,69,2
8,4,10
24,23,37
3,1,11
5,1,5
2,0,2
2,1,2
17,13,12
19,34,10
14,20,13
4,3,2
19,60,5
195,13916,12
8,13,2
118,453,60
0,0,1
7,3,21
23,97,18
8,2,10
7,6,15
1,0,3
3,1,9
172,13871,3
1,0,3
5,6,5
36,98,17
37,101,25
21,23,30
8,6,6
18,30,15
9,3,17
63,209,31
8,3,14
16,22,10
33,107,16
9,6,8
52,214,24
47,162,23
36,125,15
19,20,21
6,4,8
41,55,23
24,56,14
7,2,8
4,1,3
16,14,9
0,0,19
10,4,10
0,0,1
80,360,31
3,0,9
3,0,4
50,191,16
20,112,6
8,4,12
3,1,4
18,43,12
46,262,23
41,79,20
11,5,9
23,66,17
18,28,19
1,0,7
13,5,13
5,4,4
6,6,3
20,15,23
6,2,8
10,5,12
4,1,31
3,1,16
8,10,8
0,0,10
8,21,5
17,39,5
0,0,1
41,132,27
34,196,15
3,3,1
18,19,15
4,3,8
9,6,5
9,4,11
23,67,11
2,0,2
9,6,12
32,115,32
30,44,39
2,0,11
17,32,7
91,544,49
4,3,7
14,13,13
207,18175,28
7,4,6
3,1,9
1,0,15
1,0,3
1,0,4
27,43,21
2,0,7
11,7,13
96,313,77
5,3,5
47,199,23
2,1,1
9,29,4
9,29,3
13,34,15
19,41,9
29,54,14
31,100,21
49,166,33
37,104,44
19,17,15
89,552,32
12,14,23
9,13,21
11,9,11
5,3,3
9,13,5
4,1,10
1,0,18
6,6,5
52,194,25
205,11547,27
9,10,4
204,18177,15
55,335,25
36,138,35
24,62,32
62,453,68
9,13,12
40,74,37
31,105,19
106,649,35
35,240,22
1,0,4
17,38,8
13,29,9
28,54,20
17,32,15
13,29,5
25,73,7
24,71,10
17,22,15
13,22,15
16,27,9
39,67,67
15,32,7
33,21,48
14,15,16
4,0,6
25,51,18
26,26,21
37,80,23
12,16,10
0,0,3
22,45,11
30,33,19
12,16,4
28,58,16
11,5,15
0,0,3
4,1,6
158,9644,16
5,3,4
1,0,1
22,210,2
9,13,5
12,45,7
23,23,41
159,9617,17
1,0,4
28,115,11
0,0,3
8,21,4
7,21,3
20,21,14
33,65,12
50,231,31
0,0,6
16,20,10
58,276,14
205,18165,10
39,104,14
69,293,23
33,209,9
13,26,6
2,1,10
0,0,1
3,1,13
2,0,4
13,17,7
17,72,5
7,4,4
225,18425,10
3,3,2
5,4,8
26,48,13
1,0,2
91,471,45
19,10,32
4,3,2
14,42,12
0,0,4
8,15,4
81,335,30
9,15,4
77,320,39
27,58,28
1,0,18
186,9695,36
0,0,2
23,47,15
19,23,10
6,15,3
6,15,2
11,18,5
11,17,5
8,18,2
8,18,2
39,127,11
8,13,5
30,50,12
20,14,20
7,21,3
37,152,9
6,3,8
21,14,25
19,16,17
10,11,12
9,12,7
2,1,1
7,4,5
11,4,32
14,48,16
1,0,5
205,13944,26
35,161,25
3,3,10
12,19,8
9,14,4
40,170,11
186,13886,26
4,6,4
9,27,6
171,13865,7
34,30,33
5,1,5
15,14,11
0,0,1
29,226,3
43,237,23
188,13889,17
36,78,15
192,18145,4
25,34,25
2,1,3
3,1,3
42,98,17
37,90,15
240,18288,26
20,78,5
53,151,29
43,148,18
36,77,24
27,56,22
14,63,3
181,13883,11
38,305,32
12,19,11
6,1,10
9,2,20
6,4,6
196,18146,19
154,9608,18
23,60,10
2,0,8
4,3,2
14,9,12
19,40,29
2,0,3
10,10,11
343,27753,19
1,0,5
1,0,6
3,0,3
10,7,5
3,3,1
6,4,4
7,5,16
9,9,5
6,10,2
5,6,8
223,9928,47
201,13897,58
2,0,12
141,9591,6
4,0,11
93,559,26
5,1,10
10,2,16
4,3,8
22,29,19
5,3,6
1,0,4
24,44,16
8,16,4
11,16,5
6,15,4
6,15,1
4,3,21
12,16,16
6,3,14
15,29,16
24,51,32
20,43,21
78,339,42
38,167,21
49,247,20
101,502,41
4,0,21
143,9594,3
8,13,2
2,1,7
10,8,17
8,5,8
3,1,4
4,1,3
1,0,8
40,158,44
147,9598,7
7,4,5
0,0,2
9,12,8
62,282,35
0,0,7
48,174,15
41,106,32
4,3,5
13,23,13
82,244,56
26,76,7
19,49,13
11,37,2
18,38,12
18,51,15
9,36,2
10,36,3
47,133,50
26,86,7
53,134,33
36,101,22
2,1,1
6,2,39
45,492,11
0,0,2
11,12,4
13,13,9
11,9,7
11,7,21
0,0,2
22,51,5
17,11,12
28,61,28
3,0,15
22,42,9
39,148,20
33,92,22
11,3,26
219,18286,22
15,42,5
1,0,6
2,1,3
2,1,3
3,1,2
33,30,34
167,13861,6
8,2,8
4,3,4
61,131,45
16,8,13
7,7,5
2,1,5
4,0,7
56,185,28
49,185,21
171,13862,16
11,14,10
24,39,15
16,10,17
9,4,14
15,16,11
13,31,12
207,18189,20
20,32,10
5,1,6
26,72,13
14,27,7
52,221,22
0,0,1
0,0,4
20,14,21
37,86,19
8,1,16
3,0,16
10,2,8
35,60,26
0,0,1
1,0,2
2,1,3
7,4,5
17,18,10
3,3,2
7,4,6
73,1959,29
17,15,12
5,4,2
18,9,14
6,4,4
23,52,13
1,0,2
1,0,2
14,30,7
3,3,1
11,8,6
1,0,6
18,14,44
15,24,20
1,0,1
18,34,7
5,3,12
0,0,2
18,16,32
46,193,12
9,8,5
4,6,1
59,254,34
5,3,8
18,11,30
4,3,3
5,1,4
0,0,1
0,0,2
98,2048,16
16,55,11
0,0,4
0,0,1
31,142,13
56,302,21
18,28,12
6,10,7
1,0,6
12,10,63
15,12,14
2,1,1
8,10,9
2,1,1
200,18174,10
18,32,14
47,141,21
1,0,2
19,52,7
4,0,5
38,126,29
7,21,2
8,3,6
6,10,8
4,3,6
3,0,5
8,6,8
183,9667,34
19,37,13
21,29,13
48,176,32
300,16098,72
57,103,51
20,40,13
9,13,5
6,6,6
28,64,16
16,28,7
15,30,5
54,67,55
0,0,1
0,0,4
0,0,1
28,72,10
6,9,2
11,13,4
13,11,6
17,23,12
46,132,43
42,153,49
56,195,36
2,0,2
3,1,2
4,1,13
71,304,33
13,30,7
3,1,5
1,0,1
29,28,61
25,101,7
184,13878,12
62,173,24
34,285,9
21,26,17
30,351,6
29,115,17
29,77,18
55,322,13
12,25,4
19,30,6
5,0,7
7,15,4
1,0,4
20,78,9
3,0,10
13,6,13
2,0,8
78,423,38
4,3,3
21,124,3
22,61,15
6,1,12
14,10,22
12,9,21
18,16,20
14,12,21
39,114,15
196,18148,11
5,4,4
0,0,1
5,6,5
11,6,18
17,71,5
17,37,17
2,1,1
19,67,7
22,107,3
3,1,2
34,121,19
9,21,6
4,6,3
1,0,2
4,1,8
10,7,17
31,77,22
18,23,11
6,15,2
16,23,8
13,16,9
6,15,1
2,0,3
16,17,26
3,1,38
1,0,4
0,0,2
0,0,2
8,1,24
20,36,9
3,1,2
22,72,8
2,0,3
51,192,22
11,19,7
11,5,8
31,54,16
23,76,14
14,17,7
200,18166,8
3,1,2
52,201,45
9,11,12
5,10,1
4,2,7
41,129,40
10,13,6
20,10,21
9,4,7
9,15,12
54,100,57
3,0,6
42,143,10
59,223,24
20,21,30
21,43,14
37,139,13
7,10,6
1,0,3
4,0,21
8,9,3
30,69,24
4,3,2
29,91,44
10,2,16
10,19,9
4,1,6
0,0,1
7,6,7
4,1,7
13,12,12
14,18,14
22,25,27
1,0,2
1,0,7
0,0,1
7,9,4
18,82,5
8,9,5
10,3,14
38,113,31
18,20,12
7,9,6
20,33,13
4,2,2
24,48,11
26,49,16
2,0,3
20,33,13
45,111,30
52,191,35
15,7,25
7,4,5
30,64,13
6,4,3
10,11,11
1,0,5
170,13864,5
15,26,9
10,21,4
13,7,11
4,1,4
2,0,3
210,18199,9
7,6,6
308,23440,9
226,18230,37
12,8,17
1,0,1
29,53,27
4,6,3
9,10,6
4,3,5
9,5,7
0,0,1
21,24,16
10,18,4
172,13864,10
8,18,2
17,16,25
1,0,4
26,92,11
50,188,37
15,15,25
35,107,15
16,40,9
175,13868,6
3,1,7
0,0,5
11,10,10
51,201,56
1,0,3
28,95,9
4,1,5
5,1,8
28,105,10
28,25,20
8,4,5
14,19,6
35,101,41
16,24,18
26,17,19
22,13,32
80,206,46
16,31,11
4,3,2
4,1,7
1,0,3
37,110,25
45,125,21
49,162,21
31,93,20
11,27,3
16,48,9
11,5,10
30,83,11
1,0,1
17,25,11
10,14,7
5,10,3
0,0,3
77,294,48
175,13868,8
3,3,4
37,162,11
16,26,7
195,18148,17
42,142,45
40,201,13
7,7,20
2,0,3
21,55,24
0,0,1
13,23,7
0,0,5
21,26,25
50,177,20
7,21,4
18,21,15
4,0,7
3,1,10
0,0,4
39,60,62
27,71,33
1,0,3
270,20141,11
5,3,6
10,5,22
5,0,27
4,0,7
1,0,3
4,3,4
15,16,18
19,26,12
11,29,4
24,57,8
12,8,18
6,2,11
7,7,3
19,50,9
27,72,12
283,11103,77
0,0,7
29,33,26
21,34,23
14,16,11
41,72,20
11,7,9
10,4,12
64,158,31
15,19,11
0,0,1
46,168,21
1,0,1
52,141,49
11,17,15
24,25,17
6,7,4
31,267,5
31,90,34
19,25,12
6,1,13
16,28,18
37,63,30
5,5,7
0,0,3
35,180,11
9,11,8
2,0,7
4,3,6
194,18148,9
9,18,17
6,4,29
0,0,1
15,31,9
30,69,13
15,58,7
2,0,3
50,72,36
14,18,13
16,19,14
21,50,8
11,18,10
6,9,6
6,2,16
2,1,1
11,6,13
42,157,18
28,58,14
181,13874,9
4,3,2
8,5,6
9,6,7
9,13,6
4,6,7
12,16,7
14,24,9
4,6,1
6,10,10
8,3,23
3,3,1
44,49,29
64,361,22
35,189,19
21,95,3
15,17,25
200,13961,31
218,18225,22
0,0,1
19,37,9
19,34,7
4,1,4
2,0,2
19,79,9
49,93,32
31,62,22
4,3,6
17,29,7
3,3,2
10,13,4
1,0,1
49,124,18
17,56,4
3,1,3
52,32,136
21,41,19
11,20,7
3,1,8
2,1,1
11,6,11
47,92,40
0,0,5
15,10,24
5,6,4
51,308,22
35,171,15
25,78,21
7,2,10
0,0,1
7,1,14
17,11,16
7,6,7
56,204,28
7,10,5
3,3,5
0,0,6
25,33,14
23,102,8
12,19,8
2,1,2
0,0,3
169,13862,5
195,18147,3
2,1,5
12,21,6
19,82,7
5,1,8
0,0,1
23,52,12
80,311,25
4,1,5
5,1,11
1,0,4
0,0,1
1,0,3
8,2,7
3,0,3
8,15,7
1,0,5
1,0,3
5,0,8
62,203,46
40,149,17
50,168,14
51,236,18
50,110,37
9,5,11
21,72,12
1,0,3
3,1,7
3,3,5
9,18,9
18,26,14
12,21,6
8,15,12
23,50,15
50,169,18
206,18158,39
16,21,28
16,56,6
7,4,19
197,18151,5
3,3,2
0,0,2
5,10,7
14,7,15
22,34,10
35,238,10
23,58,17
48,196,16
7,3,12
0,0,3
219,18294,13
218,18256,15
204,18220,7
13,78,1
246,18469,36
15,79,2
23,83,8
24,107,8
36,148,28
12,20,10
5,0,9
11,11,12
4,0,22
6,4,9
19,58,15
1,0,6
3,3,1
35,124,18
13,3,28
26,30,25
3,1,3
0,0,2
0,0,5
4,1,5
9,3,6
14,19,9
26,154,8
9,16,5
7,15,3
11,18,5
6,15,1
7,2,14
37,99,22
4,2,3
13,56,4
25,37,22
15,33,13
22,43,13
5,10,2
6,2,8
1,0,3
0,0,1
9,1,38
0,0,2
44,105,46
11,55,2
89,311,29
2,0,2
2,0,3
251,18266,34
3,3,4
148,9601,15
0,0,2
5,10,4
16,22,15
28,138,7
8,5,21
3,1,4
22,37,19
11,24,5
6,3,11
6,1,9
7,10,11
10,9,11
7,4,5
6,5,5
14,12,13
2,0,7
0,0,1
18,37,16
8,21,5
147,9591,24
3,3,1
11,14,7
14,10,10
5,6,4
7,9,3
9,7,10
0,0,2
170,9637,49
11,10,11
43,107,30
7,1,11
243,18296,42
29,40,38
27,39,17
19,33,14
19,25,16
21,28,11
9,13,3
24,44,25
24,52,10
12,6,26
12,10,21
3,1,2
13,23,12
2,0,6
33,126,22
38,145,9
9,7,6
6,6,2
25,28,19
14,36,16
1,0,2
8,2,7
196,18146,12
38,57,35
10,13,9
12,7,21
61,179,50
202,18150,30
45,111,31
4,3,4
8,11,4
15,38,4
5,10,1
5,10,2
7,11,2
8,13,5
5,10,2
15,15,11
16,16,11
0,0,1
5,4,7
6,4,5
3,1,5
7,1,16
1,0,7
2,1,4
93,374,34
7,2,7
17,108,2
17,108,3
12,29,23
2,0,2
2,0,2
4,0,35
11,10,8
20,32,36
0,0,2
4,3,2
9,11,6
11,11,4
51,258,35
40,193,25
20,69,4
9,12,8
2,0,2
1,0,1
15,39,18
10,36,3
12,16,10
16,23,19
58,233,17
89,408,40
0,0,1
8,4,14
5,1,12
8,3,16
40,127,27
46,173,45
36,157,38
0,0,16
17,94,4
22,16,23
45,199,18
4,1,8
24,54,15
1,0,2
21,36,8
5,4,4
35,157,23
14,61,4
14,48,4
43,105,62
30,58,16
26,90,19
22,46,18
7,7,5
7,6,4
6,4,5
2,1,1
10,5,18
0,0,3
25,148,10
5,0,7
23,71,17
3,3,1
23,14,32
8,2,19
35,71,22
12,9,10
9,15,8
23,24,50
15,52,5
4,6,1
28,237,5
19,40,12
10,27,3
6,15,3
4,1,13
13,9,8
0,0,1
8,4,16
191,18145,3
7,3,8
4,1,4
5,1,5
2,1,1
13,29,10
12,34,9
32,148,7
27,59,10
3,0,8
18,27,10
13,18,11
18,12,17
0,0,2
13,11,9
22,104,4
12,19,7
36,134,15
5,3,6
0,0,5
38,93,34
19,76,5
6,4,4
11,14,9
8,6,11
1,0,2
5,10,9
11,10,11
13,13,6
54,209,22
0,0,1
4,2,4
19,76,5
19,72,17
1,0,2
207,18164,11
214,18231,13
13,14,10
13,24,10
22,51,21
3,1,2
5,1,4
13,25,5
10,9,5
4,6,2
5,6,5
50,139,29
15,9,19
4,2,3
26,108,10
1,0,1
5,3,7
1,0,1
233,18246,76
38,234,28
31,33,47
6,6,4
29,172,13
3,0,4
48,536,30
8,5,5
30,80,20
1,0,5
0,0,1
11,18,9
12,9,14
1,0,2
1,0,4
0,0,2
188,13874,34
10,3,10
59,648,18
4,0,14
2,1,2
2,1,3
10,5,11
82,256,61
28,92,13
21,49,5
5,3,5
22,57,11
27,156,9
15,48,9
43,154,42
13,16,39
8,8,3
10,37,13
22,50,15
12,8,13
3,1,3
21,51,12
3,0,5
1,0,2
46,72,27
15,30,24
26,58,21
8,6,5
1,0,2
9,4,22
4,3,13
21,56,14
10,22,11
36,165,16
8,13,4
45,128,30
18,49,12
19,38,11
49,161,17
0,0,8
3,0,5
25,115,6
2,0,4
2,1,3
48,55,45
6,6,7
9,12,6
31,202,5
173,13882,4
18,15,24
33,166,24
9,10,6
45,172,15
7,7,6
11,45,2
26,29,27
14,15,6
14,13,17
5,0,19
17,56,12
12,66,6
2,0,6
20,37,21
54,577,14
4,1,7
2,0,4
15,91,4
59,108,69
21,72,6
49,91,45
18,68,8
8,10,4
6,10,3
3,1,9
31,12,38
7,7,7
2,0,5
19,95,4
4,3,2
0,0,1
7,0,19
10,12,16
39,49,43
31,97,14
53,102,54
26,142,6
70,453,30
5,6,3
14,19,10
7,9,5
4,6,1
11,12,11
14,17,20
3,3,4
31,98,10
5,6,6
4,0,14
12,27,10
2,1,3
9,3,13
6,4,3
14,21,16
23,40,12
9,10,18
12,15,9
4,6,2
27,95,9
15,62,6
54,242,20
6,3,7
17,63,6
17,42,10
10,36,9
32,60,22
19,19,22
41,166,24
30,57,41
13,42,3
4,6,1
27,45,12
3,1,2
38,108,20
1,0,4
33,55,31
0,0,1
25,100,8
7,4,16
1,0,4
31,45,64
49,76,78
18,15,27
0,0,5
44,180,29
60,205,45
1,0,7
0,0,8
6,10,5
13,22,13
14,17,10
2,0,6
1,0,2
21,29,44
29,89,25
1,0,6
0,0,2
20,37,8
1,0,4
9,4,17
17,30,12
1,0,1
2,0,2
0,0,1
12,66,4
16,32,10
4,0,6
8,12,7
9,22,7
9,21,4
7,21,1
8,21,2
7,21,1
10,24,2
0,0,3
26,70,18
22,4,39
2,0,5
21,40,8
2,1,3
22,58,16
4,2,6
2,0,7
33,118,15
6,4,13
18,60,8
17,70,4
9,13,4
185,13897,13
21,29,15
19,58,4
11,36,4
0,0,1
80,228,46
3,1,8
2,1,2
2,1,2
0,0,3
11,6,15
83,509,37
50,187,28
6,3,5
15,42,12
44,141,27
17,46,6
3,0,3
6,0,9
1,0,7
14,4,29
43,146,24
24,67,14
43,132,32
116,737,58
15,33,16
0,0,1
23,33,23
33,83,19
27,29,24
79,450,22
176,9699,28
1,0,4
30,101,16
0,0,2
28,28,20
4,0,18
11,14,10
7,10,3
9,2,20
9,26,4
3,0,7
23,27,11
34,92,33
2,0,4
4,0,5
3,1,4
3,0,4
42,94,23
85,620,27
168,13861,13
8,11,7
43,202,35
22,26,15
9,10,8
12,30,4
13,3,18
99,1994,27
11,28,13
31,22,49
6,4,9
2,0,5
20,43,17
6,4,5
10,7,10
0,0,1
0,0,2
192,18145,3
204,18164,6
222,18225,17
246,18441,16
191,18145,1
194,18148,2
214,18208,14
192,18145,3
191,18145,1
191,18145,1
203,18153,59
193,18146,3
194,18148,2
217,18181,19
191,18145,1
213,18169,21
196,18148,6
200,18151,17
195,18145,8
191,18145,1
194,18148,3
341,27743,16
195,18148,5
201,18151,10
193,18146,2
201,18174,5
194,18146,6
192,18145,8
193,18145,3
239,18312,28
191,18145,4
200,18163,5
194,18148,2
191,18145,1
196,18151,7
276,18678,44
191,18145,1
191,18145,1
206,18174,9
216,18210,15
215,18234,16
191,18145,1
191,18145,2
278,18526,36
191,18145,1
192,18145,2
191,18145,3
239,18486,20
191,18145,8
194,18145,4
201,18159,7
220,18362,13
191,18145,1
214,18171,17
192,18145,3
204,18181,9
191,18145,1
197,18147,9
191,18145,23
192,18145,2
191,18145,1
216,18199,20
191,18145,1
191,18145,4
204,18159,9
205,18186,8
191,18145,1
193,18146,2
206,18214,4
210,18225,8
198,18166,2
200,18152,10
192,18145,2
193,18146,4
191,18145,3
192,18145,9
191,18145,1
239,18343,29
203,18160,21
191,18145,1
193,18145,4
224,18321,14
198,18148,10
191,18145,4
218,18213,20
191,18145,2
223,18211,12
192,18146,6
192,18145,2
191,18145,3
194,18148,4
193,18145,3
193,18146,6
191,18145,2
195,18148,7
196,18146,7
195,18146,5
197,18160,2
205,18165,7
192,18145,2
201,18161,11
198,18160,7
202,18154,11
196,18146,9
198,18149,10
191,18145,1
194,18146,3
191,18145,1
240,18474,41
13,16,13
7,9,4
8,9,10
7,7,5
76,343,14
13,20,5
2,0,4
2,0,3
43,119,28
0,0,11
19,27,14
94,1192,35
6,4,16
18,15,30
2,1,2
2,1,1
9,3,14
15,23,10
4,0,9
33,51,27
5,1,6
2,1,1
9,2,28
2,1,3
10,5,9
16,40,9
8,4,6
6,3,11
0,0,1
10,5,17
12,36,26
6,4,9
146,9595,16
14,37,7
3,3,1
6,3,5
22,17,25
1,0,1
29,96,23
9,5,9
19,52,6
6,4,5
5,1,7
3,1,6
31,73,14
10,14,3
21,116,18
23,121,6
19,13,17
3,0,6
23,66,10
145,9593,11
7,7,3
2,1,1
2,1,1
47,86,30
3,0,6
7,5,5
91,485,63
21,43,7
19,35,8
4,6,1
25,41,25
5,6,3
43,112,23
17,22,10
25,23,22
4,6,4
17,68,4
20,73,5
24,76,7
30,125,7
26,80,12
18,87,2
18,70,22
14,66,3
97,2051,20
30,117,26
63,165,61
26,98,8
4,1,3
22,14,27
10,5,10
141,9592,3
0,0,2
2,1,4
3,0,9
21,21,57
27,24,20
31,70,20
1,0,1
10,17,5
25,32,37
5,1,13
5,2,5
13,9,13
3,3,2
6,6,3
3,3,4
10,16,16
12,19,9
13,13,7
16,7,32
48,235,32
5,6,5
7,9,3
21,68,14
1,0,5
31,98,8
40,58,39
15,14,11
172,9671,22
28,61,35
4,2,12
5,2,3
21,13,34
30,68,19
0,0,1
1,0,1
1,0,2
0,0,5
33,66,28
5,0,8
17,31,6
5,6,2
16,31,5
8,7,8
2,0,5
0,0,2
18,53,11
6,1,20
1,0,3
2,0,4
0,0,3
38,234,11
16,12,30
3,0,5
5,3,6
68,265,31
25,91,11
48,128,33
13,11,7
72,258,59
18,22,15
0,0,2
14,47,3
26,94,10
22,94,5
36,157,7
0,0,1
17,61,13
110,606,58
11,17,12
33,97,31
3,0,9
25,52,35
40,133,22
37,150,15
12,23,10
10,5,7
0,0,3
4,0,46
0,0,2
16,13,17
0,0,1
1,0,1
0,0,4
2,0,11
2,0,5
3,1,8
1,0,2
11,3,24
23,34,12
0,0,1
10,10,7
167,13861,2
2,1,3
16,63,10
16,65,6
2,1,3
1,0,8
0,0,1
12,7,7
3,1,5
3,3,6
21,32,32
22,31,10
7,11,5
20,121,6
11,17,7
18,52,7
37,80,21
6,3,9
24,43,16
169,13862,4
2,0,6
9,14,5
1,0,4
4,1,5
31,47,20
41,88,31
21,63,16
12,10,13
18,37,16
0,0,4
13,14,15
1,0,2
3,1,3
3,3,1
32,107,11
4,2,3
17,40,7
27,64,19
0,0,4
13,31,6
20,82,7
4,2,3
13,11,8
5,6,7
5,6,5
29,124,16
5,4,2
3,1,7
0,0,2
4,3,3
241,10713,35
1,0,1
1,0,3
3,3,3
17,29,7
182,13876,11
11,25,3
41,178,18
16,77,8
65,174,43
42,129,28
3,1,4
188,10088,36
11,2,14
28,98,15
7,21,16
1,0,4
0,0,2
11,36,4
15,12,13
10,4,14
5,1,10
0,0,1
1,0,2
32,42,21
3,3,1
8,4,7
0,0,4
29,62,32
4,2,2
7,4,8
6,7,3
3,0,5
12,2,18
2,1,14
0,0,3
4,6,2
46,170,29
1,0,3
5,6,2
169,9676,15
6,3,5
6,2,8
15,11,22
26,142,11
25,62,13
16,18,15
8,7,5
16,11,20
17,4,33
25,57,12
3,3,4
3,0,12
1,0,1
7,4,22
10,21,7
5,1,13
1,0,4
8,11,3
26,132,10
43,117,20
58,290,19
222,14160,12
20,81,7
0,0,3
19,61,7
0,0,2
29,62,19
32,117,13
14,12,9
178,13882,5
31,66,18
23,31,19
7,15,2
8,4,9
12,10,7
12,6,10
17,10,19
0,0,2
14,25,18
4,3,2
2,0,5
0,0,7
17,29,15
5,4,2
4,2,5
163,9669,5
7,7,8
182,13878,21
10,6,12
216,13919,37
44,47,47
23,53,15
126,632,52
0,0,1
2,1,6
10,11,11
14,47,4
2,1,2
1,0,1
79,281,42
3,3,2
6,4,6
5,4,7
10,45,4
12,45,13
47,161,32
24,91,3
0,0,1
11,25,8
106,2428,24
149,9602,18
12,9,17
1,0,7
12,6,14
22,63,9
13,12,11
31,63,31
6,6,3
27,42,28
49,135,19
32,98,16
52,317,17
10,10,6
23,82,7
4,1,3
6,4,4
9,7,15
7,1,28
13,7,15
18,20,15
180,13864,32
6,5,13
41,221,31
40,307,8
42,329,30
7,6,7
20,31,52
13,18,19
33,129,18
4,0,6
62,136,31
40,143,23
12,31,9
0,0,10
7,2,7
7,3,9
24,66,9
21,34,20
28,74,15
38,105,21
0,0,1
0,0,2
71,518,29
50,208,26
14,19,7
42,475,9
0,0,2
5,3,6
13,11,41
22,21,14
14,58,2
35,26,41
7,15,2
29,28,36
33,190,14
47,121,21
169,13862,8
23,23,19
17,11,17
10,17,3
28,49,16
13,16,9
11,16,24
68,526,35
170,13862,12
12,14,20
5,3,15
11,7,10
41,129,21
44,144,30
39,74,16
10,4,18
14,42,6
22,62,24
25,115,6
5,3,3
20,67,7
3,3,2
0,0,2
24,32,14
9,16,6
0,0,3
5,2,9
63,216,30
0,0,1
29,146,13
16,16,22
2,0,2
34,65,21
0,0,1
29,76,21
11,17,10
43,140,16
15,27,15
23,49,10
5,10,1
28,37,23
7,11,4
49,179,14
4,3,7
3,3,4
1,0,5
2,0,2
4,0,8
54,135,26
35,77,20
18,24,25
0,0,1
12,7,8
19,16,16
1,0,7
3,1,3
15,91,4
84,629,45
11,13,11
1,0,1
9,3,12
6,3,6
27,48,28
2,0,10
224,14001,43
14,10,10
7,2,6
38,81,18
0,0,1
9,7,11
16,21,14
13,29,12
18,81,4
18,81,7
5,4,2
2,1,1
3,1,2
1,0,5
85,344,27
60,334,22
19,70,6
53,404,11
42,81,21
11,12,9
3,1,3
13,17,11
1,0,1
4,0,11
3,0,10
7,2,14
13,6,10
2,0,2
6,6,5
8,5,10
15,15,9
4,6,3
24,50,15
20,19,19
12,10,15
1,0,12
4,1,4
16,15,13
5,2,9
33,79,17
25,37,12
27,93,15
4,6,1
7,3,13
8,11,5
3,1,3
59,192,20
9,36,5
10,10,7
3,0,3
2,0,3
0,0,5
16,35,10
1,0,2
2,0,3
3,1,2
7,8,8
0,0,1
1,0,1
11,14,8
1,0,5
0,0,15
11,6,25
14,31,6
15,17,24
1,0,3
27,171,7
8,5,13
14,17,25
2,0,2
1,0,1
1,0,3
39,65,38
12,20,4
11,8,8
60,302,25
28,207,9
1,0,2
2,0,7
1,0,3
14,78,3
0,0,1
6,7,7
4,6,3
44,265,16
10,18,10
0,0,1
49,121,49
25,33,26
14,40,8
47,179,22
0,0,1
29,46,25
6,7,2
7,7,3
53,225,25
8,28,1
110,892,38
8,28,1
8,28,1
42,81,24
0,0,1
1,0,4
1,0,2
45,104,33
18,14,22
12,17,7
16,25,10
1,0,3
29,102,8
1,0,1
2,0,3
28,110,14
8,4,11
2,1,1
4,2,3
0,0,1
3,1,7
39,163,13
0,0,4
60,267,31
2,0,3
5,3,7
0,0,2
0,0,1
0,0,3
46,95,27
6,1,5
7,11,7
4,3,3
47,208,20
13,16,9
4,1,14
27,36,21
0,0,2
26,18,19
10,8,9
4,3,6
7,5,26
111,183,117
16,69,7
14,23,5
6,6,4
58,184,36
13,25,6
11,16,10
5,2,10
13,26,5
4,1,6
5,6,4
1,0,1
9,7,11
13,9,12
20,171,8
1,0,2
7,2,9
13,14,11
50,371,25
42,66,37
2,0,9
8,9,13
53,202,19
24,73,41
0,0,1
17,11,29
4,3,3
1,0,4
8,4,14
5,3,3
17,11,14
0,0,1
14,27,10
20,40,17
1,0,9
23,45,7
3,3,1
3,3,1
18,15,14
169,9621,23
35,46,39
22,50,8
0,0,9
1,0,7
5,10,3
1,0,2
8,4,8
2,1,4
0,0,1
1,0,8
1,0,1
15,28,5
20,43,7
4,0,8
2,1,1
2,1,1
2,1,4
4,3,8
5,10,1
5,10,2
7,10,6
20,36,10
7,11,2
3,3,1
16,7,15
3,3,1
2,1,5
14,7,12
8,28,1
11,29,3
27,46,18
10,4,11
4,3,3
3,3,1
2,0,6
4,1,5
31,63,20
11,14,11
33,79,25
12,21,4
39,93,26
1,0,3
0,0,1
0,0,3
1,0,1
74,1960,23
2,0,2
1,0,2
19,28,32
4,0,11
21,45,6
5,1,4
27,62,10
36,93,13
0,0,2
151,9598,51
0,0,1
16,26,6
2,1,5
3,0,3
11,6,15
12,7,7
1,0,2
5,4,11
2,1,2
26,49,24
19,43,13
0,0,1
50,187,49
140,9591,5
17,49,7
4,0,6
5,1,6
12,55,2
10,14,6
6,4,3
15,38,12
21,31,14
29,72,36
9,9,4
11,12,8
3,1,6
23,24,17
5,10,1
32,90,19
1,0,2
21,93,9
0,0,1
43,226,18
0,0,6
2,0,7
74,293,25
0,0,1
0,0,3
38,136,22
31,88,17
57,236,35
13,20,16
167,9719,38
6,15,3
45,103,17
3,0,9
0,0,8
65,344,38
17,9,19
0,0,1
1,0,4
231,15815,17
6,2,5
11,24,5
14,30,12
6,15,3
12,17,5
27,161,3
21,94,3
13,20,7
6,15,5
11,23,5
18,25,18
24,78,18
22,142,4
17,136,1
27,152,14
43,310,9
17,136,1
17,136,1
25,149,4
34,160,7
18,136,6
20,137,5
17,136,2
2,0,4
2,0,3
49,177,31
16,19,13
19,12,30
43,203,17
157,9600,20
24,128,10
19,123,3
19,5,20
5,10,1
5,10,1
2,1,1
9,28,5
0,0,1
30,235,10
6,6,6
28,88,20
25,18,29
2,0,4
11,7,9
0,0,2
2,1,6
2,1,8
5,3,4
15,43,4
45,220,34
5,6,2
14,20,7
2,1,6
6,10,2
0,0,1
9,18,4
7,15,7
6,15,1
2,1,1
168,13861,11
0,0,3
0,0,1
28,107,7
2,1,2
48,160,44
3,1,2
3,0,5
168,13861,2
1,0,1
52,163,26
176,13872,14
12,14,13
3,3,1
3,3,1
3,3,1
5,3,3
5,10,2
8,11,3
5,10,1
7,11,3
15,21,12
18,25,19
6,2,7
8,7,4
23,52,7
22,76,7
50,293,9
10,24,4
1,0,3
8,11,23
7,4,8
5,0,18
12,7,19
9,7,11
16,42,6
41,74,25
6,4,5
4,2,14
10,12,5
32,88,28
2,0,4
1,0,3
6,3,5
168,13861,7
1,0,3
0,0,3
3,1,6
1,0,2
1,0,2
9,21,6
1,0,2
2,1,1
268,14299,47
37,120,18
7,15,3
188,14000,6
92,1036,31
1,0,1
6,4,4
1,0,20
25,39,39
5,1,20
14,6,14
13,17,7
6,2,7
3,3,3
21,15,20
6,2,14
1,0,2
5,2,15
30,70,16
5,3,9
17,14,18
73,402,26
10,13,12
1,0,4
25,70,7
10,17,5
4,2,2
2,1,7
5,4,3
4,1,7
9,11,6
48,264,19
4,0,7
18,28,10
16,30,16
38,105,22
11,12,4
13,27,11
8,13,12
0,0,3
2,0,7
4,3,11
0,0,4
19,16,18
4,1,8
6,3,22
12,14,6
0,0,1
21,8,25
1,0,3
7,9,7
0,0,1
9,9,5
8,10,6
20,35,31
12,17,10
9,14,12
64,194,20
6,4,3
12,11,10
149,9609,9
28,122,6
10,29,4
27,50,15
15,32,12
12,8,17
1,0,12
5,7,4
2,1,1
7,4,14
0,0,2
7,2,8
5,0,8
28,95,15
2,1,3
2,1,1
35,76,24
4,3,8
22,17,17
4,6,1
7,9,3
2,0,2
1,0,1
12,6,21
4,3,2
10,18,5
3,3,1
3,3,2
4,1,4
2,0,5
3,1,3
15,13,34
1,0,3
21,47,9
2,0,3
11,5,8
13,6,9
0,0,2
14,25,6
10,24,7
174,13882,3
7,21,1
8,21,4
7,21,1
13,27,3
7,21,2
37,186,20
8,5,6
2,0,3
11,20,11
0,0,5
12,8,10
6,4,13
0,0,1
16,42,5
14,9,22
32,88,15
0,0,1
0,0,4
26,136,19
170,13862,5
37,64,23
45,248,37
25,68,22
26,76,6
9,10,5
4,3,4
5,3,11
14,24,5
28,56,21
8,14,17
10,16,6
35,81,34
16,28,19
3,1,2
11,17,3
2,0,2
1,0,1
17,31,14
3,0,6
2,0,2
13,14,7
65,266,47
14,25,12
27,51,14
15,8,15
12,10,8
1,0,2
10,6,12
0,0,1
1,0,18
2,0,6
10,14,8
5,10,1
5,10,1
27,85,9
18,16,9
3,0,5
10,10,15
3,3,2
23,28,18
18,28,19
1,0,4
5,3,6
13,16,6
16,21,12
4,2,5
0,0,1
67,243,32
3,3,2
49,143,28
22,36,33
5,10,3
6,10,4
17,42,8
13,38,9
5,1,4
24,91,8
54,249,21
32,96,23
26,91,8
14,79,3
35,156,8
2,0,3
29,28,18
3,1,5
0,0,3
10,1,12
3,3,1
5,3,7
11,16,5
3,3,2
9,3,12
5,10,1
5,10,1
5,10,1
6,10,2
4,1,3
4,3,8
168,13861,6
9,21,11
7,4,11
16,57,12
4,2,2
76,234,50
15,24,7
141,9592,23
0,0,1
1,0,4
18,69,8
2,0,3
27,28,24
8,8,3
1,0,3
2,1,3
24,22,21
24,48,12
30,86,11
174,13865,10
7,5,9
25,211,13
2,0,7
7,6,5
0,0,4
2,1,3
10,36,4
0,0,1
0,0,2
21,49,14
2,1,4
14,22,13
10,5,9
4,0,4
141,9591,12
37,123,15
5,10,2
6,10,3
18,76,3
1,0,1
27,52,15
0,0,1
1,0,19
17,45,10
53,257,16
10,22,5
10,2,11
0,0,2
1,0,1
7,4,8
2,1,5
141,9592,7
3,1,3
38,84,30
38,98,20
2,0,3
14,14,11
48,161,38
9,12,5
5,3,4
2,0,2
5,3,4
2,1,6
7,11,2
16,23,11
5,10,2
3,1,2
43,220,18
2,0,4
1,0,2
26,130,7
1,0,3
13,27,21
0,0,2
21,35,19
25,47,18
31,47,39
21,38,52
23,58,45
43,319,7
15,28,10
5,6,4
2,0,4
9,8,7
6,2,6
26,64,20
17,40,19
20,62,13
0,0,1
6,7,5
13,13,7
0,0,9
0,0,2
0,0,1
6,10,3
0,0,1
1,0,1
17,29,11
8,6,11
7,4,9
19,21,29
2,0,4
3,0,13
35,126,31
9,15,13
2,0,3
21,210,2
8,7,7
10,16,5
2,1,3
1,0,2
6,6,3
6,1,27
1,0,4
11,10,9
3,3,2
3,3,1
2,0,4
18,20,9
3,1,7
12,12,12
3,0,15
1,0,1
2,0,6
4,3,3
35,40,32
11,20,7
19,18,23
0,0,2
5,10,3
148,9597,15
4,1,12
8,16,5
1,0,3
1,0,2
11,5,18
7,4,10
26,49,21
7,9,9
9,9,7
15,51,5
30,91,23
34,124,16
27,136,16
3,1,2
13,16,9
4,1,12
29,101,23
8,21,3
9,18,6
14,17,8
13,19,7
2,0,4
11,6,21
6,4,8
39,481,9
6,6,6
44,115,16
1,0,6
10,6,12
8,13,3
12,32,5
22,27,17
2,1,2
28,119,21
2,0,3
2,1,2
4,1,12
0,0,2
7,1,8
167,13861,3
5,3,5
7,11,3
8,21,8
52,86,27
14,32,14
20,62,9
172,13867,5
11,45,3
7,10,7
4,0,5
312,23467,10
97,531,45
9,5,9
1,0,7
4,1,15
12,9,7
2,0,3
21,36,15
18,70,18
6,6,3
2,0,7
20,47,7
202,9773,32
20,25,23
21,27,22
10,17,4
9,7,5
5,6,2
6,10,8
4,0,10
3,1,3
5,4,2
0,0,2
3,3,3
19,47,8
4,0,11
139,9591,4
0,0,4
18,28,20
0,0,2
38,228,12
50,233,31
12,24,9
28,110,13
3,3,2
20,98,9
33,136,15
32,117,14
46,168,20
0,0,1
33,93,26
24,112,3
34,361,2
78,609,9
37,194,6
14,91,1
41,372,4
35,361,4
28,68,13
24,21,15
43,103,15
9,36,3
12,6,18
36,32,46
25,81,17
5,3,5
3,3,1
2,0,7
24,55,9
15,39,5
35,466,5
8,11,5
15,13,9
35,110,15
17,51,19
22,66,8
11,10,11
16,24,11
1,0,1
6,4,7
3,1,2
0,0,2
12,7,17
1,0,2
5,3,10
23,23,14
8,7,16
3,1,8
0,0,1
0,0,2
20,11,24
12,22,6
56,147,18
47,143,92
4,2,9
50,165,16
16,30,12
26,38,39
0,0,2
7,2,11
11,27,2
6,6,3
4,6,1
5,2,4
156,9637,16
11,14,18
7,4,16
36,146,18
4,3,6
1,0,2
0,0,1
2,0,8
2,0,5
12,9,9
61,111,30
30,111,9
22,39,11
5,1,14
5,2,5
9,36,1
12,47,5
20,56,9
28,71,12
14,38,10
1,0,1
2,0,2
12,10,11
38,150,25
72,257,59
18,42,9
13,10,21
2,1,1
2,1,2
2,1,2
26,90,10
11,22,4
14,31,7
10,22,4
22,57,12
0,0,1
3,1,5
1,0,1
24,33,17
18,13,20
2,0,5
0,0,1
1,0,2
12,6,14
1,0,1
5,2,5
12,6,40
3,3,3
1,0,8
8,6,8
11,45,14
1,0,1
1,0,1
14,11,10
5,3,4
19,95,6
25,64,24
2,0,3
1,0,1
3,2,8
18,19,19
141,9591,4
2,0,4
3,1,3
5,1,8
2,0,3
2,0,4
13,39,3
25,68,12
13,49,6
42,213,17
7,0,29
5,2,7
0,0,3
8,7,5
17,13,16
36,166,34
6,10,5
5,2,3
23,56,16
21,39,27
20,72,9
9,6,8
20,18,16
1,0,3
46,147,16
0,0,2
12,37,10
2,0,7
0,0,1
8,5,5
5,1,4
7,4,7
59,242,25
53,214,18
45,168,39
30,162,9
0,0,3
58,221,15
17,50,10
18,46,10
17,50,7
14,48,3
36,90,16
1,0,1
15,56,4
1,0,1
5,2,5
28,120,9
5,10,4
34,105,24
2,1,6
9,14,13
0,0,5
18,20,11
10,12,6
6,2,8
12,19,4
5,7,2
10,36,3
9,36,4
42,136,14
14,43,4
2,1,5
0,0,2
42,106,38
166,9608,45
13,19,11
0,0,6
40,83,36
42,129,34
0,0,7
4,3,7
1,0,1
0,0,1
13,16,8
7,7,3
0,0,9
8,7,7
4,3,12
1,0,4
1,0,1
5,3,5
28,83,5
5,6,4
4,3,2
20,18,38
3,3,1
0,0,3
0,0,2
3,3,1
11,11,9
5,3,4
10,13,9
1,0,3
9,7,7
3,3,2
27,31,31
15,19,10
14,25,7
0,0,1
18,34,16
47,75,66
1,0,2
4,0,9
30,75,23
1,0,4
3,1,3
6,4,10
15,9,16
1,0,4
13,17,5
2,1,5
6,4,7
1,0,1
4,2,3
17,11,12
7,1,19
0,0,1
5,4,4
7,7,6
11,22,5
1,0,1
5,1,6
28,28,23
1,0,4
9,9,6
20,57,9
29,36,47
5,1,6
9,9,8
36,136,13
17,56,11
6,2,9
36,468,8
0,0,1
169,13861,6
32,88,10
2,1,1
20,19,17
13,14,10
10,10,5
4,3,4
5,3,5
0,0,2
0,0,2
0,0,2
0,0,1
12,9,9
22,22,15
9,9,15
9,16,2
13,20,6
10,8,7
9,18,3
17,20,12
6,15,1
12,22,3
8,4,6
1,0,1
1,0,2
0,0,1
31,122,15
6,7,4
27,97,6
5,6,2
6,7,2
42,119,25
29,89,20
6,2,16
3,1,4
14,45,7
2,0,5
11,3,19
2,1,1
25,18,35
3,0,13
56,168,31
3,1,3
0,0,4
9,13,6
25,39,11
10,37,6
10,11,4
13,30,5
43,110,22
33,182,26
2,0,4
31,23,17
1,0,5
11,11,10
13,16,8
174,13864,9
11,10,10
36,96,15
25,29,15
8,2,7
19,63,8
0,0,2
3,1,2
1,0,3
15,56,6
15,19,14
1,0,6
4,1,3
3,0,5
17,84,6
26,20,19
6,8,17
0,0,1
9,1,19
194,9712,59
0,0,3
22,40,22
14,5,23
1,0,2
1,0,1
12,8,23
140,9591,26
16,8,36
82,645,24
3,1,3
23,191,3
7,2,10
10,14,14
8,5,5
3,3,23
12,6,13
7,6,7
5,3,5
29,279,5
16,25,11
0,0,1
11,16,7
0,0,1
11,9,9
1,0,1
34,91,20
6,4,3
4,3,4
14,7,9
18,12,15
3,1,7
33,56,20
9,22,2
19,6,20
1,0,6
55,100,48
25,75,10
2,1,10
48,78,37
32,86,10
14,9,18
57,159,21
7,21,5
8,3,10
4,3,2
21,22,16
1,0,1
1,0,1
7,1,21
19,37,11
15,20,28
21,48,18
8,15,7
2,0,2
1,0,1
2,0,5
2,0,3
1,0,1
8,13,2
27,201,7
31,49,13
6,3,12
15,13,13
3,1,11
4,1,5
6,7,4
3,1,3
4,3,5
6,3,6
0,0,3
0,0,6
1,0,7
8,7,8
4,6,3
11,16,18
0,0,1
15,21,17
18,19,8
6,6,5
7,9,6
7,4,6
14,32,18
31,38,24
9,6,15
11,6,12
11,22,11
7,10,11
15,31,8
8,2,17
0,0,2
0,0,2
31,49,22
39,210,15
8,3,9
28,84,12
29,90,16
16,31,6
7,9,3
15,23,11
1,0,1
6,2,15
2,0,8
53,176,18
12,13,10
15,28,11
27,77,11
1,0,4
2,0,2
53,187,30
5,2,5
4,1,3
139,9591,5
0,0,17
6,6,3
20,29,21
8,5,8
47,142,21
15,14,9
182,13879,18
2,1,4
10,11,9
2,0,2
1,0,2
4,3,5
1,0,2
9,11,5
13,55,8
7,2,7
3,3,1
3,3,2
2,0,5
16,8,15
6,4,10
26,141,9
0,0,1
0,0,1
4,0,7
18,40,24
15,66,12
5,4,3
3,2,5
1,0,3
5,3,8
3,3,5
75,1998,10
15,13,21
6,0,16
39,67,20
18,39,8
1,0,4
0,0,1
26,17,23
25,80,5
23,74,21
16,26,18
28,67,25
11,12,7
32,127,9
2,0,3
6,1,13
16,11,17
4,3,2
0,0,2
147,9597,18
3,3,2
1,0,5
95,1986,32
6,4,6
0,0,1
0,0,3
10,9,9
6,2,30
22,58,5
6,15,1
6,15,1
6,15,1
2,0,2
2,0,4
5,1,12
3,1,9
3,1,9
0,0,2
58,191,19
66,357,14
63,122,33
10,11,9
24,44,14
24,79,6
3,3,2
39,96,22
8,15,3
14,36,3
30,104,8
4,3,5
47,188,15
0,0,1
1,0,4
12,29,14
4,2,6
32,17,47
35,61,27
6,10,3
6,6,3
3,1,2
2,1,5
3,1,4
1,0,1
1,0,3
28,99,21
10,4,17
33,171,18
11,15,15
8,13,6
12,6,15
13,17,10
44,122,62
11,36,7
26,89,18
14,20,12
15,37,10
9,22,4
4,3,2
18,37,11
14,31,11
5,1,13
0,0,1
29,48,33
27,134,6
12,10,8
9,11,7
24,44,13
5,2,4
3,1,4
15,3,37
6,7,4
11,14,6
25,72,33
8,2,10
16,29,10
24,41,13
25,34,39
46,173,35
16,33,6
47,194,17
16,29,18
18,40,8
23,42,9
13,28,10
6,10,3
1,0,1
71,302,47
7,10,8
17,16,12
10,13,7
172,9852,11
2,0,4
5,2,4
22,25,21
28,73,38
4,0,10
5,4,9
1,0,5
172,13862,14
24,20,54
0,0,1
55,185,66
9,11,5
0,0,3
2,0,5
2,1,1
168,13861,3
7,3,11
0,0,2
39,105,23
1,0,1
7,0,8
3,0,6
2,0,6
16,28,11
15,25,12
7,3,8
11,45,4
2,1,2
1,0,1
4,1,4
14,9,16
8,7,4
1,0,14
11,4,15
9,10,8
9,10,3
6,0,10
3,0,3
13,23,6
31,94,17
48,57,29
0,0,2
6,6,9
4,1,22
7,3,7
34,120,27
10,20,2
5,10,1
3,0,4
42,193,14
47,135,26
2,1,4
10,4,12
5,3,17
4,1,3
6,4,6
32,54,26
0,0,2
3,3,2
29,79,16
17,14,15
4,3,2
68,307,23
14,31,8
9,8,10
4,2,2
6,4,3
4,1,3
20,37,8
15,7,14
13,32,6
10,22,21
1,0,6
15,61,9
12,14,11
6,4,8
15,19,12
10,6,8
5,1,7
2,1,2
4,2,6
5,6,3
1,0,4
38,82,37
14,25,12
13,29,10
7,3,4
4,1,4
19,46,8
4,6,1
4,6,1
35,27,43
176,13872,11
10,3,11
35,103,15
30,70,21
151,9607,8
3,0,5
6,0,8
19,45,11
8,7,6
4,3,17
21,15,24
1,0,4
3,0,5
5,1,7
6,2,9
3,1,4
2,1,2
3,1,4
2,1,7
0,0,1
36,135,12
15,58,9
11,5,13
68,202,45
4,0,11
9,4,15
56,373,38
24,25,25
0,0,1
4,6,2
3,1,12
18,64,3
39,31,27
4,3,4
14,24,11
3,1,6
52,94,25
18,60,3
4,3,2
8,13,3
21,75,7
3,1,3
14,12,19
25,63,22
2,1,5
5,4,6
12,15,9
11,18,5
0,0,1
4,3,5
8,3,10
1,0,2
28,118,12
23,43,15
3,1,7
0,0,1
1,0,3
1,0,4
7,1,9
21,33,13
1,0,4
0,0,1
0,0,1
3,1,6
4,1,13
38,379,8
4,0,6
14,19,9
10,30,2
8,2,14
8,3,8
9,6,5
5,4,2
0,0,2
0,0,1
33,83,21
4,0,4
7,6,5
0,0,1
2,0,6
16,22,11
3,3,2
24,71,11
19,13,12
12,14,8
38,81,21
1,0,1
1,0,2
7,6,5
2,0,5
0,0,1
25,33,20
0,0,4
0,0,2
15,10,13
24,47,21
4,3,2
33,155,21
167,13861,2
2,1,1
66,310,38
12,30,4
37,172,15
4,6,5
13,5,18
38,469,6
10,7,8
1,0,3
1,0,6
2,0,6
1,0,1
16,23,9
9,5,13
5,4,4
8,7,6
2,1,2
10,9,4
9,13,4
3,3,2
6,4,5
14,15,7
23,52,20
21,29,15
3,0,7
8,28,2
2,0,3
1,0,1
30,76,17
4,3,2
24,19,24
0,0,3
14,8,13
3,1,10
31,213,7
20,34,8
10,7,12
10,0,12
10,6,10
4,1,5
24,65,10
0,0,1
34,72,23
1,0,1
172,13864,5
9,11,8
12,19,5
1,0,1
11,23,8
62,219,30
4,3,3
28,123,19
129,2240,52
20,105,7
5,6,2
9,7,9
11,19,4
2,0,4
14,10,9
2,1,1
14,56,9
40,51,20
1,0,2
2,0,2
9,9,5
6,6,7
2,1,2
0,0,3
41,140,23
78,1974,17
2,0,5
9,3,11
1,0,1
19,18,15
1,0,1
17,15,23
11,8,7
24,20,13
4,6,5
2,1,4
0,0,2
9,6,12
3,1,6
6,15,1
9,15,4
175,13863,22
47,203,10
72,374,20
207,14112,8
38,96,12
25,86,7
18,31,12
2,1,2
13,10,8
5,3,9
93,418,29
59,186,26
38,94,15
38,73,30
21,60,10
13,20,5
0,0,1
8,4,11
61,413,15
1,0,2
14,6,13
12,14,10
7,3,7
17,42,8
42,106,16
3,1,4
10,24,9
21,42,18
2,0,8
1,0,1
4,3,2
42,105,14
7,4,6
9,4,18
4,3,11
46,613,15
29,41,17
21,25,16
0,0,11
6,4,3
32,87,20
37,98,21
1,0,3
93,650,11
56,225,18
9,18,5
1,0,2
13,10,9
4,0,10
5,6,4
6,15,2
12,3,14
41,124,20
1,0,1
21,69,8
10,10,7
1,0,1
7,0,13
3,0,6
0,0,2
6,4,3
15,58,3
0,0,1
8,15,5
20,46,19
0,0,1
44,137,24
50,160,27
2,0,7
6,4,3
1,0,2
2,0,7
23,21,16
15,13,14
2,0,7
12,14,14
10,19,16
9,7,14
1,0,6
13,24,13
25,141,12
2,0,6
4,1,8
18,28,13
21,50,16
23,49,17
13,9,7
7,6,8
17,24,15
0,0,7
12,66,2
38,144,19
8,0,18
16,1,31
2,0,5
26,98,13
4,6,2
0,0,4
12,9,7
6,6,4
49,259,21
3,1,3
5,1,9
3,0,8
114,1302,27
0,0,8
21,56,22
0,0,1
20,71,7
31,53,18
32,114,8
6,10,3
12,25,9
14,47,9
5,10,3
15,61,2
29,66,20
37,60,14
10,5,7
20,27,26
60,237,24
1,0,2
1,0,1
22,35,38
5,1,11
7,7,4
1,0,5
37,164,8
7,3,4
7,4,22
9,6,39
25,164,4
4,1,29
5,1,12
17,40,31
36,196,16
56,101,53
38,161,17
22,80,4
47,208,15
1,0,1
7,11,3
25,16,23
1,0,2
4,0,4
2,1,8
6,7,4
5,7,2
3,3,2
5,1,5
21,190,3
20,24,11
7,4,22
12,18,11
8,21,4
7,12,3
5,3,27
37,70,20
20,45,15
9,36,1
15,51,2
9,36,1
2,1,3
1,0,3
0,0,3
14,7,11
6,4,5
1,0,2
33,112,29
7,4,6
6,10,10
17,120,3
5,3,6
33,87,22
59,192,36
0,0,1
78,120,73
7,2,11
0,0,1
3,1,2
9,16,4
2,1,1
10,5,10
11,4,9
7,1,8
24,85,11
39,197,20
0,0,1
3,0,5
1,0,4
0,0,1
19,31,14
1,0,10
15,61,2
4,6,1
6,6,5
19,63,7
50,244,24
5,4,2
3,3,2
6,5,3
62,267,30
6,6,6
23,85,5
17,55,7
9,12,5
4,6,3
16,92,4
45,343,4
42,337,3
26,139,5
22,135,2
4,0,4
48,91,29
11,36,5
27,39,15
1,0,3
3,3,4
3,0,4
3,0,4
2,0,3
0,0,1
14,9,22
47,204,19
24,77,7
11,14,7
3,3,6
8,9,4
4,3,3
6,4,5
1,0,2
3,3,3
11,11,4
3,3,3
3,1,5
7,10,5
4,3,3
14,14,10
85,352,23
5,6,6
0,0,6
4,3,10
32,49,31
13,20,16
8,16,11
1,0,1
4,1,6
14,67,6
0,0,2
1,0,3
7,2,8
24,133,18
0,0,1
5,4,2
42,209,25
103,958,19
40,186,21
15,30,6
0,0,8
33,128,17
5,3,4
4,3,4
39,135,41
3,0,4
2,0,3
4,6,3
11,10,6
3,1,7
49,256,17
5,0,11
17,34,31
18,30,10
31,227,4
38,231,26
76,365,22
21,210,1
50,301,7
42,253,13
4,1,6
11,7,5
5,4,3
13,46,8
36,94,15
10,16,11
5,6,2
2,0,2
14,16,21
1,0,1
3,3,2
1,0,3
20,95,6
10,20,6
10,13,5
5,10,1
11,6,12
3,1,3
0,0,1
0,0,4
4,2,2
16,43,7
2,1,1
18,34,8
3,1,2
1,0,3
1,0,3
0,0,2
0,0,2
57,190,37
21,91,3
24,70,9
1,0,4
1,0,6
4,1,7
1,0,4
0,0,1
0,0,1
3,0,16
1,0,8
5,2,8
4,0,6
0,0,1
0,0,2
3,3,1
3,3,1
3,3,1
106,483,54
1,0,2
3,1,5
14,40,4
3,1,5
31,24,18
11,25,8
13,32,6
5,6,2
4,3,3
31,164,12
15,19,10
8,15,5
9,11,4
10,36,4
31,149,11
20,72,17
6,15,1
8,10,10
16,46,11
30,123,15
14,24,16
27,144,9
1,0,2
32,160,12
26,127,10
3,3,1
45,138,15
10,3,11
28,141,7
9,4,8
3,1,9
6,3,10
0,0,1
4,1,6
1,0,5
55,203,23
1,0,2
1,0,3
5,6,4
1,0,3
2,0,4
44,100,17
43,126,22
71,1954,22
11,30,7
6,3,13
14,29,9
16,6,37
1,0,6
15,24,10
35,169,12
44,201,22
28,46,14
2,0,3
0,0,1
10,3,19
6,3,4
8,3,12
8,2,12
2,0,4
1,0,4
1,0,2
7,10,5
17,27,14
1,0,1
7,6,8
4,6,1
24,88,7
6,15,4
0,0,1
10,7,10
27,102,8
29,43,20
15,17,17
0,0,3
1,0,2
2,0,5
13,31,4
2,0,2
9,3,10
9,5,8
9,16,6
0,0,2
8,2,19
27,49,14
3,3,2
11,5,27
8,2,7
5,4,4
2,1,1
3,1,4
45,384,18
3,0,6
9,28,3
25,78,10
7,6,8
20,13,18
18,33,7
6,4,4
1,0,4
17,31,18
22,42,38
38,54,48
82,272,43
3,1,6
12,4,13
9,8,4
0,0,2
2,0,5
4,6,2
9,4,13
2,0,3
1,0,4
157,9657,16
17,18,10
3,3,1
33,93,13
2,0,10
1,0,1
26,85,12
7,4,4
10,7,14
1,0,1
1,0,1
7,7,4
2,0,5
18,30,12
74,322,28
2,0,2
19,136,7
90,560,36
10,12,5
18,16,21
0,0,1
0,0,3
8,3,14
30,46,16
5,1,4
4,2,3
44,125,37
20,49,7
2,1,3
11,8,21
1,0,2
18,27,21
5,3,3
2,0,10
0,0,2
11,45,3
4,0,16
27,80,9
21,43,13
13,42,7
14,50,4
0,0,2
0,0,1
2,0,7
27,154,16
8,9,9
5,4,9
57,184,66
1,0,4
4,3,2
1,0,1
10,13,6
1,0,2
4,3,4
20,36,8
25,87,12
11,5,19
4,1,6
14,46,6
3,1,16
10,9,5
1,0,2
1,0,4
3,1,7
8,8,18
1,0,5
0,0,2
9,9,6
1,0,1
7,6,3
7,21,5
11,11,6
30,94,9
18,78,6
8,4,5
7,10,4
0,0,1
26,41,19
16,26,13
7,7,6
11,8,16
15,11,11
1,0,5
1,0,1
1,0,3
38,59,26
12,10,9
25,74,12
10,3,9
17,55,6
4,2,2
5,1,6
0,0,5
17,12,22
107,236,88
19,16,23
5,2,11
1,0,1
1,0,1
7,3,9
14,27,9
24,62,17
0,0,1
0,0,9
0,0,1
2,0,8
17,42,13
29,66,21
28,74,24
0,0,1
18,15,17
5,4,2
31,45,36
3,3,1
10,9,11
13,12,15
2,1,2
5,10,1
23,53,7
4,6,3
16,43,7
0,0,1
5,3,5
21,47,13
11,3,9
29,47,29
3,3,5
38,78,22
26,32,16
6,4,5
12,24,10
5,0,5
10,9,4
6,3,7
7,10,6
9,22,7
3,1,8
80,2012,15
17,48,18
10,14,14
70,233,36
11,24,18
0,0,1
13,10,7
3,1,4
1,0,4
13,21,7
8,4,46
0,0,1
21,56,12
34,56,32
10,10,7
22,79,9
29,101,20
27,89,16
79,470,17
5,1,7
15,5,23
19,51,9
24,47,28
3,1,3
167,13861,2
1,0,1
3,1,5
2,0,5
1,0,2
0,0,1
34,125,30
9,13,6
8,21,2
24,30,21
3,0,3
147,9597,11
9,36,5
5,1,6
21,58,6
14,36,12
7,5,7
7,5,11
21,26,19
3,1,4
1,0,6
35,127,24
142,9591,7
5,3,4
15,14,24
6,2,11
4,1,3
7,7,5
4,3,4
1,0,2
0,0,3
2,0,3
20,26,17
23,126,6
24,85,11
37,125,14
1,0,3
1,0,1
0,0,2
47,141,19
19,31,9
12,20,9
173,13876,2
27,52,11
6,6,3
13,25,8
0,0,1
33,59,38
19,42,13
32,100,11
172,13865,16
4,3,2
3,1,10
0,0,1
1,0,9
16,11,19
12,9,12
21,172,2
22,48,14
1,0,1
4,3,4
17,29,5
0,0,8
3,1,6
1,0,3
10,12,5
4,1,4
6,0,9
3,0,4
30,103,25
20,20,19
3,3,1
35,89,17
0,0,2
314,23443,29
168,13861,4
188,13902,34
167,13861,4
167,13861,1
175,13882,4
181,13870,10
167,13861,1
173,13865,12
173,13862,9
167,13861,1
167,13861,2
180,13872,13
167,13861,1
170,13864,3
172,13871,2
299,23431,4
172,13862,8
177,13871,13
172,13861,35
175,13871,11
169,13862,3
170,13861,4
177,13871,7
167,13861,1
167,13861,2
167,13861,2
173,13865,9
167,13861,1
167,13861,2
167,13861,1
304,23434,7
167,13861,1
168,13861,3
167,13861,1
167,13861,1
167,13861,1
180,13887,15
179,13878,11
167,13861,2
169,13862,5
167,13861,1
167,13861,1
177,13879,5
167,13861,1
167,13861,2
168,13861,2
197,14020,8
182,13912,6
168,13861,2
168,13861,3
167,13861,2
209,14045,7
167,13861,1
168,13861,2
170,13862,7
167,13861,3
189,13982,4
186,13906,14
167,13861,1
167,13861,1
167,13861,2
174,13864,8
196,13980,15
167,13861,2
176,13874,8
168,13861,3
175,13889,3
167,13861,1
198,13940,23
3,1,2
2,1,2
40,190,12
38,91,10
1,0,1
4,3,3
144,9595,6
7,4,5
31,99,8
26,51,15
91,366,27
29,109,14
0,0,1
8,7,5
1,0,2
19,14,18
31,53,26
5,1,10
0,0,1
1,0,1
1,0,2
39,120,23
67,263,67
66,259,31
32,98,27
23,27,13
9,16,2
42,135,20
31,28,24
14,17,13
2,0,9
11,36,4
157,739,93
11,9,6
30,58,18
4,1,5
0,0,2
0,0,4
3,1,5
25,116,9
15,14,11
1,0,4
6,4,5
19,41,8
6,7,4
3,3,5
9,10,10
9,10,6
0,0,1
178,9836,17
5,4,3
8,7,13
36,131,7
5,1,12
6,10,4
4,3,11
35,92,35
1,0,2
3,3,4
5,10,1
5,10,1
5,10,2
15,16,19
5,4,4
12,46,2
16,16,8
26,50,25
4,0,16
1,0,2
3,3,1
21,37,13
3,1,3
37,466,10
17,22,13
160,9641,9
7,15,5
2,1,2
1,0,4
1,0,8
16,20,14
27,13,28
0,0,1
0,0,2
54,192,30
1,0,1
2,1,1
5,2,3
9,4,6
49,268,11
2,0,3
11,27,3
13,30,3
31,121,12
20,24,8
4,6,2
0,0,3
12,16,17
6,1,17
18,120,7
46,240,20
158,9616,10
19,29,13
3,3,3
3,3,1
10,18,6
3,3,2
72,1957,19
1,0,2
28,20,28
11,10,4
7,10,7
18,121,8
1,0,1
1,0,2
25,69,9
30,69,14
2,1,1
9,10,7
10,5,6
5,6,3
1,0,1
26,122,4
9,24,3
0,0,4
18,34,25
48,334,8
4,3,3
12,23,24
7,13,2
5,10,1
7,13,3
18,34,8
5,10,1
30,111,6
1,0,2
7,9,2
5,6,3
14,18,5
4,6,1
3,0,5
12,14,10
17,17,8
23,52,14
13,21,9
9,1,12
5,3,8
1,0,1
14,36,3
8,5,4
15,8,15
2,0,4
15,19,14
0,0,5
0,0,1
0,0,1
6,7,5
6,7,9
3,3,2
12,11,11
19,125,3
21,128,3
17,122,2
6,1,7
66,300,26
0,0,1
17,37,8
40,164,17
18,40,6
115,819,96
36,101,14
7,9,2
17,67,12
1,0,1
5,6,2
2,1,3
7,3,7
29,132,8
0,0,2
0,0,1
34,108,14
19,60,10
32,265,4
11,55,5
32,84,13
11,55,1
11,55,1
19,46,16
10,7,14
0,0,1
2,1,1
3,1,3
41,148,39
3,0,5
11,13,6
3,0,3
11,3,18
30,109,9
2,0,2
5,6,5
17,75,7
16,37,7
1,0,3
7,4,11
10,21,3
18,26,13
88,457,23
6,15,6
7,15,3
0,0,2
12,12,7
0,0,1
43,158,20
16,36,7
18,89,3
1,0,2
0,0,2
72,337,36
12,66,2
16,72,2
19,87,3
37,259,5
12,66,2
22,88,7
0,0,1
15,21,11
9,6,7
1,0,3
6,4,3
44,139,23
9,4,14
11,9,9
35,95,22
10,3,15
1,0,4
39,72,42
0,0,1
0,0,1
16,48,10
29,50,20
6,6,8
0,0,2
25,40,24
0,0,1
4,1,3
30,74,31
9,11,10
0,0,1
15,15,12
4,3,3
6,3,7
41,77,24
21,62,5
3,1,2
7,11,2
7,11,2
40,85,16
12,12,10
1,0,4
1,0,1
1,0,3
8,5,7
5,3,4
2,0,4
39,141,18
43,217,6
24,92,6
16,7,16
19,5,34
5,3,9
27,53,12
20,43,8
18,23,15
1,0,6
8,13,8
28,67,12
6,3,4
6,10,3
9,10,13
1,0,4
1,0,2
0,0,1
3,1,2
11,32,4
15,27,7
33,70,18
14,22,5
43,289,7
8,11,5
9,4,19
10,13,19
31,55,20
9,10,12
69,160,67
10,19,6
3,3,2
4,6,2
0,0,1
5,6,2
20,33,10
2,1,2
30,55,12
11,12,4
3,3,2
147,9598,10
0,0,1
16,15,9
14,27,10
1,0,2
3,1,3
55,248,35
11,5,13
0,0,2
24,31,16
6,2,7
3,3,2
4,3,6
2,1,1
24,73,16
2,0,15
5,6,2
0,0,11
5,3,4
6,4,5
2,1,6
4,6,2
4,6,1
2,1,3
0,0,1
13,24,11
11,24,3
16,8,20
10,45,1
0,0,2
10,10,8
1,0,3
46,250,41
50,136,31
10,36,4
10,21,2
4,1,3
4,2,4
6,6,5
11,6,8
10,13,12
54,106,45
19,21,11
5,6,4
168,9636,15
0,0,4
6,2,11
12,13,6
9,15,12
13,11,13
12,21,7
7,4,8
8,2,9
12,18,9
49,206,18
5,3,5
7,6,5
8,7,4
3,1,5
1,0,6
6,3,9
6,1,8
3,3,1
1,0,2
0,0,1
4,0,6
0,0,1
6,6,5
3,0,6
15,16,9
27,36,41
50,269,27
1,0,2
2,1,4
11,15,7
2,0,3
2,0,3
9,9,16
4,3,9
4,3,4
1,0,4
107,556,56
6,3,8
4,1,13
6,15,1
6,15,1
12,30,3
9,18,2
14,18,8
12,25,9
19,43,4
9,16,6
30,267,4
90,2025,60
38,66,40
20,121,12
6,6,3
3,3,2
8,18,3
11,29,4
7,3,10
14,25,5
6,15,2
33,466,2
15,91,6
39,138,8
32,218,15
35,250,6
23,201,7
0,0,1
19,32,18
41,77,19
0,0,1
2,0,3
51,115,30
6,11,3
12,16,9
34,37,22
38,158,22
13,40,9
150,9601,9
7,6,5
28,30,14
142,9592,3
10,13,8
24,17,18
2,0,3
10,10,7
22,29,18
15,16,6
0,0,1
16,43,16
0,0,2
17,12,20
7,6,18
0,0,1
9,16,5
2,1,2
23,49,11
6,2,12
1,0,3
53,188,27
4,3,4
3,3,1
31,85,7
4,6,1
8,12,2
2,0,2
9,6,17
0,0,2
4,6,3
0,0,2
3,1,5
1,0,3
4,6,7
3,3,10
5,2,3
47,156,38
16,120,1
16,120,1
21,130,3
20,126,10
25,148,5
18,121,3
16,120,7
0,0,1
1,0,2
1,0,1
4,3,4
19,44,12
8,2,15
14,21,12
8,11,4
19,23,11
38,97,26
24,127,10
0,0,1
3,3,1
0,0,1
2,0,2
1,0,1
0,0,1
8,6,29
7,6,12
2,1,1
10,13,7
9,5,18
0,0,2
3,0,11
6,2,6
28,37,21
13,18,11
26,104,9
5,10,1
32,135,13
21,73,8
21,30,7
7,21,1
13,39,5
0,0,1
119,1145,48
1,0,1
2,1,1
25,149,4
32,190,10
41,218,12
10,10,17
9,16,7
21,107,5
0,0,1
1,0,1
4,3,2
2,1,6
9,3,20
47,233,28
3,0,10
67,1954,14
9,5,15
3,0,4
4,2,3
43,474,25
4,3,2
2,1,2
6,6,5
0,0,1
23,83,9
3,0,30
2,1,4
7,7,4
2,1,4
0,0,1
16,3,26
49,128,27
12,14,7
1,0,1
1,0,6
52,152,26
11,11,5
12,8,15
7,10,3
20,20,11
1,0,3
41,180,37
14,5,25
27,52,21
0,0,1
29,50,27
5,0,7
0,0,1
5,4,16
11,4,20
6,1,10
3,1,7
24,50,17
2,1,5
6,10,6
2,1,1
7,1,8
19,38,12
4,6,1
4,3,4
2,1,4
1,0,2
0,0,3
0,0,1
0,0,1
6,3,7
3,0,14
29,118,10
22,89,10
5,1,4
22,76,10
9,6,19
29,33,16
23,37,17
1,0,2
2,0,5
1,0,1
7,4,7
7,1,23
8,7,9
2,0,2
23,231,3
17,37,14
61,159,98
21,50,12
9,6,11
4,3,5
3,1,4
17,34,11
15,31,8
22,46,22
4,6,1
6,7,3
16,31,6
4,6,2
4,0,8
16,26,10
5,0,9
40,154,22
0,0,2
5,4,3
1,0,2
5,6,2
3,1,4
19,53,8
2,1,4
0,0,1
3,0,19
13,37,5
1,0,1
51,219,14
34,124,21
1,0,6
0,0,4
2,0,5
5,0,13
20,18,21
27,66,15
1,0,2
13,24,12
2,0,3
4,3,4
16,48,11
14,4,31
10,28,3
54,172,39
23,39,10
1,0,2
5,3,3
10,5,7
34,109,14
4,3,2
4,2,5
7,11,5
3,1,3
1,0,1
1,0,1
0,0,2
15,61,9
0,0,2
43,288,22
1,0,11
0,0,2
28,75,17
0,0,1
0,0,1
1,0,1
1,0,1
91,216,61
7,2,7
165,9679,16
5,3,5
3,3,2
3,0,6
1,0,2
19,44,5
10,36,3
1,0,3
22,21,22
7,4,8
20,13,21
8,4,10
4,3,7
3,3,1
10,8,7
24,47,19
21,44,17
51,155,33
24,62,12
11,45,2
15,52,3
18,68,7
12,46,3
13,55,8
9,6,8
0,0,1
24,30,20
25,49,14
24,67,16
39,129,15
24,20,61
20,24,15
10,9,4
7,6,9
15,12,9
4,6,1
22,71,8
12,33,6
16,14,23
3,1,11
0,0,1
11,4,10
7,4,10
7,3,15
6,15,1
5,10,5
22,35,14
20,22,11
5,1,6
2,1,4
0,0,1
2,0,2
12,3,23
34,84,29
58,271,24
18,31,22
8,2,12
31,193,14
57,188,22
9,11,14
9,21,9
13,34,8
4,6,1
7,6,11
5,0,13
1,0,1
1,0,1
10,2,11
4,0,4
1,0,9
48,200,21
7,4,7
0,0,6
1,0,2
25,12,33
2,1,7
2,0,6
149,9598,10
10,8,8
13,31,7
3,3,2
0,0,1
30,132,10
1,0,1
6,1,12
17,35,7
0,0,3
15,13,15
0,0,1
0,0,3
3,3,1
0,0,4
21,22,34
33,296,4
9,13,6
19,39,11
1,0,1
1,0,2
2,1,2
38,135,48
17,59,4
4,3,3
9,6,5
4,2,10
7,2,10
14,13,13
9,9,4
13,12,12
1,0,3
1,0,1
5,2,5
16,28,10
2,1,4
30,46,18
2,1,1
8,12,5
2,1,1
19,26,24
0,0,1
1,0,3
4,6,3
11,13,5
7,3,7
1,0,2
52,230,27
13,29,9
71,464,22
142,9591,4
25,64,13
45,184,13
36,143,16
16,17,13
154,9606,15
1,0,1
4,2,4
2,0,12
9,3,8
13,27,6
1,0,3
0,0,3
9,7,9
19,92,5
28,86,15
1,0,1
4,1,3
11,29,4
0,0,1
5,0,9
4,3,5
5,1,10
7,10,8
8,28,1
8,28,2
8,28,1
8,28,1
9,28,2
8,28,3
8,28,3
6,4,6
0,0,3
159,2150,95
2,1,6
18,12,35
21,63,17
0,0,1
1,0,1
3,3,3
1,0,2
4,6,1
0,0,1
41,175,16
31,72,24
27,38,12
21,43,11
27,76,13
32,66,23
57,253,62
12,66,3
10,29,4
16,65,6
17,13,19
16,24,8
6,11,4
9,6,8
1,0,2
58,202,28
35,138,27
21,27,16
9,28,5
14,17,8
70,177,50
38,143,37
6,10,3
2,1,8
0,0,3
1,0,4
3,1,9
0,0,4
0,0,1
0,0,3
0,0,1
0,0,2
39,56,29
1,0,1
31,31,46
9,11,14
12,16,6
23,79,10
19,56,12
29,45,15
38,191,17
20,19,12
3,3,3
13,13,7
2,0,2
10,8,10
4,1,6
8,5,6
26,205,3
11,25,3
11,4,18
7,12,5
5,10,1
12,19,10
0,0,1
7,2,7
9,16,6
7,3,7
42,91,17
5,6,3
0,0,4
19,52,13
4,3,2
5,4,5
5,2,3
3,1,2
21,33,12
0,0,6
49,234,17
1,0,2
2,0,3
8,3,14
5,2,7
33,139,10
21,24,14
7,1,10
15,45,13
2,0,3
6,4,4
17,45,7
1,0,1
2,0,2
15,12,9
44,110,35
9,28,2
0,0,3
5,6,3
8,4,7
37,163,8
26,132,6
18,32,12
0,0,3
1,0,1
98,464,29
2,1,5
1,0,1
0,0,5
8,4,11
7,4,11
3,1,7
13,56,4
16,7,39
12,14,5
1,0,2
4,0,11
60,221,21
15,47,8
16,26,15
2,1,1
2,0,6
2,0,2
2,1,4
3,1,4
1,0,2
80,477,14
55,208,51
33,34,53
3,3,3
0,0,3
1,0,4
33,77,16
11,45,2
30,187,3
0,0,3
20,35,12
74,281,48
0,0,1
0,0,1
1,0,1
2,0,9
3,1,2
19,82,7
4,1,14
18,34,17
0,0,4
0,0,1
6,15,1
17,92,5
2,1,1
3,1,5
0,0,1
5,1,12
82,347,32
7,4,9
2,1,1
5,1,7
4,3,6
22,140,6
13,15,7
12,28,6
2,0,6
37,118,29
1,0,2
23,94,8
2,1,2
17,12,12
4,3,2
6,9,2
6,9,2
12,42,2
0,0,1
4,6,1
0,0,1
0,0,3
5,4,4
2,1,2
9,28,4
24,80,10
10,9,7
1,0,3
16,28,16
7,21,1
8,21,3
9,21,3
16,25,13
79,285,35
6,2,6
5,6,3
35,76,12
10,12,21
181,9847,16
6,15,1
55,129,29
23,36,12
4,3,2
9,10,19
13,18,5
0,0,2
145,9601,8
0,0,2
48,159,64
21,64,6
19,171,2
0,0,1
4,1,16
13,20,5
7,2,11
11,45,2
4,0,11
22,16,14
1,0,6
2,0,12
3,1,4
8,5,6
0,0,1
71,282,46
11,24,5
5,4,2
2,0,7
0,0,3
13,20,7
31,161,16
6,3,4
166,9683,33
139,1357,54
5,2,3
4,0,6
28,103,13
11,55,1
11,55,1
11,55,1
11,55,1
11,55,1
11,55,1
11,55,1
11,55,1
11,55,1
11,55,1
11,55,1
11,55,1
26,48,37
1,0,3
2,1,5
1,0,1
104,631,61
15,12,14
14,17,15
24,29,16
4,6,2
1,0,6
44,152,31
11,8,7
4,2,6
2,1,6
63,312,18
0,0,1
48,97,69
5,0,8
2,0,2
32,72,24
12,18,7
9,16,4
2,0,7
0,0,1
0,0,6
110,546,60
11,23,4
100,2119,14
15,78,8
26,120,7
9,13,5
1,0,4
39,80,24
20,36,7
22,23,27
1,0,4
1,0,1
25,35,49
13,24,11
13,30,3
44,82,25
76,310,28
0,0,1
8,28,18
41,122,28
14,22,12
1,0,1
0,0,1
7,6,7
10,16,5
1,0,2
66,262,34
2,1,3
23,15,15
5,4,3
4,4,3
5,3,3
3,1,4
10,12,6
10,7,16
1,0,4
17,81,5
7,7,6
5,6,4
17,34,12
3,3,1
3,3,1
5,6,4
22,36,11
19,17,34
19,22,13
10,12,6
0,0,1
7,5,3
1,0,1
4,1,8
48,153,21
13,14,9
5,1,10
4,1,5
11,16,14
19,95,5
36,98,10
11,3,56
6,6,3
16,38,10
9,4,16
12,12,10
22,62,12
58,218,26
6,7,4
82,266,71
6,6,6
9,10,3
12,18,5
11,36,6
4,0,13
14,91,1
21,94,18
15,91,2
14,91,1
23,112,24
23,104,7
14,91,1
0,0,3
0,0,1
27,30,16
23,35,12
9,12,5
0,0,2
2,1,1
19,71,6
37,150,18
5,3,3
29,78,23
3,0,7
19,31,10
1,0,1
1,0,3
3,0,7
8,2,11
41,158,14
169,9708,17
1,0,2
11,21,13
17,24,8
12,7,11
4,3,6
9,5,18
1,0,2
2,1,3
24,41,21
1,0,2
2,0,3
2,0,4
5,4,2
3,3,1
8,13,2
3,3,1
27,59,23
0,0,4
16,16,14
35,216,6
39,83,24
11,14,6
15,31,7
6,10,2
8,6,7
11,16,17
142,9592,4
20,24,14
6,10,5
10,20,13
1,0,1
1,0,1
60,318,20
0,0,1
2,0,2
25,21,18
71,274,27
22,23,21
17,19,16
0,0,6
91,803,24
3,1,3
2,1,3
60,144,41
2,0,4
12,23,5
23,41,17
49,68,35
0,0,1
1,0,10
63,356,56
8,5,10
17,29,10
11,21,10
3,0,5
7,7,5
0,0,4
15,44,3
37,129,10
17,64,2
14,43,2
6,6,4
41,103,20
9,11,13
2,0,2
1,0,2
18,48,7
8,28,4
27,110,13
1,0,1
7,4,6
15,5,24
3,3,4
8,2,8
46,40,71
65,320,19
2,1,1
0,0,3
52,165,47
11,27,5
24,16,19
13,55,10
2,1,3
139,9591,3
9,29,2
20,34,6
25,38,25
32,116,14
19,42,7
17,10,18
4,3,4
19,23,12
2,1,2
4,2,2
34,55,19
14,16,12
25,276,3
12,15,5
4,2,2
3,3,5
31,70,27
6,4,7
5,3,7
0,0,3
1,0,1
2,0,2
16,15,13
8,4,6
10,17,7
17,54,8
0,0,1
0,0,2
10,4,16
3,0,4
21,41,6
34,87,30
0,0,2
6,5,7
12,20,5
1,0,1
2,0,4
77,417,33
5,4,2
23,27,16
7,7,7
33,89,20
48,117,44
1,0,2
22,30,22
26,22,43
4,6,1
29,65,10
25,36,27
0,0,1
50,105,39
25,84,7
19,14,20
4,6,2
0,0,1
3,3,2
0,0,1
4,6,6
26,46,12
10,17,4
12,5,13
57,128,36
43,89,25
23,154,9
15,5,20
1,0,1
17,18,14
18,33,17
40,196,9
2,1,4
2,1,15
2,1,22
1,0,3
11,8,9
0,0,1
12,7,15
6,6,3
1,0,1
16,33,8
4,6,1
4,1,4
36,469,6
1,0,4
109,456,62
14,36,9
13,66,4
11,13,8
1,0,5
21,33,11
0,0,1
69,1959,6
0,0,1
6,6,5
15,16,14
9,13,10
0,0,1
1,0,1
37,131,45
0,0,1
12,27,3
4,1,6
32,160,9
149,9599,18
20,16,18
3,1,3
3,3,2
2,1,1
11,9,8
23,55,7
7,1,6
0,0,2
90,746,51
14,9,13
5,3,6
13,37,6
16,38,5
43,474,17
4,6,2
0,0,2
47,188,26
8,21,3
0,0,2
0,0,1
0,0,2
28,99,11
4,3,2
0,0,1
41,203,25
3,1,3
5,3,3
0,0,1
9,10,7
3,3,3
6,3,8
60,352,36
22,47,14
11,43,9
0,0,1
1,0,2
9,22,3
0,0,1
10,7,11
9,28,5
0,0,1
108,2222,31
4,3,4
111,387,125
2,1,4
2,1,4
0,0,1
6,1,6
2,0,3
27,37,20
4,1,4
35,155,11
32,83,16
74,363,55
3,1,12
12,16,8
9,9,8
18,70,5
11,22,7
3,0,5
11,14,5
13,14,11
2,1,12
13,21,8
86,522,46
15,16,8
28,57,32
2,0,2
23,38,15
36,92,20
3,3,2
133,1064,73
32,88,10
9,5,8
3,3,2
60,79,61
25,40,19
6,6,10
1,0,5
8,11,3
3,1,5
8,7,6
26,38,31
1,0,1
16,14,20
3,3,1
2,0,2
38,151,22
23,40,23
2,1,3
41,188,26
52,180,14
10,4,17
3,3,7
18,9,26
11,21,6
0,0,2
17,46,13
8,4,8
15,78,13
22,100,5
11,5,12
16,40,12
2,0,2
3,3,2
3,3,1
11,6,9
46,150,19
0,0,1
54,217,22
10,6,12
3,3,3
4,2,5
15,25,10
1,0,3
0,0,1
166,9686,20
29,23,25
19,70,9
1,0,1
6,6,9
2,0,5
0,0,3
14,22,7
3,3,2
2,0,4
31,98,15
3,3,1
3,0,9
12,36,5
18,30,11
9,36,2
11,37,3
10,36,6
9,36,1
29,54,19
9,2,20
14,40,3
16,36,6
8,2,8
21,19,14
1,0,1
14,78,6
1,0,4
3,0,8
4,1,3
2,1,5
2,1,2
26,92,8
37,77,25
2,1,1
7,11,3
3,1,5
2,1,1
33,203,7
1,0,2
0,0,1
56,237,20
23,46,10
8,12,5
5,1,4
4,1,6
0,0,2
3,1,3
6,7,8
5,6,7
37,71,33
0,0,5
1,0,3
1,0,1
1,0,1
6,4,4
2,1,3
3,3,2
8,13,3
17,74,9
17,31,8
33,121,53
26,67,8
11,1,13
0,0,1
18,16,20
1,0,2
4,3,4
18,23,10
27,51,26
14,36,6
2,0,4
27,164,10
9,7,10
4,2,3
5,4,3
1,0,1
46,138,48
4,0,4
9,9,4
6,6,4
55,690,9
2,0,6
8,15,7
1,0,3
23,139,12
0,0,2
60,239,44
2,1,10
16,63,6
8,7,5
0,0,1
8,11,6
2,1,5
18,20,20
51,224,18
9,11,5
7,6,4
0,0,2
16,7,20
8,2,9
78,215,31
2,1,1
74,381,43
16,40,10
53,118,30
0,0,1
30,47,24
6,6,2
7,6,16
3,1,2
2,1,1
33,120,23
12,3,10
4,1,4
33,167,15
0,0,3
4,3,3
79,323,48
20,17,20
20,17,13
5,6,4
1,0,5
2,0,4
12,14,11
105,265,97
5,3,8
3,0,5
3,1,4
7,2,10
15,57,4
5,1,5
11,17,7
1,0,1
1,0,1
43,151,30
2,1,1
51,274,27
0,0,2
5,6,3
23,20,19
15,37,6
54,302,13
5,2,4
26,48,16
17,10,19
2,1,2
0,0,3
17,18,12
5,3,4
3,3,8
52,214,84
4,6,2
63,360,39
2,1,5
43,231,21
20,45,10
8,6,6
10,9,7
3,0,5
13,26,3
5,10,2
0,0,2
7,4,8
7,7,3
0,0,1
1,0,1
42,216,29
11,22,9
11,45,3
2,1,1
3,1,2
18,26,15
46,191,24
0,0,2
4,1,7
5,2,7
3,3,5
1,0,9
3,3,4
15,13,22
5,10,2
2,1,3
1,0,4
37,61,55
4,6,4
6,2,11
12,31,6
5,2,5
5,1,7
0,0,1
5,1,18
42,332,5
26,276,3
24,276,1
26,277,5
30,291,3
24,276,2
93,2230,13
30,291,3
24,276,1
25,276,4
2,0,3
12,12,12
32,169,9
1,0,1
2,0,5
2,0,3
1,0,1
17,21,12
2,1,1
8,6,7
1,0,5
143,9597,3
17,30,11
0,0,1
1,0,1
3,3,2
8,4,5
40,110,26
6,6,12
5,10,1
3,3,2
44,119,32
4,6,1
5,1,6
17,17,6
143,9597,2
4,6,3
1,0,1
2,0,2
0,0,1
12,9,7
1,0,2
0,0,1
143,9591,15
16,23,12
1,0,1
25,134,5
5,4,4
11,21,9
15,14,12
149,9619,10
9,6,5
2,1,6
3,3,2
8,11,5
0,0,1
9,3,10
48,202,20
5,4,2
8,28,2
8,6,15
4,0,8
0,0,1
5,3,9
23,36,20
4,2,3
41,88,22
1,0,3
0,0,3
6,6,5
3,1,2
2,1,3
3,1,2
2,1,2
2,1,2
1,0,3
19,59,4
7,11,5
0,0,1
7,21,9
0,0,3
0,0,3
24,131,5
20,124,4
63,279,23
1,0,1
6,6,6
0,0,1
56,592,8
0,0,2
26,101,15
5,3,7
76,338,53
8,13,8
0,0,1
18,31,8
9,16,6
20,28,11
0,0,1
25,68,6
17,58,8
11,3,12
11,16,4
1,0,1
1,0,1
4,6,2
0,0,2
0,0,1
146,816,86
29,14,46
1,0,3
17,91,6
9,4,13
1,0,5
0,0,2
0,0,2
3,1,3
2,1,1
13,22,19
0,0,6
2,0,4
8,3,8
3,0,6
1,0,3
12,10,12
21,34,14
21,32,14
0,0,1
4,1,5
5,3,3
0,0,2
0,0,2
10,5,21
7,5,9
15,9,17
7,11,2
7,2,13
12,8,10
17,13,25
0,0,1
1,0,2
15,10,21
32,81,19
17,20,12
34,35,30
0,0,2
105,2076,44
43,130,23
22,50,16
2,1,1
0,0,1
3,3,3
40,67,17
23,20,16
33,34,28
33,80,19
28,23,37
1,0,7
8,7,7
5,6,5
10,16,4
89,363,35
15,10,21
9,16,7
18,9,27
22,41,25
5,10,1
0,0,1
22,72,21
86,318,57
2,0,4
9,6,6
47,138,27
0,0,1
6,10,2
11,14,5
0,0,1
13,32,6
27,70,7
4,1,4
17,50,7
13,7,18
8,11,6
22,67,25
19,24,11
124,1325,65
7,6,6
0,0,1
6,3,4
15,8,13
22,39,11
38,62,24
3,1,7
23,66,11
2,1,4
5,4,6
8,4,7
5,4,2
0,0,1
13,29,14
33,101,26
3,3,3
2,1,1
15,56,8
32,37,27
7,7,4
5,1,8
0,0,5
10,21,6
4,6,6
3,0,4
3,1,4
0,0,2
0,0,1
20,19,23
3,3,1
1,0,1
17,34,13
146,9602,9
27,137,19
8,1,12
4,3,7
4,1,10
27,56,18
148,9598,15
106,684,25
32,78,28
0,0,9
3,1,3
2,0,6
3,3,3
3,3,1
10,36,2
9,2,18
14,30,6
9,3,9
10,7,8
0,0,1
4,0,7
8,2,8
4,1,4
26,67,10
1,0,2
7,1,11
5,2,7
3,3,6
3,1,2
2,1,1
5,1,7
10,36,2
25,48,44
3,1,3
10,14,5
6,3,15
17,34,5
26,184,5
55,141,44
1,0,2
9,36,21
0,0,1
10,7,6
1,0,2
0,0,2
2,1,3
6,7,3
35,72,16
13,5,17
0,0,3
25,53,19
2,0,9
160,9614,23
4,0,7
17,59,10
1,0,12
5,1,6
13,7,11
37,80,16
26,56,23
18,8,21
55,87,43
25,27,16
23,58,11
0,0,4
0,0,2
8,3,14
14,13,10
17,60,4
0,0,1
24,38,12
10,8,11
32,61,49
27,69,19
1,0,6
18,78,27
3,1,2
12,18,8
8,4,15
5,6,2
17,34,7
0,0,5
2,1,6
5,6,2
17,51,5
1,0,7
0,0,7
14,46,10
100,558,32
4,1,9
17,19,14
38,95,27
6,15,3
14,19,10
0,0,2
16,24,19
26,36,14
28,51,50
3,1,6
1,0,1
7,6,6
2,0,3
9,4,11
1,0,1
1,0,6
3,1,2
16,12,12
50,254,28
58,182,42
55,200,70
2,1,1
9,8,6
5,4,2
3,3,1
73,325,50
12,16,8
5,6,8
26,49,39
12,17,23
5,10,2
0,0,1
0,0,1
15,18,12
20,77,11
2,1,3
19,60,10
2,0,3
3,1,3
21,10,25
0,0,2
21,45,17
39,132,11
32,61,24
4,3,3
157,9625,20
12,11,14
40,102,41
36,115,26
0,0,2
6,2,10
0,0,1
18,36,9
0,0,18
15,22,11
4,1,5
90,440,36
17,35,7
2,1,2
7,4,10
5,1,6
6,10,8
5,10,1
26,53,9
94,332,71
3,1,2
16,91,6
9,36,1
9,36,1
7,5,9
2,0,3
18,20,15
3,1,5
5,4,10
0,0,1
2,0,2
27,89,12
1,0,1
22,54,11
0,0,1
12,31,6
0,0,2
1,0,2
32,82,12
149,9608,10
24,63,15
8,12,3
2,1,1
8,21,7
3,1,3
13,50,14
197,9811,94
5,10,4
0,0,1
6,11,2
8,12,6
14,6,15
5,2,3
65,278,52
32,98,15
10,24,2
25,28,18
5,1,10
15,58,4
78,402,56
3,1,2
4,0,7
22,38,9
1,0,1
7,4,7
26,95,12
0,0,3
5,6,4
58,172,27
83,218,63
1,0,6
17,13,17
4,1,15
12,19,8
12,46,3
2,1,2
6,1,10
1,0,2
3,3,8
1,0,3
5,1,8
9,8,9
3,1,3
10,7,6
1,0,1
2,0,2
2,0,4
0,0,1
14,10,11
1,0,2
9,1,13
1,0,1
5,1,8
10,24,7
43,106,49
2,0,3
1,0,2
10,7,10
11,18,7
5,3,4
18,62,15
10,2,15
2,1,3
75,1978,5
6,1,6
14,38,4
1,0,1
9,7,5
66,222,33
17,10,31
5,4,3
3,1,2
17,24,31
36,112,24
8,28,1
8,28,1
8,28,2
8,28,1
13,38,4
12,21,8
0,0,1
10,9,7
93,287,81
39,81,29
40,104,39
6,1,6
19,31,9
8,28,1
11,28,10
0,0,3
2,0,3
62,174,63
13,58,5
18,41,7
36,41,29
9,5,7
25,24,20
4,4,3
6,7,4
6,7,6
1,0,2
50,79,63
28,36,37
9,6,9
3,1,6
3,1,11
21,58,7
7,10,4
2,0,3
24,32,11
2,0,5
1,0,2
1,0,6
22,61,7
15,7,10
29,64,8
4,2,6
32,159,7
22,25,17
8,13,4
15,24,10
53,203,18
25,65,14
58,250,45
11,22,9
28,73,18
28,41,31
2,0,9
0,0,1
12,10,7
10,7,10
22,60,6
6,7,3
5,10,1
28,39,25
16,21,9
23,96,7
33,225,11
15,14,12
4,3,2
15,30,8
0,0,2
2,0,11
4,3,2
39,262,5
19,20,20
26,73,9
0,0,1
6,6,17
13,4,13
20,14,13
28,101,33
0,0,2
5,1,5
13,55,11
12,17,8
0,0,1
11,12,9
5,10,2
14,28,5
52,82,66
1,0,2
2,1,2
38,158,17
2,0,3
4,3,7
34,94,20
3,1,2
12,45,4
26,93,5
49,255,20
29,59,18
30,166,10
19,23,17
17,22,10
3,1,5
51,159,39
1,0,1
13,34,7
7,5,25
1,0,2
4,6,2
5,6,2
7,7,6
6,3,9
7,7,9
13,7,10
23,47,19
1,0,1
13,33,9
5,2,3
0,0,2
5,1,8
5,1,8
5,2,6
9,16,14
4,3,7
11,12,12
3,3,1
3,3,2
1,0,2
11,12,6
8,4,7
9,7,8
4,3,5
4,1,17
9,21,5
4,1,7
12,13,8
3,1,8
2,0,6
40,475,7
6,3,6
2,1,2
30,60,20
93,637,29
0,0,1
9,10,9
4,3,2
11,36,3
1,0,2
3,1,2
10,16,6
4,6,3
3,3,1
3,3,1
29,97,7
1,0,11
0,0,2
58,114,43
1,0,3
6,2,12
18,55,5
1,0,3
5,3,12
5,4,2
16,14,17
10,45,1
10,4,18
6,4,7
21,88,8
0,0,2
0,0,1
4,1,5
0,0,1
11,24,3
20,72,7
13,8,14
55,35,85
0,0,5
4,2,7
61,255,24
1,0,2
3,3,2
0,0,1
7,5,4
5,3,5
8,4,8
2,0,7
116,772,42
54,198,29
10,3,22
3,3,1
3,0,8
29,47,17
6,7,3
1,0,2
16,10,20
0,0,1
11,10,11
0,0,1
0,0,4
2,1,3
15,39,9
10,17,7
47,189,17
14,24,8
4,1,7
9,10,3
4,6,12
0,0,2
5,2,3
1,0,2
13,9,14
24,30,15
7,10,6
0,0,1
0,0,1
0,0,2
5,10,2
0,0,2
0,0,4
31,141,9
0,0,2
0,0,7
2,1,20
8,4,5
19,42,6
121,730,40
50,201,23
10,36,4
3,0,3
1,0,1
0,0,2
4,0,6
2,0,4
36,122,26
11,45,2
13,2,16
4,2,2
6,6,4
13,14,7
26,23,27
29,159,14
8,21,3
31,128,22
0,0,2
17,64,2
23,8,37
3,1,4
43,114,23
8,4,13
6,1,12
0,0,1
15,23,29
18,61,7
7,21,1
4,3,3
20,45,13
5,0,8
2,0,2
1,0,1
53,228,24
18,106,7
12,22,5
3,3,4
17,16,13
0,0,2
1,0,3
4,1,6
157,9599,23
17,37,18
1,0,1
0,0,1
25,22,39
5,3,3
33,132,9
0,0,3
0,0,3
19,59,9
11,55,2
2,1,1
0,0,4
25,160,20
1,0,2
11,20,7
148,9594,15
2,0,3
34,104,35
0,0,1
22,45,18
8,4,12
28,101,43
2,1,3
0,0,1
21,49,8
2,0,10
4,0,8
73,278,27
0,0,8
29,37,18
15,12,18
10,12,12
2,1,1
15,31,13
2,0,2
0,0,1
0,0,1
2,0,2
1,0,1
4,1,5
4,3,3
3,3,1
43,129,17
3,3,1
18,42,9
5,10,1
108,562,48
5,10,1
7,11,2
7,11,4
3,0,6
2,1,2
26,80,25
2,1,1
7,1,22
23,51,21
0,0,1
8,2,11
1,0,3
1,0,1
0,0,2
3,1,2
2,0,5
1,0,2
4,6,2
18,42,7
67,518,41
0,0,3
21,21,29
7,6,3
4,2,3
36,138,9
21,17,32
1,0,2
11,8,21
5,6,6
9,5,12
11,7,7
1,0,1
110,502,69
16,11,26
24,97,30
6,10,3
8,13,2
6,15,2
14,58,3
14,58,4
11,55,6
11,25,2
5,10,1
41,130,25
8,11,4
0,0,1
1,0,2
25,95,15
4,3,7
41,110,28
30,38,41
4,2,5
12,21,5
15,26,8
1,0,3
95,2012,54
12,20,11
2,1,3
36,181,4
13,78,1
15,79,4
17,84,2
27,110,22
21,66,9
3,0,4
4,0,6
11,13,10
3,0,3
1,0,2
1,0,2
2,0,2
1,0,3
1,0,3
3,0,7
0,0,2
47,133,22
14,6,17
6,3,6
5,1,17
4,1,9
0,0,1
0,0,2
27,56,14
0,0,1
3,1,3
1,0,1
1,0,1
0,0,2
7,21,5
18,15,14
4,2,5
15,30,10
0,0,1
3,0,4
1,0,3
12,37,7
14,27,8
4,3,6
32,58,31
32,51,21
2,1,2
1,0,2
12,5,15
6,4,7
0,0,2
12,19,6
3,1,2
40,216,16
2,1,3
4,6,2
53,199,21
40,188,11
7,2,6
40,180,21
2,1,2
0,0,1
12,19,8
6,4,4
5,3,5
0,0,2
0,0,5
0,0,1
0,0,4
36,47,20
2,0,2
21,52,12
6,3,12
3,3,3
3,3,1
3,0,7
4,3,4
7,21,3
6,6,4
1,0,2
5,10,1
0,0,1
79,284,61
11,2,27
3,3,6
3,1,3
34,104,18
2,0,4
0,0,1
10,16,7
6,2,4
4,3,5
10,9,11
7,7,5
33,94,19
105,558,53
10,9,8
7,21,4
3,0,3
83,667,36
0,0,1
16,28,8
1,0,1
0,0,1
8,6,5
18,22,22
26,57,9
3,3,2
27,77,32
23,93,10
79,446,29
76,327,28
12,13,14
2,1,2
4,3,2
42,231,13
19,51,7
12,16,10
8,5,14
82,358,25
5,2,4
14,56,4
22,63,9
8,5,6
10,12,8
4,6,2
15,18,13
2,1,2
2,1,10
0,0,1
15,26,9
8,9,9
33,100,17
33,41,30
18,25,9
1,0,2
13,9,15
1,0,2
1,0,2
0,0,2
15,32,13
17,25,11
5,4,4
10,3,12
5,4,3
4,1,4
2,0,2
21,30,38
34,154,17
2,1,7
18,70,4
0,0,1
16,7,17
15,39,6
3,1,8
13,78,3
4,2,3
115,632,70
13,46,6
30,138,15
0,0,1
34,173,6
6,7,3
6,4,11
0,0,2
7,4,6
17,19,12
0,0,1
0,0,1
3,3,2
18,54,9
45,66,27
12,9,10
3,3,5
13,13,14
15,46,7
14,14,9
20,53,7
13,13,9
8,28,2
31,81,14
1,0,1
0,0,1
1,0,1
19,25,9
22,59,11
17,34,11
3,0,5
0,0,1
5,6,3
26,53,13
0,0,2
13,11,8
0,0,2
18,15,21
25,49,14
3,0,5
3,1,5
15,9,27
1,0,2
2,0,2
17,22,11
4,3,3
3,3,1
12,55,3
13,25,9
13,13,9
1,0,1
13,45,6
10,7,7
5,3,10
2,0,3
0,0,1
20,42,28
1,0,2
1,0,1
0,0,1
26,64,11
1,0,1
14,17,8
1,0,2
1,0,1
22,46,12
24,50,16
2,1,5
43,220,13
51,244,16
56,285,18
1,0,3
1,0,2
61,258,47
4,0,8
58,204,22
10,4,12
0,0,1
1,0,2
5,1,7
4,2,5
6,3,13
13,8,11
13,27,16
3,3,1
3,3,3
3,3,1
3,3,2
8,4,11
1,0,3
2,1,2
139,9591,3
0,0,1
0,0,4
0,0,6
3,1,4
12,5,17
0,0,1
14,34,6
9,6,6
0,0,1
27,56,18
30,107,19
8,11,5
31,57,33
1,0,1
3,3,2
3,3,1
3,1,6
3,1,4
19,19,14
17,25,8
12,19,3
6,15,1
7,15,3
6,15,1
0,0,5
2,1,3
9,0,16
35,170,8
16,16,11
0,0,1
2,1,1
8,15,12
18,36,5
0,0,1
4,1,6
5,3,12
13,32,19
3,1,2
16,11,10
0,0,1
30,61,24
8,21,2
14,31,6
14,25,7
8,10,5
1,0,1
60,138,42
10,22,3
23,191,3
25,78,21
1,0,2
20,46,11
2,0,2
16,51,9
21,43,14
12,5,13
2,0,2
10,8,12
7,4,13
3,2,3
5,3,3
12,21,6
8,6,13
4,1,5
5,6,2
11,12,11
6,7,2
7,4,6
0,0,1
4,2,5
8,13,2
4,3,2
47,145,23
17,35,27
0,0,1
7,7,4
20,44,15
3,3,1
3,3,1
3,3,1
4,0,6
0,0,1
44,215,31
37,87,24
38,133,13
1,0,3
18,120,9
34,79,14
2,0,4
226,10186,19
4,1,5
1,0,1
0,0,1
2,1,1
1,0,6
33,85,28
4,6,2
9,8,7
22,25,30
13,44,4
53,583,12
21,26,15
7,9,2
3,3,3
1,0,1
0,0,1
2,1,2
11,29,4
5,0,7
15,22,6
9,7,6
1,0,7
39,180,16
19,36,9
2,0,5
15,18,18
7,7,8
3,1,5
44,178,19
0,0,1
5,2,10
10,16,29
1,0,2
6,15,1
6,15,2
2,1,3
50,110,25
3,1,5
87,227,67
3,1,4
0,0,1
4,2,4
16,27,9
9,36,2
4,3,3
23,102,3
13,25,6
8,10,8
17,8,17
2,0,3
5,6,5
9,4,8
23,31,15
34,263,4
0,0,1
82,223,47
1,0,3
0,0,1
13,9,9
13,17,7
12,7,10
9,13,11
17,37,12
2,1,1
6,7,3
4,6,3
1,0,1
0,0,2
0,0,2
19,50,10
15,22,11
7,21,2
1,0,1
14,37,8
7,4,6
5,1,10
0,0,1
5,10,5
6,6,5
1,0,9
184,9704,39
1,0,4
0,0,2
21,54,8
12,12,6
12,30,7
8,28,1
5,2,10
2,1,2
23,20,22
8,7,7
0,0,1
0,0,3
8,13,6
23,39,17
11,29,11
9,26,3
7,7,4
16,59,5
24,62,9
11,13,11
3,1,5
9,4,11
1,0,1
0,0,1
47,672,4
30,184,8
0,0,4
8,28,1
79,323,39
5,3,9
8,7,4
0,0,6
40,176,25
11,10,10
16,22,7
8,9,3
2,1,2
14,24,6
41,234,29
12,31,4
15,19,10
28,30,32
0,0,1
8,21,9
5,0,8
1,0,1
0,0,2
0,0,1
1,0,3
23,14,53
1,0,1
23,31,20
5,3,8
19,171,3
13,12,9
5,1,7
29,113,24
18,38,8
2,1,1
33,55,36
0,0,1
4,1,4
0,0,2
4,3,9
3,3,3
12,37,6
11,3,9
20,114,6
6,6,5
12,14,12
0,0,2
1,0,2
0,0,1
2,1,1
13,11,29
1,0,2
3,3,2
1,0,3
1,0,2
16,30,7
26,51,15
29,80,31
14,12,14
24,80,20
16,59,4
24,121,8
8,9,6
17,15,10
3,3,1
7,7,7
0,0,1
7,6,3
29,45,17
30,148,11
51,144,27
0,0,1
0,0,2
142,9592,7
6,7,3
1,0,2
9,13,7
19,45,10
3,0,4
0,0,1
3,1,6
2,1,2
30,159,19
26,74,19
8,6,8
0,0,1
6,3,14
32,51,17
1,0,3
0,0,1
0,0,2
10,18,13
0,0,1
13,4,10
66,1141,17
45,253,22
47,135,21
13,17,11
5,10,2
22,21,23
0,0,4
17,41,11
8,4,22
60,226,38
8,21,4
7,6,6
2,1,3
0,0,1
23,23,17
7,3,10
1,0,2
3,0,3
67,177,46
4,3,2
0,0,1
31,80,33
55,153,23
27,41,35
23,72,6
7,5,17
2,0,3
6,4,6
5,10,1
0,0,1
10,9,5
3,3,1
38,74,22
19,45,11
39,71,40
18,43,6
4,1,7
9,4,11
16,16,12
23,65,11
5,1,6
0,0,2
6,10,5
19,25,11
0,0,2
35,182,11
27,89,17
31,194,13
29,25,40
2,0,5
36,34,35
22,51,11
5,2,6
56,290,26
1,0,1
4,6,2
9,7,4
0,0,1
0,0,1
1,0,4
5,3,7
8,8,8
17,19,7
4,2,3
97,645,88
4,6,2
4,6,1
0,0,1
1,0,1
0,0,1
5,10,3
27,113,4
5,6,2
6,6,5
0,0,1
0,0,1
23,69,7
19,11,17
5,2,4
4,3,9
0,0,3
27,39,28
75,303,50
8,2,11
7,10,8
4,6,3
34,218,14
14,21,8
152,9630,11
13,63,5
24,232,7
2,1,2
2,1,1
7,11,4
0,0,4
1,0,1
1,0,4
42,179,25
15,40,6
3,3,2
3,3,1
3,3,3
13,16,16
6,3,4
1,0,1
45,69,74
0,0,1
30,99,23
29,81,22
8,13,2
0,0,1
139,9591,2
68,183,61
27,30,20
4,1,6
3,0,11
21,54,8
0,0,1
1,0,1
3,0,6
1,0,1
13,37,7
10,8,5
14,6,26
42,136,22
23,72,10
2,1,2
13,15,13
2,0,7
3,1,3
92,322,42
5,10,1
1,0,3
3,0,3
1,0,1
34,26,49
13,18,8
1,0,5
1,0,1
0,0,2
3,3,1
3,3,1
0,0,3
3,1,3
5,4,4
99,612,55
24,46,23
27,26,26
12,6,14
0,0,1
0,0,1
10,13,6
60,240,29
11,6,16
2,1,2
31,189,8
8,5,9
39,87,17
2,1,16
6,3,4
2,1,2
0,0,1
9,6,13
7,21,1
0,0,2
7,6,4
11,28,10
27,48,36
25,89,13
1,0,3
0,0,1
33,46,22
11,31,5
21,26,10
2,1,2
25,67,19
7,15,6
6,3,5
8,28,5
2,0,2
6,2,7
8,13,4
1,0,2
23,65,11
0,0,1
25,31,20
48,202,21
9,6,10
7,15,3
54,165,50
6,15,1
6,15,5
0,0,2
7,9,4
16,23,10
19,41,10
10,29,5
8,28,1
12,29,8
8,28,2
0,0,2
142,9592,6
13,38,5
0,0,1
39,102,14
0,0,2
1,0,4
25,43,13
20,48,11
14,15,8
36,115,14
11,11,10
12,6,10
11,12,9
0,0,1
6,10,2
8,11,4
3,3,5
3,3,3
33,72,20
1,0,1
0,0,4
0,0,1
58,261,19
6,2,5
0,0,4
0,0,1
0,0,2
0,0,1
16,16,9
5,1,4
31,27,27
2,1,3
14,78,4
22,9,30
5,4,8
2,1,2
0,0,1
3,1,6
0,0,3
0,0,2
3,3,2
1,0,1
1,0,2
0,0,1
19,61,3
10,17,3
0,0,2
5,10,3
41,205,28
0,0,2
2,1,1
1,0,1
0,0,1
2,0,3
6,10,2
30,54,27
23,106,14
36,529,9
16,69,7
3,1,3
2,1,1
9,9,10
23,111,9
4,6,1
4,6,1
15,10,15
6,3,8
9,3,12
4,0,5
5,0,7
12,12,14
4,1,6
7,5,4
4,3,2
6,10,2
19,49,11
12,14,6
7,10,9
20,33,6
27,74,15
7,4,7
52,191,36
13,20,5
0,0,3
1,0,3
12,21,3
5,10,1
5,10,1
46,145,22
1,0,2
0,0,1
4,3,2
1,0,1
0,0,3
24,36,15
24,32,22
74,373,23
40,130,10
54,222,25
2,1,2
6,6,4
2,1,1
10,7,6
1,0,2
7,1,16
0,0,4
11,10,6
22,57,13
7,4,14
9,18,3
20,24,10
0,0,1
0,0,2
3,1,2
27,82,21
36,84,23
40,157,24
36,60,15
60,193,27
53,320,14
23,44,17
1,0,1
11,10,11
3,0,9
8,4,8
5,3,4
3,1,2
16,9,24
2,0,2
43,183,38
5,6,6
10,5,11
3,3,2
22,39,30
28,91,13
7,11,5
7,2,22
6,3,5
5,10,1
1,0,1
9,13,6
5,2,8
21,35,14
35,156,12
19,39,6
24,107,9
0,0,2
24,65,19
12,21,4
0,0,1
25,68,10
18,54,4
15,29,13
11,20,4
10,16,3
5,10,1
5,10,1
1,0,3
9,4,24
21,96,11
32,68,24
1,0,1
1,0,2
11,25,2
5,10,2
5,10,1
6,6,5
1,0,6
0,0,2
22,57,12
25,36,24
2,1,1
2,1,1
33,159,11
0,0,1
1,0,2
0,0,1
60,202,49
0,0,2
0,0,1
0,0,5
3,1,6
3,0,4
10,22,11
27,71,17
23,35,18
25,105,7
1,0,2
2,0,3
0,0,2
4,6,2
0,0,1
1,0,2
2,1,7
4,4,3
14,27,7
12,20,11
15,51,3
7,21,1
7,21,2
12,14,9
16,17,19
10,7,7
1,0,9
31,68,19
14,28,12
0,0,1
2,1,6
30,114,8
20,71,9
3,3,3
7,9,2
62,122,29
12,9,10
11,16,6
0,0,1
45,123,50
2,1,1
0,0,1
1,0,4
1,0,1
5,3,6
16,66,8
0,0,1
5,10,1
0,0,1
0,0,8
81,461,17
15,14,30
1,0,2
4,3,6
16,69,3
13,13,6
2,1,7
110,993,60
24,49,23
7,7,4
8,9,4
3,1,2
21,65,8
15,11,25
13,13,16
2,1,2
3,1,4
0,0,3
27,195,5
19,171,1
19,171,1
2,1,3
13,17,6
1,0,1
0,0,1
1,0,1
0,0,2
3,0,7
1,0,2
2,1,2
4,3,4
1,0,1
16,27,21
22,231,3
0,0,1
18,10,18
1,0,5
3,1,4
1,0,1
1,0,1
0,0,6
5,10,5
1,0,1
0,0,1
73,179,43
16,60,7
1,0,3
0,0,2
11,29,6
4,3,3
15,42,3
0,0,1
1,0,2
3,1,10
1,0,2
11,55,1
11,55,1
38,98,39
8,21,13
9,10,16
5,6,5
25,18,37
19,26,20
0,0,1
13,16,5
65,293,36
0,0,2
6,6,6
0,0,2
0,0,2
5,6,4
1,0,1
10,5,12
19,81,8
3,1,6
0,0,2
26,33,50
22,124,11
3,0,5
5,2,5
4,3,2
7,21,2
10,11,5
10,17,4
14,32,6
6,4,4
4,1,7
0,0,1
1,0,2
11,8,7
27,65,20
9,7,11
4,3,3
0,0,8
64,306,14
0,0,1
2,0,2
0,0,3
19,32,20
2,1,1
2,1,2
2,0,3
3,3,1
3,3,2
3,3,2
0,0,2
4,3,2
8,1,9
7,6,4
15,15,20
0,0,1
1,0,1
4,1,4
39,188,11
32,118,11
5,1,4
8,6,18
2,0,5
16,9,13
16,23,12
0,0,1
21,11,24
9,5,6
1,0,2
6,6,4
33,62,19
2,0,2
14,3,14
7,5,6
1,0,1
81,385,58
39,121,29
0,0,1
7,7,4
18,57,9
7,6,7
4,3,5
23,89,8
25,64,16
12,16,13
6,3,8
15,35,4
3,0,3
17,19,17
86,442,29
2,1,2
3,1,4
76,394,41
8,7,6
1,0,1
5,0,8
0,0,2
0,0,1
13,15,9
29,92,13
8,13,2
5,10,1
0,0,1
42,60,34
42,117,29
31,65,22
5,6,2
4,3,3
37,77,15
13,13,8
9,21,5
7,6,11
2,1,1
2,1,1
1,0,2
6,4,5
7,1,10
0,0,2
16,51,11
4,6,1
11,27,4
0,0,1
36,184,27
1,0,2
11,18,13
0,0,2
55,331,22
8,7,5
0,0,1
1,0,1
37,62,23
2,1,5
0,0,2
40,124,36
3,3,3
20,65,4
16,31,8
4,6,1
3,0,7
7,10,9
1,0,3
1,0,2
15,39,17
15,21,8
3,3,1
7,3,7
8,6,5
50,118,56
1,0,1
0,0,2
19,31,13
29,93,21
12,21,7
7,21,3
0,0,2
10,24,4
7,21,1
4,0,7
4,3,4
21,41,9
6,10,4
1,0,1
79,317,43
2,1,2
14,28,12
7,9,2
4,6,2
2,0,6
44,175,21
11,18,7
105,737,22
12,21,7
12,10,15
0,0,2
4,1,6
30,72,27
0,0,2
9,3,7
8,21,2
13,28,4
0,0,1
1,0,1
2,0,2
49,237,26
2,1,2
25,87,11
0,0,1
4,0,7
39,127,13
21,48,12
6,9,3
18,42,4
35,104,18
12,37,3
2,0,2
5,0,8
13,15,12
17,11,33
30,60,22
1,0,1
14,12,9
16,62,7
7,1,13
8,13,3
42,132,18
9,7,6
12,7,45
9,36,2
5,0,18
3,3,4
3,3,1
19,76,3
1,0,3
4,6,1
4,1,23
34,92,11
1,0,1
11,27,10
2,0,2
0,0,1
0,0,3
0,0,1
0,0,1
142,9594,4
0,0,1
0,0,2
0,0,4
2,0,2
47,182,27
3,3,1
28,62,18
12,2,18
0,0,3
1,0,1
19,61,7
3,3,2
13,15,7
1,0,1
1,0,2
6,1,11
35,217,12
5,1,6
0,0,1
0,0,1
71,357,35
8,21,2
25,90,12
13,12,16
0,0,2
8,3,7
13,10,13
17,12,15
15,24,18
38,63,25
34,43,23
0,0,1
5,10,1
25,145,6
1,0,1
16,36,17
9,2,18
10,19,5
8,16,5
7,4,8
53,189,22
0,0,1
10,12,6
0,0,2
80,242,114
9,21,3
30,37,36
3,3,1
98,630,65
6,7,9
20,69,11
21,75,10
17,18,26
3,3,3
5,3,4
8,16,6
8,8,13
0,0,1
66,336,38
3,3,1
44,98,30
2,1,1
1,0,1
1,0,1
27,60,17
18,32,20
15,7,12
2,1,3
41,171,30
12,13,9
29,32,33
42,80,31
41,187,17
3,0,9
6,4,5
18,35,11
7,0,11
17,70,8
16,19,20
15,16,13
0,0,2
7,5,3
7,7,21
0,0,1
42,140,48
0,0,1
2,1,10
1,0,1
0,0,1
14,13,10
42,119,45
8,5,9
28,78,27
3,1,8
17,31,15
0,0,1
5,3,6
46,119,21
62,153,70
0,0,1
0,0,2
1,0,3
13,34,15
4,0,7
6,4,5
38,82,25
27,35,22
12,28,16
1,0,1
1,0,1
1,0,4
7,4,4
6,7,2
32,127,22
40,156,20
28,100,14
9,18,3
0,0,1
3,3,3
19,10,57
24,73,25
8,4,13
27,40,15
73,699,41
0,0,1
1,0,1
31,52,16
10,11,17
1,0,4
11,55,4
15,24,11
12,7,9
6,10,7
0,0,1
46,212,34
5,3,7
3,0,4
11,11,12
5,1,5
11,10,12
12,14,9
0,0,1
32,128,11
39,104,20
11,5,11
9,13,5
8,10,5
34,51,26
11,3,14
14,26,6
3,0,6
8,3,12
10,2,15
56,153,67
5,3,7
14,12,22
2,1,4
13,9,14
31,58,16
25,59,9
7,1,11
2,1,1
8,4,7
3,1,4
25,77,14
76,475,23
30,77,20
4,3,4
2,0,6
0,0,1
16,20,21
12,5,12
9,28,2
27,108,19
7,10,5
7,4,12
2,0,5
2,0,5
6,15,2
18,42,16
6,3,10
7,6,5
3,1,3
15,17,39
8,12,4
17,9,17
3,3,2
4,1,9
7,10,6
83,339,29
59,231,59
36,254,11
47,185,9
59,345,22
3,1,5
2,0,2
0,0,2
12,12,8
1,0,2
18,59,7
32,70,19
1,0,1
48,176,40
39,43,23
32,141,10
76,519,18
0,0,1
0,0,1
16,24,19
3,3,3
0,0,4
39,66,32
71,183,70
7,4,6
10,7,11
37,129,11
32,29,20
0,0,1
0,0,4
56,179,60
14,32,9
12,10,7
0,0,1
0,0,1
10,10,11
73,393,24
1,0,3
4,3,3
14,17,11
14,16,18
9,4,9
6,3,5
2,0,2
3,0,3
43,96,26
10,6,14
1,0,8
4,1,9
9,36,1
9,36,1
9,36,1
9,36,1
9,36,1
11,37,2
10,36,4
0,0,1
37,56,24
4,1,4
15,27,7
21,22,19
8,7,4
1,0,3
34,97,24
11,6,18
5,3,4
0,0,1
1,0,3
1,0,1
140,9591,3
8,7,5
7,15,3
15,23,13
15,31,3
0,0,1
19,20,24
24,112,12
9,10,10
29,56,28
10,8,20
146,9612,4
1,0,2
0,0,3
0,0,3
2,0,2
1,0,3
10,9,8
7,21,1
25,69,14
5,10,1
5,10,1
5,10,1
9,11,5
12,23,7
9,11,8
3,1,2
0,0,3
3,1,2
2,0,2
1,0,2
14,38,3
20,39,14
10,9,7
77,400,32
4,6,1
4,6,1
6,4,6
5,1,21
32,196,7
2,0,4
20,70,11
6,2,9
0,0,1
1,0,4
1,0,1
26,99,18
20,45,12
3,0,4
15,17,15
21,60,19
8,7,17
8,1,39
1,0,1
82,303,70
112,1037,71
14,9,10
6,4,4
3,1,2
0,0,3
0,0,1
2,1,1
2,1,1
3,1,2
23,130,4
18,121,3
17,120,4
19,121,3
5,4,4
33,41,37
0,0,2
58,253,30
15,8,13
2,1,2
4,6,2
5,6,2
5,10,1
7,10,5
62,694,17
11,4,10
13,9,22
2,1,2
2,1,3
14,49,6
154,9646,9
0,0,1
0,0,1
1,0,1
66,239,42
0,0,1
49,472,18
8,15,7
5,1,5
13,12,11
10,7,9
0,0,1
25,101,8
3,0,6
0,0,1
40,210,18
30,74,14
46,105,67
42,195,14
36,53,40
1,0,1
37,64,21
0,0,1
62,396,18
31,111,8
13,56,6
6,3,10
12,13,11
7,6,6
8,16,5
7,3,5
23,74,7
26,30,27
101,442,91
6,6,3
4,3,2
16,53,14
11,14,8
38,72,19
4,6,1
0,0,1
0,0,1
0,0,1
6,4,9
0,0,1
6,10,5
13,31,3
78,725,21
7,5,4
3,3,2
3,3,3
41,156,36
13,23,8
21,63,10
15,22,16
11,9,8
10,11,11
20,17,16
3,3,4
1,0,2
34,20,62
24,88,9
11,6,19
4,1,6
15,40,10
0,0,2
69,352,53
23,40,14
16,59,4
45,87,34
36,125,28
11,9,14
4,1,10
0,0,2
14,10,14
1,0,4
7,15,2
9,18,2
3,1,5
7,11,4
25,27,28
39,93,19
42,72,43
22,231,2
19,34,9
2,1,3
22,68,14
28,75,26
37,40,44
3,1,7
11,8,7
0,0,2
45,211,26
17,3,76
16,66,8
1,0,3
16,37,8
52,114,54
0,0,2
8,4,8
10,4,9
3,0,20
80,1173,11
5,1,8
1,0,2
27,90,13
3,3,4
39,152,15
17,15,13
22,14,16
94,467,41
9,18,3
7,15,6
89,261,68
22,50,11
10,12,3
22,64,11
7,10,7
3,3,1
3,3,2
3,3,1
0,0,2
9,8,6
34,86,23
1,0,4
29,84,7
9,6,12
26,97,14
21,111,5
7,6,14
4,6,3
3,1,2
2,0,2
21,30,15
22,56,13
26,30,38
0,0,1
1,0,2
16,45,8
0,0,4
5,4,3
21,27,14
6,0,17
4,3,3
16,11,18
13,12,11
19,14,16
37,141,14
14,91,1
22,98,8
16,91,5
14,91,4
3,1,5
17,40,12
14,11,14
57,105,38
0,0,1
15,19,13
1,0,7
8,21,2
1,0,1
0,0,2
6,15,2
79,1975,22
39,360,11
3,3,1
22,42,13
20,30,7
17,19,31
2,0,2
0,0,1
28,109,19
86,424,43
2,1,1
5,1,8
4,6,2
33,64,48
44,173,17
33,65,37
21,32,7
0,0,1
33,41,36
5,3,8
3,1,3
4,6,2
3,3,2
86,438,27
11,6,10
30,57,26
20,19,16
7,0,11
12,13,10
1,0,4
59,307,29
14,17,9
0,0,1
0,0,1
3,1,6
18,59,8
28,108,15
12,9,12
30,36,19
0,0,2
0,0,4
15,24,12
81,466,38
11,3,9
46,129,22
2,1,1
63,213,44
18,8,25
33,123,28
14,8,12
35,77,20
16,9,21
24,45,23
61,234,41
3,3,2
3,3,3
4,3,10
33,90,10
12,4,23
3,0,5
10,24,2
3,3,1
0,0,2
26,81,12
3,3,1
3,3,2
36,145,23
15,3,17
1,0,1
6,4,5
2,0,14
5,10,1
1,0,3
0,0,1
27,63,17
5,1,8
72,229,67
162,9670,11
48,139,33
42,155,15
39,127,15
105,2058,29
29,31,54
44,140,16
61,193,27
14,16,9
22,15,19
4,6,2
27,44,23
2,1,1
44,129,38
33,55,20
4,3,2
1,0,3
10,8,25
12,7,27
17,35,7
21,37,18
19,91,15
11,9,7
0,0,2
81,517,17
9,7,12
115,815,103
6,10,3
20,25,14
39,119,14
5,10,3
0,0,1
3,3,2
5,4,7
5,6,9
1,0,1
2,1,1
2,1,1
25,30,25
30,92,19
0,0,1
12,27,5
8,21,3
16,28,7
5,10,3
66,248,47
3,0,10
43,113,43
18,37,14
82,434,25
29,155,23
0,0,1
16,31,21
7,7,6
15,23,9
26,122,14
9,11,22
16,10,27
30,57,17
2,0,5
0,0,1
2,0,2
1,0,2
6,1,9
0,0,1
108,473,39
0,0,2
3,1,3
4,6,10
35,42,27
6,2,15
82,1973,30
20,17,12
20,48,9
22,75,16
40,237,23
32,49,23
3,3,1
6,4,7
1,0,1
0,0,1
3,1,2
10,14,5
18,26,15
9,7,6
44,239,10
28,33,24
26,56,16
19,28,10
0,0,1
14,16,11
54,127,29
12,10,8
14,32,6
44,103,25
14,7,36
65,622,21
13,15,14
30,74,20
6,6,3
11,14,10
23,25,15
63,225,35
41,114,11
0,0,1
9,15,5
0,0,1
86,407,45
41,128,16
34,108,16
10,4,10
0,0,1
20,23,18
13,18,6
6,3,4
64,301,19
6,1,6
23,20,12
16,16,10
2,1,2
20,21,19
9,28,4
31,91,12
3,0,5
6,3,9
1,0,2
5,6,4
4,0,9
10,10,8
35,114,29
3,0,5
51,132,46
33,40,29
6,7,3
2,0,2
94,681,48
14,9,13
29,55,41
9,4,10
12,12,12
33,81,26
13,56,2
22,66,5
1,0,1
12,23,4
9,7,7
0,0,1
9,5,9
1,0,1
1,0,2
14,6,20
1,0,2
0,0,1
2,0,4
52,221,23
1,0,2
20,41,17
55,380,16
12,11,12
14,45,7
31,48,30
1,0,2
37,33,34
17,33,9
40,63,30
12,6,9
6,6,6
13,6,8
18,22,18
10,9,7
14,21,13
5,0,12
0,0,2
26,54,19
17,8,23
0,0,1
2,1,2
2,0,12
28,143,11
24,60,24
87,406,47
49,109,43
36,107,24
27,74,17
62,217,47
0,0,2
6,3,5
29,45,20
5,3,11
0,0,1
13,2,19
46,235,24
19,18,13
0,0,1
20,13,30
18,29,13
20,77,15
3,1,11
1,0,7
1,0,1
0,0,1
139,9591,2
27,61,11
2,1,2
1,0,2
17,46,4
145,9611,4
53,178,33
0,0,1
50,151,67
15,33,16
1,0,1
30,89,11
35,56,17
41,149,30
3,1,6
2,0,8
16,28,13
1,0,2
8,3,8
28,62,27
38,140,16
63,302,17
0,0,3
22,38,16
1,0,5
18,17,54
28,18,34
16,42,11
1,0,3
0,0,1
10,10,8
10,2,25
11,23,7
44,177,26
6,6,4
3,3,3
11,5,10
1,0,1
7,10,3
41,92,54
5,3,5
19,25,16
35,114,17
10,6,8
31,49,25
56,134,66
6,11,2
16,26,13
139,9591,3
6,10,3
10,13,7
38,23,82
3,1,7
21,26,12
1,0,1
1,0,1
70,491,44
15,46,6
4,3,3
18,38,23
18,80,4
13,9,11
13,4,23
71,1959,17
3,1,3
13,9,19
22,32,11
20,22,19
0,0,1
2,0,4
6,3,5
6,10,3
3,3,1
95,391,49
51,223,26
0,0,2
83,474,56
1,0,1
73,520,40
1,0,3
13,30,29
0,0,1
9,9,7
6,4,3
12,7,41
8,4,7
11,29,3
28,38,20
2,1,1
16,33,12
15,33,10
22,24,15
9,13,7
0,0,2
15,36,6
13,6,20
4,3,3
0,0,1
1,0,4
15,39,7
6,4,11
0,0,1
10,45,1
10,45,1
5,6,4
7,2,6
1,0,1
22,88,5
1,0,1
1,0,1
8,7,9
6,7,15
0,0,4
21,23,23
26,74,14
62,525,54
2,0,8
25,25,24
0,0,1
10,4,22
20,34,15
3,3,1
6,6,2
1,0,3
16,6,26
71,603,52
15,13,16
30,36,28
3,3,1
19,28,11
5,6,2
16,19,9
21,19,37
13,21,9
30,76,12
1,0,4
3,1,5
2,1,2
5,6,4
54,204,33
26,79,19
33,76,52
8,4,6
33,72,16
11,37,2
1,0,2
21,77,40
11,8,13
29,77,22
4,2,2
43,102,43
13,12,12
1,0,1
57,204,49
0,0,1
27,143,18
28,78,11
39,192,10
9,3,8
26,129,19
38,54,27
27,84,16
28,56,11
65,260,39
16,13,10
14,22,6
26,70,24
19,56,12
53,129,47
23,76,17
1,0,1
10,16,6
79,558,37
4,0,8
0,0,2
10,10,10
27,84,21
1,0,2
1,0,2
6,1,8
3,1,5
2,1,2
0,0,1
6,2,6
4,2,2
7,6,5
124,1089,104
8,10,11
0,0,1
2,1,1
36,133,20
0,0,1
1,0,1
4,1,4
11,7,13
20,23,20
0,0,4
56,279,18
14,7,15
108,2031,31
13,8,25
1,0,5
2,0,2
0,0,1
20,39,15
0,0,1
34,77,24
74,306,41
56,156,57
10,7,11
0,0,1
36,46,25
21,26,16
10,6,8
12,3,10
34,67,21
8,1,13
38,45,33
50,74,43
0,0,1
19,49,6
75,1227,22
65,336,17
149,9595,9
20,40,12
0,0,1
22,18,13
15,42,6
9,1,10
3,1,2
10,15,7
8,4,5
7,2,9
4,3,3
14,22,9
13,11,12
4,1,6
2,1,1
1,0,1
12,16,6
10,10,6
37,72,37
5,6,2
1,0,2
23,38,17
13,2,15
83,545,30
43,179,19
12,45,4
41,270,11
6,4,7
16,10,16
16,15,15
1,0,1
4,6,1
0,0,4
40,77,22
0,0,1
2,1,1
12,36,7
2,1,1
12,7,35
4,6,1
11,15,13
18,13,21
24,38,14
9,14,3
3,1,5
12,10,16
6,3,5
40,97,46
42,156,40
6,0,15
0,0,2
7,6,6
18,11,30
4,6,1
20,37,7
14,11,16
1,0,4
0,0,1
139,9591,2
16,18,10
7,4,7
24,58,14
7,6,11
4,3,3
10,17,4
44,247,17
1,0,3
24,42,19
1,0,2
2,1,3
0,0,1
137,2198,60
17,21,11
8,28,4
19,20,14
4,1,4
56,218,32
7,9,2
0,0,2
27,104,19
41,157,12
22,36,22
99,473,57
39,67,22
0,0,2
4,1,11
8,6,9
11,37,12
16,32,15
14,7,28
16,12,17
0,0,1
17,13,26
53,207,23
9,9,5
8,7,9
31,105,14
5,3,4
6,1,14
38,165,34
4,2,2
2,1,1
0,0,2
42,115,28
12,13,11
13,14,12
12,10,9
47,93,24
21,8,24
12,16,11
25,87,12
18,40,10
16,36,25
72,285,34
48,190,19
21,23,11
80,412,24
2,0,2
10,0,23
58,241,31
29,51,35
36,72,42
4,1,7
36,156,16
20,38,10
14,27,9
22,42,20
2,0,3
16,20,17
0,0,3
0,0,1
1,0,1
72,569,22
10,16,5
8,6,9
5,3,10
3,1,10
19,68,10
1,0,3
23,124,11
5,2,3
2,0,7
14,40,4
2,1,4
6,7,5
10,9,7
11,10,10
33,194,11
30,143,11
9,4,6
41,94,40
1,0,2
2,0,2
2,0,3
0,0,1
3,3,6
3,1,4
14,26,10
1,0,1
67,987,12
28,47,33
11,11,13
6,10,2
22,25,21
0,0,1
7,11,9
27,83,16
27,80,24
77,330,32
1,0,1
38,142,31
2,1,2
4,3,2
10,22,8
26,107,13
17,27,24
3,1,9
11,20,5
2,0,5
0,0,1
15,6,21
21,72,17
12,14,8
152,9605,23
139,9591,4
139,9591,1
139,9591,2
139,9591,2
139,9591,2
200,11543,13
139,9591,2
139,9591,2
14,58,2
11,55,1
11,55,1
19,37,8
34,72,28
6,4,6
18,31,8
9,21,6
1,0,2
25,35,17
6,7,4
5,10,1
20,28,8
11,0,27
26,43,40
58,187,64
27,30,23
9,15,13
10,10,9
12,5,10
17,14,23
15,37,4
11,55,2
9,9,5
9,6,12
2,0,2
4,2,3
4,6,1
8,3,12
2,0,2
12,9,26
21,73,13
8,3,9
30,125,16
14,66,5
20,82,3
13,66,7
11,11,10
21,22,21
20,45,18
16,42,5
25,52,16
31,61,28
11,8,14
1,0,3
11,13,7
51,92,28
29,124,22
13,9,13
10,19,6
18,45,8
3,3,1
5,4,2
17,11,46
0,0,1
16,10,17
39,302,23
4,6,1
8,7,13
2,1,1
7,1,12
4,3,2
26,54,12
5,3,4
0,0,1
40,164,21
1,0,2
4,3,2
19,6,38
1,0,2
27,56,15
8,9,4
2,1,1
8,6,14
15,30,8
6,4,3
27,105,11
2,0,3
6,6,5
10,9,16
49,248,24
3,3,2
24,39,17
21,18,12
0,0,1
53,192,56
4,6,1
15,20,12
0,0,2
0,0,1
15,10,11
29,84,15
34,81,23
27,34,17
7,1,17
8,4,8
1,0,5
23,15,39
58,87,55
12,14,6
25,84,5
37,47,27
11,6,8
23,65,12
36,408,12
11,10,7
4,0,7
37,159,23
30,96,24
39,130,21
11,4,13
41,101,35
54,150,56
1,0,1
23,52,22
42,63,60
30,64,21
10,8,14
1,0,3
3,1,5
19,46,12
6,2,6
25,133,6
30,14,47
4,0,11
1,0,1
7,15,4
2,0,2
29,40,26
5,1,6
5,6,3
25,86,11
31,56,24
6,3,6
11,22,9
57,273,34
18,20,14
29,93,16
11,32,8
6,3,8
4,3,2
1,0,1
20,19,12
10,3,18
4,2,3
16,15,23
1,0,1
34,55,33
14,22,8
31,87,18
5,3,3
61,138,51
29,16,35
0,0,1
1,0,1
1,0,1
88,506,42
21,16,31
26,18,25
5,1,11
5,10,1
8,28,2
2,1,1
0,0,1
1,0,2
9,11,6
27,22,43
3,1,3
1,0,2
27,96,10
9,5,10
85,413,40
55,286,21
13,9,12
3,1,2
35,67,17
20,45,16
18,105,12
12,2,13
31,44,46
10,14,4
15,8,12
17,22,13
28,26,16
9,4,11
67,260,39
15,18,13
21,29,15
0,0,2
19,61,11
12,21,10
16,25,20
16,11,10
38,127,18
21,25,15
24,102,11
1,0,2
0,0,9
43,182,22
3,0,6
6,1,9
131,569,63
41,539,7
3,0,5
9,10,10
0,0,1
7,4,6
58,631,16
1,0,4
1,0,3
24,21,21
18,14,14
33,61,21
24,24,18
22,43,21
21,38,8
2,1,6
121,419,59
86,509,65
26,55,10
92,1287,47
10,7,24
15,10,14
3,1,2
40,146,16
13,16,8
0,0,1
19,51,16
17,21,9
34,98,20
23,60,14
23,72,11
49,70,56
16,22,31
49,82,50
4,3,11
30,52,47
1,0,1
17,28,9
4,1,10
19,105,11
9,11,5
9,6,9
21,40,22
47,84,28
74,484,50
1,0,3
5,2,4
39,151,28
3,3,1
5,4,2
11,14,5
7,3,7
2,1,4
38,42,48
43,182,59
16,21,10
16,49,12
61,437,18
7,0,19
10,7,6
56,268,28
1,0,5
9,6,7
27,76,7
28,29,45
19,22,25
7,2,25
1,0,5
11,7,13
17,51,9
43,121,30
16,21,15
9,12,6
0,0,4
64,525,11
5,10,1
91,301,100
22,19,30
39,112,23
0,0,1
103,690,69
1,0,2
12,21,23
0,0,1
5,3,9
37,163,12
15,30,15
14,21,8
8,11,9
38,178,26
16,18,22
15,21,13
18,36,21
4,6,1
25,40,20
2,0,3
3,3,2
46,155,17
57,242,26
9,15,11
63,318,40
3,1,2
1,0,2
1,0,1
9,7,16
26,99,16
79,347,26
7,7,9
5,4,4
4,4,4
11,12,19
32,130,15
1,0,1
27,68,15
26,83,27
6,2,8
4,0,4
33,59,24
11,5,17
19,19,14
35,54,20
34,94,32
1,0,2
39,88,24
37,112,16
0,0,1
1,0,2
13,36,13
1,0,4
13,22,7
13,7,14
1,0,1
38,125,15
14,17,8
0,0,2
76,852,22
2,1,1
17,32,17
8,10,10
23,54,20
12,36,9
0,0,3
28,103,11
33,39,54
10,10,25
15,9,12
17,29,9
59,196,46
46,144,21
3,0,9
2,1,3
20,65,13
18,63,6
3,1,6
20,16,17
123,626,109
3,3,1
28,59,24
8,13,4
30,93,13
26,74,13
35,97,40
28,129,11
2,1,1
5,10,3
115,1031,52
15,10,16
93,511,50
14,7,21
12,4,11
120,827,27
59,521,18
34,91,20
40,118,25
22,70,14
0,0,2
3,3,4
2,1,2
2,1,1
31,49,34
12,46,6
19,3,44
6,7,5
2,1,1
14,22,7
1,0,2
38,237,14
37,54,35
18,35,8
30,148,9
7,7,7
7,9,2
1,0,2
1,0,3
96,376,52
17,10,21
7,2,10
6,0,8
27,93,21
18,29,14
5,1,10
9,6,5
28,76,20
3,3,1
11,3,15
51,41,39
5,1,7
18,11,33
8,8,4
18,50,8
1,0,3
1,0,3
6,6,3
39,104,29
7,2,7
9,19,6
2,0,7
20,13,17
37,73,13
5,6,6
93,282,45
40,52,33
58,413,15
3,1,7
43,46,60
5,0,14
6,10,2
5,10,1
0,0,11
14,17,44
1,0,4
5,1,11
18,21,25
16,26,10
2,1,1
31,465,3
43,485,14
42,496,7
10,7,11
4,1,5
32,50,49
11,31,4
0,0,1
11,22,5
8,6,9
1,0,2
4,3,2
107,496,50
46,181,22
7,4,5
26,114,5
3,3,2
0,0,1
10,45,4
2,0,3
2,0,2
0,0,1
40,130,25
20,33,12
66,285,63
9,36,1
16,39,13
2,0,2
2,0,2
87,464,48
10,3,17
12,10,12
9,5,16
10,2,14
28,54,34
30,21,72
27,22,27
28,71,16
17,51,5
4,1,6
50,157,33
30,93,17
26,123,9
52,116,54
19,6,40
31,135,17
16,30,15
21,33,14
0,0,2
73,1960,17
50,334,35
46,215,25
23,38,19
30,80,22
8,11,3
9,3,15
11,7,9
20,35,14
51,193,28
13,17,7
0,0,1
1,0,1
3,3,1
4,1,3
1,0,2
5,10,2
13,6,21
23,40,17
22,83,8
25,232,3
4,3,4
42,89,27
9,13,4
26,63,14
2,0,6
60,182,36
45,259,14
31,93,23
4,1,6
11,6,21
2,0,3
26,57,15
20,21,18
57,113,41
1,0,3
16,36,5
2,1,3
20,35,22
14,5,23
10,16,3
4,3,4
3,1,2
3,1,4
4,6,2
23,60,8
35,107,31
1,0,1
30,58,21
5,1,5
12,19,14
13,23,14
0,0,1
5,10,1
6,4,4
28,77,18
33,74,16
10,5,13
37,142,18
10,14,14
42,209,29
73,1958,28
30,64,20
1,0,2
72,592,36
13,20,20
5,2,8
7,1,8
14,10,11
8,9,7
17,30,12
21,53,7
28,67,23
11,14,8
26,55,14
25,52,17
9,3,7
0,0,1
53,276,7
0,0,4
1,0,3
6,11,3
15,10,16
11,46,2
4,3,2
23,63,9
39,127,38
36,233,23
18,46,6
23,91,14
8,4,6
2,0,24
51,285,25
2,0,4
34,227,7
26,45,21
18,35,12
24,47,16
87,423,32
2,0,3
7,10,4
30,28,24
0,0,1
84,311,72
2,1,1
32,198,12
9,2,9
13,16,17
6,4,14
72,313,37
1,0,3
17,30,14
8,4,5
0,0,3
4,1,8
0,0,1
5,2,6
1,0,2
1,0,1
26,26,28
2,0,16
1,0,1
29,89,25
76,210,37
4,1,3
4,1,3
14,11,7
44,131,11
34,118,17
0,0,2
7,6,9
0,0,2
50,139,47
86,390,28
1,0,2
44,80,20
32,119,8
22,111,2
11,45,3
16,5,28
42,147,30
66,1953,9
0,0,1
19,34,14
57,290,20
41,189,9
38,175,31
2,1,4
1,0,1
38,75,42
7,3,4
3,3,4
31,63,29
25,9,72
3,3,2
33,110,17
0,0,1
14,7,10
33,29,23
9,9,4
0,0,1
61,307,21
18,17,17
82,404,57
35,76,19
6,4,4
0,0,1
5,4,4
0,0,1
25,50,21
4,1,4
1,0,1
5,1,16
8,1,9
7,4,7
53,241,44
31,41,37
21,49,8
22,80,8
87,265,89
43,279,23
16,33,6
46,268,15
0,0,1
65,175,62
32,97,23
5,1,7
7,4,10
40,35,30
12,11,11
18,26,12
22,25,20
1,0,1
57,323,11
14,25,5
1,0,1
0,0,4
27,80,23
19,39,8
4,0,11
11,11,15
8,16,2
10,20,6
20,59,9
0,0,3
11,18,22
21,90,15
19,106,15
0,0,5
0,0,2
62,243,43
10,17,11
6,9,7
10,9,12
30,68,16
3,1,8
1,0,3
10,4,17
0,0,6
0,0,2
4,2,3
2,1,2
24,97,16
0,0,1
15,11,21
37,108,29
38,54,44
10,11,7
9,9,17
3,0,10
20,21,21
19,22,13
38,63,25
3,0,19
51,141,19
2,1,2
4,3,3
42,164,22
8,15,8
30,41,15
3,3,4
2,1,1
0,0,1
46,84,24
12,5,13
4,3,9
16,11,47
0,0,2
25,96,4
39,101,24
2,1,1
4,6,2
3,1,5
13,14,11
51,125,36
18,22,14
22,231,2
27,58,35
17,15,23
4,2,3
7,3,5
26,34,27
11,22,10
26,39,24
8,4,11
63,193,55
20,77,14
45,180,16
2,1,3
11,13,7
12,7,26
1,0,1
8,0,35
14,26,21
5,3,6
23,42,18
3,3,3
8,4,7
6,10,2
22,6,33
1,0,1
28,141,8
19,62,7
11,55,1
20,83,10
0,0,2
36,84,25
0,0,1
1,0,3
29,144,23
32,114,22
27,73,34
56,213,33
23,155,10
19,69,12
11,23,9
60,111,42
23,18,19
1,0,3
2,1,4
3,1,3
50,275,12
36,145,16
0,0,1
8,9,3
1,0,1
17,120,2
62,327,41
54,190,18
22,30,16
22,20,21
14,8,13
35,94,13
84,457,60
5,4,3
0,0,2
24,31,21
8,11,5
37,165,13
22,55,25
26,45,16
0,0,2
15,36,10
26,84,10
17,34,22
0,0,4
11,9,10
65,260,32
12,13,5
5,4,4
17,27,19
1,0,1
6,3,5
4,2,2
1,0,1
16,16,17
0,0,1
11,6,10
19,22,36
4,1,3
96,621,48
36,154,16
26,91,6
73,308,48
0,0,2
0,0,2
25,42,22
20,38,42
25,45,19
1,0,1
14,22,11
17,9,43
33,75,11
8,4,13
1,0,1
45,120,35
10,5,14
12,22,6
87,391,26
32,90,18
4,0,8
7,3,12
60,92,56
58,159,59
33,120,18
16,17,28
6,6,2
37,70,31
10,28,4
13,16,19
9,15,19
4,0,15
10,7,19
29,95,8
12,36,7
25,58,13
7,7,8
6,2,6
0,0,3
14,16,20
1,0,2
29,61,13
20,14,25
2,0,3
31,143,10
8,11,7
7,10,9
4,1,9
2,1,4
0,0,2
18,37,7
3,3,1
65,327,37
6,7,5
6,3,10
38,73,17
6,15,1
33,78,32
5,10,2
4,3,2
4,0,4
6,11,2
0,0,1
0,0,1
8,6,19
2,0,13
4,2,4
13,5,40
11,28,6
9,10,8
22,21,22
15,32,9
24,68,8
5,3,8
4,1,5
44,111,25
36,38,30
11,5,19
7,5,8
10,4,11
0,0,1
2,0,3
12,16,7
6,4,12
0,0,1
0,0,1
30,53,24
13,9,17
4,6,1
7,21,1
3,3,1
16,5,31
4,3,2
0,0,1
0,0,1
1,0,4
12,37,5
5,3,8
0,0,1
21,21,24
8,5,14
42,168,37
11,16,13
46,152,13
11,22,5
0,0,3
8,10,6
6,3,10
58,232,26
4,1,5
39,186,14
14,21,10
43,158,21
3,0,8
18,12,20
16,17,9
54,194,23
85,485,29
28,40,17
41,181,24
2,1,3
36,56,27
20,16,41
18,20,21
32,56,19
6,4,5
33,121,40
4,1,3
0,0,1
20,77,17
46,285,11
98,453,71
71,341,44
0,0,1
11,13,21
10,4,22
6,1,6
0,0,1
8,7,5
1,0,1
14,27,10
2,0,3
4,0,7
14,18,30
15,22,18
62,230,43
13,36,10
3,3,1
7,15,2
0,0,2
7,15,3
83,822,27
2,0,2
1,0,9
25,35,14
10,3,14
3,3,1
3,3,1
21,18,17
18,92,4
7,6,8
2,1,1
10,4,10
22,41,11
2,1,1
25,33,22
31,90,32
14,10,14
0,0,4
27,94,12
17,32,23
5,1,17
7,4,6
1,0,2
6,7,5
60,770,14
9,10,5
11,10,19
31,72,20
26,117,10
2,0,9
0,0,2
24,44,9
7,3,31
20,67,6
5,1,9
5,6,3
13,9,10
20,60,11
23,69,8
0,0,1
1,0,1
17,28,12
10,7,17
0,0,2
6,2,7
35,112,16
41,134,17
25,70,15
2,0,5
3,1,3
71,324,29
77,396,36
28,103,17
0,0,2
19,92,12
36,595,6
11,31,2
11,28,5
18,57,7
104,2143,34
7,4,6
28,61,33
35,114,26
7,1,10
11,36,4
18,42,12
4,1,9
0,0,1
1,0,1
6,15,2
6,15,1
14,67,6
20,99,28
31,84,20
1,0,2
6,3,7
6,3,5
27,100,10
7,9,3
20,81,17
30,59,16
7,4,6
10,13,14
8,11,3
7,1,10
18,22,12
13,19,9
45,153,14
18,10,17
25,25,20
4,6,2
0,0,5
49,182,22
6,10,5
39,33,57
4,3,6
12,19,8
2,0,3
0,0,3
67,275,34
16,19,16
7,7,3
49,282,19
7,6,5
14,10,15
30,22,29
11,18,6
7,10,7
8,1,11
0,0,4
19,58,13
2,0,3
8,7,6
3,0,5
17,33,31
28,33,28
0,0,2
0,0,1
12,10,26
30,114,22
12,17,9
2,1,1
2,1,1
61,331,46
4,1,6
22,231,2
31,241,4
22,231,2
22,231,3
31,237,7
41,236,9
20,27,21
24,91,9
20,58,12
2,0,2
0,0,1
17,52,5
22,27,42
38,68,22
20,47,16
10,18,5
18,92,6
9,2,16
29,152,8
0,0,2
5,3,5
3,0,3
1,0,2
66,979,22
15,14,12
43,102,28
4,1,4
40,103,31
2,0,3
25,34,18
6,3,4
23,23,14
50,219,31
4,6,3
4,6,1
100,678,40
0,0,3
24,37,21
16,23,12
0,0,1
30,214,12
13,67,12
44,229,35
17,70,10
48,198,17
9,36,2
9,36,1
20,47,5
64,251,25
12,3,11
38,77,25
12,17,9
22,20,17
55,118,34
34,94,21
6,15,1
8,11,18
0,0,1
8,4,18
10,36,4
23,85,10
43,175,28
22,45,12
33,40,28
17,24,15
18,106,13
12,10,10
9,1,16
30,69,19
36,96,25
14,19,17
87,742,40
3,1,4
15,35,23
15,19,10
0,0,1
11,5,19
25,42,10
18,8,34
29,71,10
5,1,7
15,43,10
23,33,18
10,6,11
0,0,2
0,0,1
6,2,5
28,79,20
14,21,32
6,2,5
15,35,8
12,7,12
28,132,8
54,135,41
7,2,9
20,39,13
54,240,29
8,7,9
23,30,15
24,34,34
31,44,27
55,162,31
16,54,4
3,3,3
0,0,3
8,6,9
50,88,32
12,10,16
3,3,2
20,190,2
3,3,2
6,15,1
13,21,7
11,16,7
3,3,1
2,0,9
15,14,12
3,3,2
35,51,34
24,10,36
3,1,2
17,28,12
5,6,2
0,0,2
17,23,9
41,222,41
42,215,35
23,128,18
33,80,29
4,2,2
9,9,4
22,58,14
0,0,2
17,32,9
34,114,10
6,3,10
44,142,31
20,25,23
11,15,12
34,165,17
38,242,19
30,113,14
6,15,1
4,6,4
4,6,2
1,0,2
6,3,10
14,41,5
13,30,7
28,76,10
35,57,25
0,0,1
23,29,20
0,0,3
2,0,2
2,1,2
18,30,11
19,30,12
1,0,1
0,0,3
1,0,1
2,1,1
3,1,7
0,0,2
0,0,4
19,87,4
128,816,78
35,109,11
87,571,47
1,0,1
19,53,22
81,1980,19
21,46,19
30,81,15
53,207,29
49,109,30
30,58,14
1,0,1
4,3,3
5,3,5
1,0,4
5,6,3
0,0,1
18,51,15
0,0,1
14,24,10
1,0,3
13,14,12
4,0,11
2,0,2
34,97,12
40,280,26
1,0,1
18,51,28
6,4,11
34,122,23
59,259,21
11,9,28
7,1,10
19,26,18
20,37,11
35,102,14
21,26,19
0,0,1
1,0,2
2,1,1
21,49,5
2,0,9
13,3,34
10,4,45
19,27,21
45,119,32
9,9,7
46,139,12
9,7,5
1,0,1
3,1,6
12,20,6
7,15,4
0,0,1
5,2,13
19,15,15
81,449,37
15,10,25
31,59,21
14,14,10
15,31,12
15,12,19
5,7,8
0,0,1
19,27,16
11,9,15
16,29,12
5,4,3
4,2,6
24,42,15
4,2,4
2,0,3
7,10,8
29,57,17
26,24,28
56,174,30
4,3,4
25,38,19
15,31,8
38,195,26
1,0,4
3,1,4
26,196,5
88,2004,16
12,23,7
8,21,4
17,45,6
15,42,4
4,1,3
12,17,7
28,57,15
1,0,1
2,0,2
8,5,6
4,1,5
24,43,19
0,0,2
9,20,2
9,20,5
10,11,10
0,0,1
38,171,30
7,7,3
3,1,5
30,43,20
27,192,12
2,1,1
16,26,10
82,1147,9
52,295,23
2,0,3
28,55,18
11,17,25
6,1,9
3,1,3
0,0,1
2,1,3
75,1966,29
0,0,2
46,326,23
53,273,31
9,9,11
88,1112,16
7,15,44
7,15,4
4,0,10
13,7,8
26,38,29
1,0,1
12,7,19
16,8,14
26,32,20
1,0,1
1,0,1
80,588,27
11,23,9
17,19,12
8,3,8
86,369,25
5,6,2
7,6,7
60,220,25
3,1,2
7,1,9
44,124,43
10,3,23
31,69,14
5,6,2
45,289,20
10,10,7
66,180,30
11,18,4
4,3,6
5,6,10
13,7,11
34,77,20
3,0,5
5,3,7
3,3,3
2,1,3
6,3,16
7,4,9
31,43,20
2,0,2
2,1,1
25,25,13
12,15,6
1,0,1
3,3,3
33,119,7
22,22,13
24,13,25
26,157,7
10,6,12
28,101,11
41,92,23
83,327,53
12,21,9
11,20,7
7,1,7
8,2,7
9,9,9
3,3,1
56,274,29
16,29,6
6,0,13
6,3,9
71,372,40
82,522,31
85,468,39
8,10,9
0,0,1
27,80,22
19,18,31
8,21,2
12,7,14
4,3,6
20,24,40
83,457,35
22,52,9
0,0,2
42,70,32
1,0,5
6,1,5
4,3,6
12,14,9
58,239,22
23,34,21
1,0,2
7,7,5
1,0,1
6,4,6
8,15,3
18,92,14
27,110,8
17,64,4
14,28,26
14,25,11
13,20,7
46,160,16
9,10,10
10,16,12
19,44,7
0,0,1
1,0,1
43,126,45
15,37,13
0,0,1
88,614,31
18,53,3
12,16,9
37,97,23
58,304,16
9,12,3
11,12,9
22,154,8
21,121,9
11,45,3
2,0,17
17,42,12
8,10,4
2,0,6
7,3,4
18,16,21
15,91,5
9,6,10
18,21,9
11,4,20
5,6,2
16,41,12
48,160,29
82,467,29
4,1,9
9,13,5
3,0,7
5,4,7
8,3,6
10,22,8
7,6,7
0,0,3
95,435,36
6,4,4
2,0,5
0,0,1
10,17,3
21,20,28
15,17,10
21,104,11
0,0,1
6,1,9
39,79,61
6,1,9
10,22,4
0,0,1
12,17,4
40,219,10
14,20,5
65,286,52
0,0,2
0,0,3
7,10,12
15,38,19
7,7,6
5,1,8
4,3,4
35,57,40
77,424,19
5,4,3
23,137,9
8,6,6
18,23,15
81,511,49
3,3,1
46,103,20
10,21,2
14,6,9
9,5,11
14,34,7
13,16,8
48,162,23
58,234,26
22,34,21
0,0,2
0,0,2
24,109,11
19,26,16
17,9,34
10,16,4
42,208,24
49,102,48
70,383,36
18,58,11
8,6,4
15,13,28
6,5,6
11,6,9
33,79,17
20,126,7
69,700,43
12,22,7
33,120,24
1,0,1
1,0,1
6,6,6
4,1,5
16,6,21
1,0,3
7,4,12
0,0,7
31,68,15
18,30,9
1,0,1
4,0,6
49,292,12
28,100,44
33,90,20
8,7,4
10,7,6
0,0,1
5,3,6
5,0,8
4,1,6
9,5,13
103,662,34
2,0,9
2,1,3
0,0,2
12,24,8
16,18,18
0,0,3
23,85,22
0,0,1
1,0,1
1,0,1
21,11,30
53,256,38
24,42,28
1,0,1
9,7,9
2,0,13
33,93,25
0,0,1
1,0,1
0,0,1
14,48,8
1,0,1
14,17,11
3,0,6
4,3,2
18,23,20
0,0,1
11,18,7
19,21,12
2,1,8
11,8,9
0,0,1
0,0,1
20,108,9
1,0,1
6,1,11
19,49,12
14,47,4
4,2,4
10,4,12
54,138,39
24,85,7
8,11,6
7,10,9
16,24,8
16,72,7
64,363,29
9,13,6
2,1,1
33,28,72
7,1,9
13,2,24
11,13,7
6,3,13
11,7,10
7,4,9
0,0,1
1,0,5
10,9,7
5,0,7
20,31,20
49,108,65
17,11,31
28,153,17
6,4,6
16,42,9
1,0,3
4,3,2
0,0,1
16,81,2
3,3,1
9,18,3
2,1,5
2,1,4
38,142,32
19,40,18
18,30,16
3,0,5
7,2,7
14,3,18
14,6,15
15,17,13
3,3,1
3,3,1
14,16,10
22,31,18
6,1,6
18,58,4
15,21,10
13,12,7
0,0,1
1,0,1
7,10,4
8,16,2
6,15,1
6,0,8
0,0,1
6,9,7
50,113,38
4,1,7
1,0,6
11,18,5
0,0,1
1,0,2
1,0,2
16,69,3
87,532,36
15,19,11
1,0,4
0,0,1
36,104,28
28,67,29
0,0,1
4,1,6
21,24,17
1,0,2
59,319,40
3,0,4
15,58,4
5,2,4
21,45,14
12,8,7
61,196,31
3,0,5
23,80,11
23,231,16
46,335,22
10,3,17
25,61,10
25,99,12
14,14,15
0,0,1
2,1,1
0,0,1
12,9,14
54,280,29
12,9,9
29,33,19
45,161,22
8,7,4
2,1,1
8,6,10
40,34,46
12,12,15
39,97,56
4,3,3
9,9,6
29,60,16
0,0,1
8,1,20
17,21,13
54,348,8
81,424,62
1,0,1
15,4,23
0,0,2
3,0,5
10,9,7
7,6,8
110,703,86
2,1,1
0,0,1
0,0,2
7,6,9
43,195,18
43,179,17
3,3,1
12,31,6
34,104,12
2,1,1
6,2,9
5,3,4
0,0,4
19,29,14
2,1,1
9,3,11
3,0,4
0,0,1
19,69,14
47,221,21
3,1,12
22,39,30
55,323,20
25,132,5
4,2,4
39,149,17
7,10,7
0,0,2
39,113,33
52,265,32
5,6,2
16,19,13
21,39,14
68,287,74
5,1,10
13,15,10
15,17,11
51,171,28
11,55,1
0,0,1
20,13,21
8,9,5
6,2,4
46,182,17
92,526,37
52,246,27
4,0,5
11,12,18
78,582,27
29,49,42
21,18,19
50,290,27
5,3,4
0,0,1
42,155,25
1,0,2
24,83,16
2,0,4
17,39,5
2,0,3
1,0,1
86,309,39
7,7,4
1,0,1
2,0,4
0,0,1
14,7,21
27,27,18
6,0,7
14,10,12
11,10,15
1,0,1
22,85,14
22,44,11
27,85,9
2,0,2
27,51,21
9,5,6
1,0,7
21,30,12
18,21,16
3,3,1
3,3,1
3,3,1
0,0,3
12,18,13
29,201,17
19,17,28
42,152,18
1,0,2
10,10,8
4,3,5
5,10,1
1,0,1
25,25,17
31,79,22
21,72,20
59,265,31
15,10,18
20,35,25
22,53,13
50,224,16
1,0,2
32,29,28
6,1,10
0,0,1
78,1344,16
5,6,9
0,0,1
0,0,1
12,22,16
2,1,1
2,1,4
9,5,6
12,23,4
16,24,12
10,16,4
118,587,55
3,1,7
8,3,8
53,351,16
13,5,26
11,39,5
56,177,49
16,19,13
0,0,1
43,169,45
59,182,39
1,0,1
12,3,16
77,1967,24
7,0,10
12,22,3
0,0,2
3,0,11
15,4,36
12,7,14
6,1,13
13,7,13
16,24,9
10,7,6
0,0,1
2,1,5
5,1,6
14,31,8
79,520,54
16,18,9
20,47,20
3,1,4
8,3,12
6,11,5
6,3,8
5,1,5
33,95,26
1,0,4
1,0,3
0,0,3
56,1132,12
2,0,3
46,373,17
11,5,10
74,1966,8
28,110,21
7,2,8
22,31,15
91,332,46
0,0,3
8,12,6
36,79,38
5,3,3
16,20,17
1,0,1
15,16,20
13,21,11
4,3,3
8,3,13
25,17,26
20,16,17
23,29,13
14,15,12
32,47,24
12,14,8
20,43,12
29,40,16
10,16,5
64,255,24
21,30,21
5,4,4
31,89,8
21,41,9
9,6,8
42,149,24
14,8,14
6,6,12
6,6,3
29,143,10
20,50,7
16,15,13
6,6,9
1,0,1
4,0,16
4,1,5
2,1,2
19,64,7
6,10,5
114,2159,95
3,1,4
69,1955,15
5,1,5
85,395,47
53,229,57
83,1288,24
17,54,3
22,54,10
28,218,3
13,10,14
52,265,22
59,317,33
7,4,6
32,88,15
36,42,26
5,10,1
5,10,2
9,6,20
2,1,3
27,78,26
16,48,13
3,3,1
73,295,31
62,297,27
4,3,7
17,39,7
2,1,3
0,0,5
4,0,6
0,0,1
20,42,13
9,5,8
0,0,1
2,0,5
2,0,3
1,0,1
2,0,3
46,114,24
3,3,1
3,0,8
17,24,16
16,35,23
25,33,15
20,16,14
31,43,30
0,0,1
8,6,10
21,44,7
17,16,16
25,80,23
54,103,46
118,703,75
7,1,15
11,16,17
3,0,5
15,20,8
33,110,9
11,3,9
14,28,9
58,164,38
19,19,15
5,6,10
25,51,14
2,0,3
81,319,82
18,11,22
6,15,2
1,0,4
0,0,1
45,279,23
2,0,4
25,64,19
14,18,12
1,0,1
26,130,17
17,70,6
21,47,39
6,4,9
7,15,5
16,24,8
31,50,22
60,289,27
4,0,10
6,4,7
46,156,23
15,39,6
1,0,2
11,25,4
109,804,25
14,21,10
31,89,12
32,168,9
28,214,7
0,0,2
4,0,9
5,3,11
5,2,4
3,1,5
8,15,6
56,387,22
29,34,21
15,24,13
28,17,27
1,0,1
7,4,6
7,1,7
35,117,26
1,0,3
4,1,4
0,0,1
3,0,5
41,140,26
8,15,3
98,2081,20
25,77,12
14,38,5
3,0,6
4,0,19
2,0,2
33,37,52
15,19,10
0,0,1
15,51,12
0,0,1
4,1,7
3,0,5
7,9,5
23,67,9
7,2,6
48,276,15
14,47,6
7,1,25
0,0,1
33,127,15
3,3,1
30,138,8
10,3,11
1,0,1
7,3,12
53,241,22
40,220,43
33,81,12
68,356,38
29,45,15
36,103,16
12,30,4
15,32,12
11,5,8
101,572,88
4,1,9
6,3,5
0,0,1
56,543,11
4,0,9
1,0,1
1,0,1
24,74,33
20,59,13
4,0,8
2,1,1
33,50,26
14,36,4
14,17,8
20,21,10
35,125,32
8,10,5
18,26,18
17,38,13
3,1,3
20,38,10
0,0,1
32,225,13
13,7,10
2,1,1
2,1,1
0,0,1
39,33,45
7,15,4
9,19,8
19,14,24
5,0,10
8,15,5
46,285,18
29,34,33
11,6,8
26,115,13
38,192,13
14,20,12
31,106,13
11,10,9
42,116,31
10,36,2
5,4,5
61,484,14
3,3,1
1,0,1
4,1,6
13,4,12
70,1260,13
45,159,21
4,6,1
6,7,3
23,124,8
7,10,3
12,19,4
8,10,7
2,1,2
11,12,20
6,3,5
5,2,7
57,106,65
14,48,8
49,178,14
38,74,21
0,0,1
29,125,14
16,17,15
23,122,6
4,6,1
4,3,3
8,4,15
14,20,5
3,0,8
12,6,25
20,24,10
14,9,8
3,3,3
1,0,3
2,1,3
1,0,2
10,5,10
2,1,2
4,1,4
0,0,1
43,230,30
6,4,8
5,0,6
1,0,1
48,210,22
1,0,1
3,1,3
2,1,4
7,9,2
16,18,19
88,412,45
2,0,8
15,78,3
7,3,9
14,36,14
12,45,6
14,13,12
18,28,10
1,0,1
43,156,34
23,57,13
76,402,26
28,93,15
1,0,2
5,3,6
7,6,5
11,3,17
28,54,28
16,10,14
8,2,12
0,0,1
18,36,11
35,42,35
34,119,19
40,170,38
74,428,37
86,420,33
34,156,9
16,20,16
21,17,15
2,0,6
20,61,19
27,72,16
20,37,11
6,3,9
1,0,2
23,38,21
2,0,3
21,52,15
28,54,27
16,10,19
50,278,21
0,0,1
24,82,13
30,80,11
8,21,3
10,24,5
9,4,12
3,3,1
0,0,1
59,154,47
2,0,2
1,0,1
0,0,1
2,0,3
12,28,10
9,5,7
30,80,18
29,18,70
8,0,25
8,7,6
36,126,26
8,2,11
5,0,14
3,1,2
21,70,8
8,1,14
19,20,20
10,5,18
7,0,12
18,29,6
0,0,1
0,0,1
9,36,2
7,5,3
85,476,40
7,6,4
8,13,2
2,1,1
2,1,1
10,4,9
2,1,1
4,1,7
4,3,11
37,123,15
2,1,5
25,124,4
40,87,104
10,4,12
13,37,5
17,11,15
66,1954,11
5,4,2
7,11,3
2,0,9
2,1,1
3,3,1
3,3,1
11,5,17
12,8,8
1,0,1
13,24,6
16,37,3
12,13,7
27,145,8
5,10,1
5,2,14
66,245,34
15,56,13
2,1,3
0,0,2
2,0,4
47,216,19
2,0,5
7,2,10
23,88,7
1,0,1
8,11,4
10,4,13
39,154,27
17,20,13
52,276,27
1,0,1
34,129,21
3,0,15
11,24,4
2,0,2
6,2,7
20,26,30
31,130,14
2,1,1
19,10,20
11,22,10
2,0,13
20,46,6
4,6,1
27,23,21
7,4,6
13,12,8
2,1,1
1,0,1
17,43,14
2,0,2
0,0,1
4,6,2
16,21,12
14,19,12
6,3,13
17,17,22
1,0,1
20,22,16
11,10,8
2,1,1
7,2,7
28,26,23
20,15,22
13,4,29
58,196,30
23,54,10
28,58,19
5,0,15
10,11,9
3,1,5
37,219,14
5,2,8
2,0,3
61,171,23
22,52,26
12,66,2
43,255,21
31,59,43
44,135,29
19,28,16
6,3,7
7,1,9
21,60,23
0,0,1
12,1,21
2,1,1
79,1257,18
44,187,48
15,5,19
6,9,2
1,0,4
9,13,13
34,118,32
9,7,10
2,0,2
10,17,8
10,8,7
8,2,26
35,247,9
101,746,24
16,24,6
4,6,1
29,67,19
49,263,48
21,57,6
3,0,3
0,0,1
49,187,39
0,0,1
10,4,14
2,0,3
21,21,35
6,6,2
21,44,30
12,13,14
13,9,10
36,82,18
9,6,12
19,28,12
0,0,1
0,0,1
14,27,11
8,28,2
10,31,2
11,31,8
28,132,19
12,7,12
1,0,1
25,54,14
28,142,8
24,43,12
5,2,13
13,46,8
12,9,13
40,115,13
9,13,8
46,180,59
6,3,6
1,0,4
3,1,2
11,9,18
18,8,24
2,0,3
39,187,13
4,1,6
75,421,31
0,0,1
20,28,12
16,37,4
6,2,7
7,6,4
20,25,17
6,1,11
25,89,12
1,0,2
4,1,5
6,6,3
7,4,6
21,112,6
4,1,4
4,3,4
15,11,11
8,4,12
2,1,3
3,1,5
0,0,3
39,179,22
35,75,24
17,25,12
37,126,22
62,300,46
29,87,8
15,32,8
28,23,28
31,92,24
18,153,2
30,180,8
7,10,4
46,185,26
1,0,1
13,13,7
9,5,12
11,5,11
5,6,2
7,1,18
33,81,31
1,0,1
29,40,26
60,273,43
2,0,3
7,5,6
84,369,45
11,4,13
10,10,5
4,6,4
23,37,9
3,1,4
51,201,25
42,147,23
40,138,21
23,118,10
10,16,4
7,3,11
69,290,33
8,9,3
9,13,3
29,65,34
102,1034,35
2,1,1
2,1,1
4,3,4
0,0,2
0,0,1
44,259,11
8,1,14
14,13,10
8,7,7
10,11,9
24,26,18
0,0,1
5,10,1
32,57,22
0,0,1
11,16,10
20,47,13
86,442,50
25,68,11
1,0,3
40,181,17
4,6,1
3,3,3
54,284,17
0,0,1
67,229,46
11,4,9
5,6,3
7,7,4
1,0,3
3,0,4
32,109,19
23,66,25
44,236,22
30,134,15
14,36,5
8,11,4
17,136,2
21,139,4
12,8,17
3,0,3
1,0,1
8,6,8
2,1,5
6,1,17
0,0,1
7,10,6
13,13,9
13,15,20
11,7,14
3,1,2
13,34,3
33,91,21
1,0,3
21,32,9
5,3,4
14,12,14
29,55,25
3,0,7
16,21,11
64,277,18
21,27,14
0,0,3
42,157,24
66,221,28
6,3,24
0,0,1
49,177,31
18,20,12
31,87,22
71,1955,10
55,272,27
1,0,2
3,1,3
5,3,4
7,4,6
16,18,33
53,195,41
49,190,26
16,69,5
16,15,13
5,1,5
8,6,6
26,32,46
18,29,9
36,105,17
14,78,3
51,209,25
17,74,9
8,11,3
2,1,2
1,0,3
14,17,13
27,128,10
160,1092,75
2,0,2
9,11,8
13,5,22
5,1,5
19,25,22
14,58,3
60,383,29
1,0,1
3,1,8
10,11,7
3,1,2
9,16,5
28,68,18
1,0,1
38,203,25
5,0,7
1,0,1
38,97,16
11,6,12
43,209,34
6,4,6
4,0,7
21,28,33
2,0,4
4,0,9
29,105,17
51,560,18
21,109,10
19,49,6
48,144,41
22,33,23
1,0,1
31,95,22
0,0,1
57,229,36
2,0,5
1,0,2
8,11,7
76,377,30
3,3,4
23,129,4
0,0,1
8,2,10
9,11,12
4,1,4
9,28,3
9,21,9
13,7,19
53,342,21
100,602,66
26,29,16
5,6,2
1,0,6
0,0,3
69,247,52
29,69,20
7,15,5
7,1,20
37,77,30
24,56,16
20,107,8
2,1,1
12,21,7
1,0,1
36,133,20
13,66,8
21,83,8
46,189,33
74,613,39
12,66,1
87,294,101
20,69,9
38,117,22
88,664,54
33,56,24
25,101,16
48,217,26
43,170,13
9,1,11
2,0,7
14,23,9
6,4,6
6,4,4
35,150,18
30,174,10
3,1,5
6,1,7
0,0,1
21,50,24
3,3,1
37,131,10
27,45,24
44,188,17
35,70,23
5,2,5
0,0,1
2,0,2
5,3,6
0,0,2
7,3,10
4,1,4
14,10,15
0,0,1
14,19,7
18,33,8
1,0,3
57,358,42
38,179,15
16,8,14
14,14,10
5,3,5
31,36,15
2,1,3
10,3,10
4,0,6
18,52,8
19,32,13
13,5,20
54,269,22
49,164,20
1,0,1
26,65,20
10,12,12
8,7,4
54,599,14
11,16,8
8,9,4
5,3,5
1,0,1
9,15,16
26,34,15
4,1,9
3,0,8
54,199,23
0,0,2
41,149,27
3,0,4
91,652,33
11,13,10
0,0,3
12,5,11
41,162,54
12,14,13
1,0,2
30,132,20
103,911,79
69,371,20
60,118,90
4,0,8
0,0,4
7,6,6
25,34,12
32,190,12
53,336,32
19,51,11
8,9,7
64,211,31
35,168,16
4,0,6
1,0,3
3,0,8
72,1966,10
29,80,29
51,229,32
5,4,9
48,156,18
17,10,19
4,1,5
33,134,12
14,6,13
35,65,21
21,13,21
38,160,13
1,0,1
14,7,12
14,23,24
1,0,1
2,0,2
6,1,6
2,1,1
14,37,6
0,0,1
4,6,4
7,9,6
133,680,75
1,0,1
38,147,18
29,106,12
2,0,2
21,7,28
5,4,7
0,0,1
29,55,39
6,10,5
15,13,17
6,0,7
27,48,26
37,116,27
10,3,18
19,18,22
12,14,13
1,0,1
14,46,4
5,1,17
13,26,5
6,1,6
1,0,3
11,29,7
30,59,20
22,24,25
6,6,4
47,331,51
15,78,6
25,103,11
45,268,9
66,287,55
19,26,9
68,1963,18
12,17,7
40,113,22
0,0,3
28,75,8
29,51,32
13,14,11
0,0,2
12,14,9
4,2,2
16,46,10
0,0,1
60,333,25
1,0,1
51,221,39
1,0,1
8,6,6
4,6,3
0,0,1
22,77,9
39,118,26
21,32,12
14,58,3
5,10,3
0,0,1
1,0,1
28,54,25
0,0,2
5,0,11
18,41,11
15,37,18
44,449,7
3,1,2
27,47,25
18,27,19
54,153,37
26,102,13
7,1,15
9,1,18
16,120,1
43,130,16
3,0,7
11,13,11
45,174,20
79,397,90
11,6,17
2,1,3
0,0,1
14,11,14
4,2,3
27,53,46
2,1,5
0,0,1
30,90,16
5,2,6
16,27,12
19,97,7
120,677,47
57,431,18
2,1,2
9,1,14
3,2,2
20,48,19
6,4,9
4,0,5
43,264,23
15,13,12
29,94,36
21,19,18
5,4,5
4,1,3
17,41,11
29,41,24
31,40,17
42,165,26
9,6,16
5,10,3
24,49,16
11,37,7
5,1,6
34,143,18
1,0,1
2,0,4
30,132,10
11,10,8
15,15,12
3,0,9
10,22,6
3,1,4
46,195,18
6,10,3
27,112,8
4,0,5
46,144,22
20,19,15
2,0,2
24,40,36
13,12,9
1,0,1
3,3,5
11,2,13
27,62,17
4,6,1
20,73,16
48,226,20
14,14,16
84,482,35
0,0,1
4,0,8
5,1,6
4,1,6
0,0,1
4,3,5
0,0,2
63,179,35
7,6,7
20,190,2
0,0,2
15,8,23
71,425,39
2,1,1
2,0,7
15,10,15
24,52,58
10,18,4
83,268,49
35,44,34
1,0,1
22,62,30
36,107,14
18,88,4
32,75,36
2,1,7
5,4,5
10,7,5
14,11,9
8,16,6
3,1,3
1,0,1
33,408,4
45,71,27
2,0,7
13,4,12
21,36,22
34,73,20
6,4,3
21,51,16
15,79,7
29,122,7
0,0,1
8,5,6
95,762,32
4,0,8
7,11,6
41,193,12
11,5,10
6,2,5
4,1,13
3,1,3
14,25,12
11,4,14
6,3,6
13,7,30
14,2,37
39,126,23
38,169,31
60,252,33
0,0,6
31,75,21
36,120,27
37,111,18
7,15,3
12,10,41
13,31,8
27,98,7
77,1035,18
19,62,17
9,3,21
1,0,1
1,0,4
7,7,4
10,13,14
1,0,1
61,327,51
15,16,21
2,0,4
38,150,11
28,99,10
20,50,13
8,11,5
52,225,20
26,113,13
78,912,16
4,0,5
23,51,19
6,6,10
37,118,40
8,6,10
13,17,15
9,10,10
7,10,6
2,1,5
4,6,1
50,169,16
56,96,56
99,602,38
93,504,35
8,7,8
46,186,18
0,0,1
2,0,3
36,123,20
5,0,20
14,25,9
46,258,12
25,75,24
10,22,19
13,14,6
1,0,3
47,117,21
86,927,22
30,118,10
4,3,2
0,0,1
23,24,32
24,44,10
23,37,15
0,0,1
7,5,7
34,130,24
1,0,5
0,0,5
31,113,12
19,65,7
2,0,8
10,14,6
27,32,33
25,57,20
1,0,1
19,16,29
62,355,26
12,31,3
16,12,23
5,1,10
37,96,15
1,0,3
64,307,33
2,1,1
12,23,6
7,1,9
0,0,1
73,461,44
9,7,10
8,1,15
27,123,7
3,1,6
17,40,7
14,28,12
48,221,16
9,7,6
1,0,3
62,666,25
56,624,8
2,1,1
23,27,30
18,70,8
1,0,2
7,6,10
10,10,10
60,125,71
16,26,10
2,0,3
2,0,3
4,3,3
12,12,7
8,2,12
2,0,5
18,108,8
28,37,26
13,6,9
19,37,11
3,3,3
32,140,20
3,0,4
77,649,44
2,1,1
10,7,12
17,40,8
15,38,8
3,0,10
10,6,15
5,0,7
10,21,8
14,46,16
6,0,28
26,39,17
48,289,30
29,232,13
6,7,2
18,58,18
6,0,16
5,4,3
52,180,20
6,0,16
8,4,18
8,4,16
9,2,10
21,40,12
78,459,36
4,3,7
39,135,18
3,1,9
2,0,3
4,0,5
16,16,22
71,1963,10
62,343,29
10,13,8
6,3,4
36,252,9
83,521,38
44,125,41
5,10,10
20,82,6
4,3,7
2,0,3
74,1956,34
43,125,31
3,0,7
54,224,22
4,3,3
12,4,14
7,6,11
21,80,14
45,251,13
0,0,2
7,3,12
19,43,13
4,1,5
13,9,16
16,30,27
26,40,19
0,0,1
3,0,10
56,263,42
14,10,9
10,21,5
29,125,30
1,0,2
3,1,2
66,314,24
12,9,21
12,10,16
37,171,15
17,27,20
57,381,27
33,76,37
26,24,33
34,108,17
72,1960,12
0,0,3
1,0,1
12,30,6
49,340,12
5,3,5
29,88,15
16,17,17
16,21,7
9,7,8
49,131,34
3,1,6
73,221,38
8,2,14
21,37,13
3,0,5
10,2,16
0,0,2
40,57,37
19,95,7
67,468,20
15,16,14
43,197,39
2,0,6
22,29,15
2,0,3
33,170,11
64,276,39
42,179,35
11,19,7
6,6,4
1,0,2
81,609,21
46,204,28
18,25,24
1,0,1
2,0,2
30,36,51
6,4,5
14,27,16
11,14,6
39,96,22
26,44,33
10,15,9
9,4,17
14,16,9
53,245,13
25,60,27
15,59,4
0,0,1
21,124,15
4,0,12
3,0,5
18,12,20
9,0,14
28,99,22
35,102,16
1,0,5
39,128,23
25,43,14
2,0,6
5,2,4
65,1954,4
13,16,7
23,130,14
16,28,20
28,121,30
1,0,1
0,0,1
23,48,8
3,0,13
9,2,14
0,0,1
3,0,8
14,4,28
6,3,5
50,204,36
6,0,6
11,4,13
18,120,6
3,0,3
7,1,9
15,17,8
21,8,22
5,3,6
6,6,3
11,11,7
21,43,12
9,36,8
12,24,6
48,265,22
3,0,4
9,18,3
16,51,8
9,6,7
13,25,5
22,14,15
8,6,12
20,54,16
24,53,8
8,21,2
1,0,2
16,37,7
3,1,6
55,174,25
9,1,9
1,0,3
0,0,1
77,316,33
12,21,8
14,27,10
4,3,5
4,3,2
13,24,8
32,144,9
5,4,4
0,0,1
35,112,27
25,72,21
12,21,9
5,0,7
52,292,9
23,26,19
118,790,37
30,94,13
6,4,4
9,2,15
46,309,20
14,16,13
13,48,14
7,1,11
25,23,24
20,26,12
2,0,11
8,14,19
5,1,21
23,32,23
5,0,11
6,2,24
32,125,23
22,62,26
9,6,6
21,36,33
10,7,12
1,0,1
8,10,6
17,62,5
7,2,6
10,29,3
76,1956,40
17,57,13
1,0,1
1,0,2
10,45,1
12,45,4
17,50,13
47,145,13
21,36,17
31,124,18
0,0,1
42,257,26
13,11,11
49,333,23
13,8,18
9,1,19
14,25,8
3,0,7
3,3,1
3,0,6
9,6,14
105,766,68
11,10,8
25,46,19
6,4,5
13,2,24
29,81,16
32,76,28
2,1,3
4,3,4
59,164,38
1,0,1
18,59,15
20,50,14
43,114,31
16,21,14
39,180,17
12,8,12
5,6,7
0,0,1
2,1,1
16,26,12
88,867,56
26,129,12
15,13,15
16,13,21
29,78,30
74,336,65
5,2,7
11,13,5
11,39,10
99,1529,29
1,0,2
61,1148,16
65,737,15
6,0,10
4,0,7
53,159,22
29,222,8
2,1,2
1,0,2
7,3,8
27,97,15
1,0,2
38,123,32
66,236,41
8,4,8
11,8,27
1,0,1
75,226,67
4,1,7
30,406,5
69,243,34
6,1,10
1,0,7
21,51,26
19,21,16
46,98,42
21,41,15
10,10,10
15,13,8
2,0,4
3,0,13
7,6,11
1,0,1
25,22,36
0,0,1
0,0,1
36,175,17
9,6,6
28,116,14
7,6,8
3,3,1
12,9,12
2,0,6
18,27,21
29,119,10
21,14,28
15,23,13
0,0,3
6,10,4
13,24,8
11,45,4
11,3,15
16,42,7
0,0,1
14,4,25
56,356,16
13,38,2
14,22,25
9,22,7
23,28,16
80,406,37
29,107,16
16,27,8
20,120,6
48,253,22
14,13,8
4,1,4
8,2,17
37,176,14
21,80,11
109,812,34
13,12,15
30,64,17
23,47,16
10,5,7
4,1,3
5,2,4
14,16,15
37,160,17
14,78,5
38,124,14
15,39,4
78,439,31
18,69,8
68,290,44
5,0,6
5,2,5
35,30,52
31,62,20
2,1,1
3,1,15
2,1,1
21,68,15
0,0,2
19,58,8
1,0,5
81,348,31
11,10,8
17,106,3
2,1,1
0,0,3
71,304,17
21,87,6
7,4,8
54,237,20
14,12,11
18,18,23
1,0,1
43,161,26
5,6,3
71,403,23
26,55,16
31,46,26
17,51,6
25,75,20
37,240,21
13,35,7
11,9,24
48,163,31
23,71,18
8,3,10
8,2,7
4,1,3
82,704,38
15,23,19
68,261,65
48,238,16
21,56,15
2,0,3
13,10,10
4,1,8
19,28,21
6,10,2
92,738,38
11,7,9
3,0,5
11,6,18
6,3,7
81,697,45
22,56,20
45,70,49
4,6,1
25,56,21
1,0,5
5,3,8
10,8,6
6,0,12
29,43,33
0,0,1
76,402,42
58,269,29
11,8,11
34,96,35
20,95,4
3,0,6
14,19,13
1,0,1
2,0,6
6,1,9
38,89,34
97,453,50
109,594,36
4,0,6
9,6,7
7,1,15
2,0,3
0,0,1
34,116,12
7,15,7
6,5,7
29,28,29
16,39,12
2,1,4
12,14,6
47,212,21
49,124,27
8,5,7
5,0,11
0,0,1
13,11,29
5,10,2
55,199,21
19,56,11
59,316,14
23,26,18
33,151,23
0,0,5
30,130,13
1,0,1
0,0,1
10,7,10
16,11,17
11,36,12
17,9,32
9,1,10
11,21,16
29,79,32
17,21,16
57,267,32
27,90,13
11,11,8
16,34,8
12,24,16
12,13,20
44,267,23
17,53,16
66,373,20
9,28,4
3,0,6
6,4,9
43,128,18
3,3,1
7,2,10
26,72,12
7,21,8
36,131,12
7,21,3
6,6,4
46,51,89
25,127,21
34,65,22
2,0,3
58,267,18
4,0,4
11,4,20
28,97,10
6,6,6
11,7,68
0,0,1
8,16,3
21,60,14
10,7,9
1,0,2
7,4,21
16,55,5
26,9,36
10,10,10
1,0,2
18,18,18
18,65,28
11,13,13
9,36,1
8,6,8
23,32,26
55,321,38
32,152,11
10,6,43
3,0,7
13,10,12
18,33,15
19,38,10
14,27,13
15,36,8
58,386,22
49,107,49
61,268,25
27,49,16
37,169,19
0,0,5
0,0,4
13,19,21
31,83,58
4,1,7
0,0,4
20,99,3
9,5,11
8,5,4
10,15,6
20,50,9
13,55,6
8,7,11
21,56,11
7,7,6
1,0,1
4,1,7
1,0,2
51,350,10
6,3,8
15,13,13
47,159,32
4,3,3
11,7,18
17,14,16
6,2,9
15,14,12
7,10,9
7,10,8
0,0,2
83,592,62
7,10,7
8,11,4
32,55,21
3,0,5
7,11,4
13,11,13
3,0,5
11,11,13
17,20,11
3,0,5
19,22,12
76,574,22
70,427,19
6,3,11
4,1,8
13,5,15
38,150,16
23,69,6
0,0,3
92,557,38
10,2,12
1,0,1
9,3,12
13,7,23
33,112,25
11,16,16
11,23,5
13,36,6
12,17,10
12,3,18
6,3,8
14,18,8
10,6,15
9,21,5
0,0,2
54,574,12
50,226,26
17,32,5
5,2,8
60,167,33
6,1,10
0,0,2
6,6,8
7,4,7
64,206,26
32,118,28
10,6,9
9,8,13
0,0,2
73,365,35
5,3,4
4,0,7
1,0,3
44,232,25
9,13,8
0,0,1
5,1,6
3,0,4
4,0,6
35,219,12
8,2,21
8,9,6
14,56,7
3,1,3
6,5,3
23,117,6
12,3,13
10,16,5
0,0,1
37,248,14
0,0,1
19,40,17
20,13,26
0,0,2
0,0,2
3,0,5
17,54,7
24,48,16
1,0,3
26,55,34
56,325,19
6,2,7
47,207,25
38,239,15
70,477,36
1,0,3
0,0,2
1,0,1
26,22,24
49,125,26
132,1332,67
9,16,5
4,3,5
0,0,3
15,27,10
11,11,14
41,104,27
49,139,29
3,1,19
4,0,6
7,6,13
3,1,4
11,13,14
9,5,14
37,161,22
12,18,6
21,34,14
31,225,11
81,551,22
72,322,25
4,6,1
14,14,22
0,0,3
58,212,45
2,1,5
12,15,9
8,13,3
4,6,2
2,0,5
2,1,2
3,0,29
57,426,31
1,0,2
15,23,9
3,3,1
1,0,1
69,334,31
15,48,6
12,45,9
21,74,9
8,21,3
38,160,21
0,0,1
14,10,12
2,0,3
10,45,2
10,4,10
6,3,6
16,57,5
15,39,9
7,0,17
40,106,30
8,7,12
9,16,4
12,36,6
14,12,13
55,205,30
12,7,17
88,458,37
3,0,8
9,13,6
26,84,11
9,1,12
21,114,16
13,13,8
1,0,5
17,38,9
85,1447,25
21,71,7
8,13,3
26,51,18
6,1,14
48,247,22
6,15,4
22,71,22
5,1,6
2,0,5
0,0,4
10,11,10
17,59,11
35,18,62
20,91,5
34,92,19
2,0,6
9,9,7
0,0,2
49,241,15
54,228,48
39,424,8
12,17,9
9,3,11
16,67,7
25,43,21
30,145,13
21,47,19
23,140,4
3,3,3
40,194,15
22,59,16
7,4,10
16,67,14
21,64,9
35,78,30
32,116,20
16,10,18
28,57,21
0,0,1
19,54,21
0,0,1
0,0,2
35,152,21
7,11,4
31,77,25
44,158,21
8,1,18
14,4,15
6,3,9
10,1,13
1,0,3
5,1,9
2,1,4
21,63,8
3,0,5
26,141,5
4,1,6
7,5,6
9,4,13
20,43,11
1,0,3
41,322,8
39,236,17
37,51,18
36,57,49
23,42,17
27,114,17
7,0,13
39,239,15
57,258,23
7,6,8
5,6,8
14,27,10
2,0,9
10,7,14
6,3,11
2,0,4
33,185,12
17,19,34
8,6,10
9,6,8
30,104,12
0,0,2
11,45,8
12,6,12
20,28,32
1,0,6
11,10,9
2,0,10
4,1,4
80,492,47
19,9,24
0,0,4
5,1,9
8,7,5
0,0,1
8,7,11
37,159,19
20,123,7
21,55,35
22,59,10
19,40,9
0,0,1
3,0,7
18,10,12
5,3,3
10,4,18
0,0,1
0,0,2
14,17,15
9,10,8
4,1,8
24,52,24
79,469,30
36,139,12
17,37,14
19,44,12
19,34,14
21,25,27
79,433,31
6,1,9
14,9,12
16,12,17
1,0,2
71,436,45
51,210,24
3,1,10
12,25,25
16,37,18
0,0,2
44,170,21
2,0,5
16,25,17
105,1099,32
10,10,7
11,6,13
18,15,15
4,1,4
2,0,4
14,30,11
26,211,7
3,0,5
21,102,7
29,94,9
1,0,7
23,74,21
27,152,11
15,4,25
27,101,11
24,58,22
1,0,1
11,7,40
1,0,3
3,1,4
1,0,2
0,0,4
6,10,4
76,425,31
15,20,7
4,3,6
36,187,10
29,136,16
21,83,24
16,28,9
23,25,18
26,199,9
1,0,3
0,0,2
68,363,40
8,11,5
7,4,5
13,17,15
19,92,8
36,72,16
4,6,1
89,564,48
0,0,2
2,0,6
95,599,51
14,32,7
12,8,11
5,1,12
33,177,11
7,10,7
35,248,15
38,131,18
37,78,22
54,206,26
7,1,7
40,224,17
39,200,26
12,17,10
0,0,2
13,16,12
20,23,18
8,21,7
1,0,7
11,0,15
1,0,3
2,1,2
2,1,2
2,0,2
18,68,6
13,34,6
2,0,4
1,0,3
3,1,3
12,10,16
16,12,23
8,16,5
21,83,7
0,0,1
60,427,12
25,127,15
2,0,5
18,53,10
4,0,9
44,234,18
4,3,3
49,243,27
2,0,4
21,46,13
7,3,11
6,3,6
20,26,12
35,156,10
10,4,9
8,2,9
2,1,2
26,110,13
22,104,7
5,10,3
10,3,11
55,296,14
44,208,32
17,27,17
11,10,9
14,38,11
0,0,2
13,15,13
27,103,9
44,222,27
9,15,6
9,8,13
1,0,2
3,1,4
0,0,1
65,290,22
1,0,3
19,45,14
54,179,51
26,88,19
30,136,18
31,161,21
0,0,3
11,2,22
41,127,36
1,0,1
35,161,14
6,6,21
24,213,3
8,2,9
77,363,33
12,7,14
11,3,20
8,21,4
0,0,2
12,3,14
22,61,9
1,0,3
32,75,15
6,6,5
6,2,5
11,3,11
68,703,13
7,7,12
24,60,17
14,22,11
17,29,8
30,49,20
1,0,1
27,57,14
48,319,16
1,0,2
19,23,13
4,6,1
12,17,7
19,25,13
24,50,25
3,0,6
71,335,27
80,337,42
11,18,15
12,13,16
26,60,15
25,47,16
45,292,11
0,0,2
16,12,16
13,13,21
4,6,6
71,348,43
19,105,10
59,323,23
7,10,6
42,121,47
113,856,56
50,601,16
4,1,6
0,0,2
3,0,5
1,0,3
9,5,9
5,1,7
0,0,2
2,1,2
2,1,4
39,61,31
56,254,30
13,13,16
28,142,16
1,0,10
10,3,9
28,99,15
12,12,11
38,199,14
33,165,11
10,9,13
6,3,8
9,4,16
18,31,27
34,112,23
10,2,12
9,7,5
12,20,8
2,1,2
28,193,9
34,203,8
8,8,6
6,0,16
26,106,17
39,238,8
9,4,9
49,245,20
17,23,23
27,45,34
21,28,14
0,0,3
34,229,23
19,24,18
21,20,12
26,31,32
41,181,20
8,10,7
7,9,4
6,0,9
11,29,3
21,25,31
23,105,16
2,0,3
39,304,8
3,3,2
0,0,2
20,52,22
22,34,24
28,52,17
45,58,32
1,0,2
1,0,2
30,228,11
21,61,8
22,57,16
2,0,6
4,0,9
0,0,2
2,0,6
12,5,11
52,462,26
14,13,14
3,1,2
99,1024,32
15,105,7
17,136,2
0,0,2
0,0,2
51,172,40
3,1,10
30,83,14
32,151,11
2,0,7
7,0,19
9,2,9
51,266,20
1,0,4
21,46,16
15,13,13
2,0,5
10,7,11
31,96,19
4,3,9
6,10,3
12,47,15
58,433,27
7,15,5
51,357,15
30,140,8
26,94,18
3,0,8
22,30,13
12,8,9
14,25,10
21,29,18
4,1,5
56,265,48
23,106,6
18,91,16
42,228,21
0,0,1
3,1,4
10,9,10
4,3,3
1,0,3
6,4,5
5,1,6
74,644,49
2,0,3
4,0,12
6,4,5
9,8,12
0,0,1
25,29,19
75,333,47
13,15,9
28,43,11
33,110,15
11,6,16
24,19,24
0,0,2
0,0,2
0,0,2
1,0,2
12,16,12
26,166,6
15,11,12
2,1,3
20,82,13
22,40,9
10,17,6
2,0,4
104,1420,26
35,135,21
14,14,9
9,5,13
12,4,15
2,1,1
2,1,1
1,0,2
7,5,4
4,2,4
1,0,1
20,68,12
16,19,13
12,3,18
12,14,14
17,38,12
10,10,10
0,0,2
20,46,11
25,75,16
28,76,11
12,11,11
76,1354,22
81,463,37
32,118,10
0,0,3
0,0,4
26,74,37
3,0,7
45,119,24
27,44,22
14,19,9
28,73,28
7,2,9
5,0,9
18,29,20
22,28,25
30,63,25
87,674,73
14,24,13
21,17,19
69,436,29
22,85,10
23,67,19
59,251,24
26,85,25
24,155,6
37,165,11
25,61,27
23,127,7
0,0,3
24,83,11
4,1,4
26,61,13
5,5,15
90,1022,18
2,1,2
18,113,4
9,6,7
42,97,20
48,293,26
23,63,31
11,14,12
2,0,6
26,49,14
23,48,17
8,3,9
2,1,1
23,48,18
17,60,8
17,42,10
10,22,9
24,52,35
37,229,11
13,37,21
3,3,3
23,73,21
8,28,4
25,40,19
0,0,2
7,3,7
7,9,5
2,0,4
24,84,8
13,30,9
51,334,14
5,6,4
2,0,3
1,0,2
51,203,36
6,1,7
35,68,18
0,0,1
131,1648,21
50,388,7
24,210,13
33,213,14
28,226,7
30,213,17
30,213,15
30,219,8
14,13,14
15,9,30
7,4,8
19,40,12
7,4,11
9,9,12
4,1,8
1,0,2
34,168,20
9,9,5
22,44,13
43,145,70
7,0,16
3,1,6
18,33,25
27,37,35
31,137,9
5,2,4
2,0,7
8,5,8
10,11,7
17,37,13
17,3,21
26,65,17
19,26,20
1,0,4
24,108,16
46,384,15
22,21,26
11,11,9
28,128,11
6,5,6
3,1,4
10,13,14
24,121,7
15,30,8
11,13,8
6,4,6
3,0,5
18,26,14
24,213,4
23,15,22
19,31,16
15,34,9
2,1,8
13,6,12
33,147,20
1,0,1
28,31,29
15,47,7
2,1,2
54,306,28
40,531,16
10,8,18
6,0,9
21,18,33
52,276,32
25,83,11
3,3,2
7,4,6
30,104,39
1,0,3
1,0,4
12,9,7
84,347,48
8,4,7
12,11,8
1,0,2
55,181,24
13,46,11
16,9,16
3,1,5
17,58,10
7,15,6
5,6,3
0,0,2
9,4,10
0,0,4
17,26,23
22,50,10
56,144,32
22,73,9
10,9,11
1,0,3
17,43,6
8,12,3
4,1,8
63,415,38
11,23,5
28,91,14
5,1,11
25,64,12
24,210,6
4,3,10
24,94,8
3,1,3
55,311,30
17,15,11
12,14,7
11,2,11
27,118,9
29,109,9
2,1,1
1,0,5
46,176,26
0,0,1
120,1070,59
6,1,8
9,4,16
7,10,5
8,10,6
0,0,2
3,1,8
0,0,1
5,3,6
2,0,5
45,189,31
38,66,43
0,0,4
7,3,8
76,689,53
10,10,5
3,1,8
24,34,27
36,91,23
0,0,1
40,95,23
12,21,5
0,0,2
6,15,4
3,3,2
44,207,13
7,7,5
22,71,8
60,235,37
15,42,8
2,0,4
1,0,2
31,68,17
92,660,80
0,0,3
27,132,7
0,0,2
7,1,8
42,160,25
3,0,5
10,11,18
6,1,10
18,32,10
13,5,17
12,2,20
8,7,7
12,11,9
5,3,4
33,109,19
9,11,7
36,81,18
45,203,17
5,6,2
42,338,23
11,8,13
3,3,1
14,22,7
6,7,4
3,3,1
27,96,12
7,3,10
6,3,7
0,0,1
2,0,5
9,11,6
36,65,30
30,95,26
7,9,3
43,230,18
26,141,7
26,46,11
21,71,17
1,0,2
2,1,1
24,119,17
38,142,25
13,4,20
49,200,20
1,0,1
8,5,6
30,112,15
4,3,5
11,1,15
11,21,7
5,3,3
21,92,11
5,2,10
3,1,2
17,27,11
42,539,13
9,9,8
4,1,6
9,1,11
70,356,29
13,24,12
16,13,14
25,84,17
11,15,12
3,0,5
45,289,22
25,119,6
4,1,4
11,36,6
2,0,4
21,30,15
1,0,2
20,60,13
14,19,9
10,7,15
43,357,15
22,109,7
8,6,11
19,50,6
18,26,25
45,301,14
22,67,18
11,36,4
2,0,6
50,183,37
10,7,14
27,41,17
0,0,3
10,6,8
0,0,1
0,0,3
9,1,9
79,1964,19
9,2,17
6,10,3
41,179,16
1,0,4
11,8,9
23,83,10
14,20,9
1,0,2
26,71,11
31,117,24
19,23,17
14,23,10
13,16,9
12,7,10
1,0,2
72,280,53
1,0,1
45,151,17
0,0,2
45,181,32
10,22,6
3,1,3
18,3,49
48,194,35
0,0,2
16,12,12
13,15,10
24,43,15
7,5,7
11,5,9
23,84,11
15,81,4
6,0,9
2,0,2
2,0,4
12,18,7
32,100,16
9,10,11
2,0,4
79,440,50
0,0,2
11,21,9
3,3,1
6,3,15
45,138,27
5,4,4
8,3,8
1,0,5
3,0,5
1,0,1
11,3,15
14,7,15
5,3,5
3,1,5
1,0,4
20,52,5
33,165,9
2,1,1
21,58,10
14,17,13
29,44,33
2,1,2
2,1,2
11,16,8
53,282,17
8,6,5
7,9,2
4,6,1
17,12,15
20,28,12
4,3,6
54,338,12
40,161,16
3,1,2
12,16,7
0,0,2
23,53,15
30,72,15
29,69,19
13,32,9
11,11,6
7,3,8
19,44,15
5,1,5
1,0,1
17,70,3
19,56,7
44,171,23
14,61,2
9,4,8
17,45,4
14,29,9
2,0,6
17,40,17
26,46,15
8,14,16
6,1,9
18,12,22
7,0,14
33,58,31
46,205,50
9,7,6
1,0,5
6,1,9
32,138,14
67,299,22
7,9,4
1,0,2
10,36,2
4,0,5
8,21,3
9,12,6
52,202,13
50,352,20
25,16,27
5,7,7
21,98,6
0,0,1
36,166,14
26,235,5
55,390,8
27,86,15
10,4,15
10,9,9
48,362,11
42,79,25
24,65,12
26,34,25
16,54,10
2,0,3
14,16,9
13,14,8
13,17,7
33,125,24
126,1243,69
13,10,8
29,114,18
7,3,17
51,211,28
0,0,1
1,0,3
9,7,5
3,1,2
32,218,13
17,25,14
6,4,4
12,13,15
4,3,6
7,13,3
2,0,6
11,31,8
29,44,25
8,6,6
11,8,14
1,0,2
11,16,9
56,1134,9
4,4,3
23,36,10
21,82,22
59,215,50
2,0,4
35,174,14
86,612,58
35,529,2
0,0,3
59,323,30
61,366,22
38,121,16
9,15,4
4,1,6
18,23,15
4,2,3
81,720,45
6,3,8
15,79,10
5,1,7
9,6,7
18,54,6
13,6,12
12,12,14
61,428,21
2,1,1
3,3,5
2,0,4
21,48,9
22,27,16
1,0,2
8,11,7
7,4,6
6,15,2
7,2,8
0,0,3
13,29,7
1,0,2
1,0,2
10,7,6
42,237,15
11,29,4
0,0,1
8,1,8
14,28,11
14,20,5
36,177,20
44,235,20
42,219,18
16,51,3
6,1,8
11,2,20
4,3,4
2,0,4
20,79,9
17,41,9
7,1,9
11,8,10
23,109,10
31,355,4
16,2,23
53,168,18
28,69,21
10,6,14
76,730,25
44,311,26
5,3,5
8,21,5
22,38,18
8,3,8
1,0,1
9,13,6
58,340,34
9,7,6
1,0,3
4,2,2
23,104,7
16,92,5
18,44,6
28,105,11
2,0,2
12,29,6
10,36,8
12,22,16
5,0,5
15,15,15
13,10,10
21,34,15
35,81,15
34,127,10
26,37,21
16,75,8
11,10,8
0,0,1
7,0,14
2,0,9
4,2,5
23,45,17
5,3,8
1,0,12
1,0,2
5,0,5
5,0,6
25,72,20
8,10,6
19,52,13
13,12,16
4,1,4
18,32,11
15,18,12
16,19,9
41,239,23
24,133,11
3,0,3
25,109,18
28,111,17
11,8,10
2,0,6
7,3,7
13,3,23
6,3,10
47,306,12
3,1,4
4,0,9
22,172,4
13,16,9
17,37,18
0,0,2
28,89,21
5,1,8
5,4,2
7,1,9
17,9,16
20,40,13
3,0,5
3,0,3
5,0,6
23,173,6
10,4,8
9,7,13
4,1,3
54,197,30
21,88,5
45,170,36
5,1,6
4,6,7
36,149,23
2,0,3
4,0,10
30,89,12
1,0,2
33,65,22
35,211,9
33,409,4
36,138,14
28,156,10
8,13,5
28,169,5
1,0,6
4,3,3
4,3,3
0,0,2
49,259,22
0,0,1
2,1,1
4,2,3
31,113,11
34,152,9
7,6,5
10,2,18
16,120,1
26,145,4
7,10,5
48,281,23
4,1,12
47,209,15
10,16,9
15,22,6
1,0,3
1,0,5
6,2,7
2,1,2
10,28,6
4,1,3
87,815,38
17,24,15
18,91,8
9,5,10
7,6,4
11,14,5
4,0,7
16,76,5
34,230,23
37,126,15
63,283,34
42,187,22
6,2,13
26,24,22
5,1,5
61,321,40
51,228,25
5,10,1
10,9,7
9,12,4
6,10,3
32,140,14
22,51,14
5,1,5
0,0,1
46,235,27
22,29,30
19,31,9
7,21,1
59,344,25
42,92,20
30,130,14
6,1,11
50,223,22
34,199,24
6,0,8
20,66,17
12,37,4
25,41,11
5,0,10
6,0,7
2,1,3
3,1,3
5,6,6
3,1,7
11,7,9
11,3,11
25,21,32
22,57,20
17,15,20
18,12,19
5,2,6
62,318,35
0,0,1
1,0,3
5,1,7
9,16,5
30,72,16
5,10,1
52,186,19
25,117,19
13,26,14
78,490,19
33,105,18
4,0,6
2,0,3
31,139,11
17,23,13
41,287,20
25,64,8
1,0,2
22,24,21
20,18,17
5,3,7
5,1,6
14,22,26
3,0,4
5,0,9
8,1,8
2,1,1
0,0,2
5,4,3
14,4,29
6,15,3
3,1,3
7,2,8
26,133,16
4,3,9
6,4,6
7,10,8
44,244,9
46,160,14
9,36,2
7,3,14
5,6,7
18,56,8
32,247,19
3,1,4
52,242,24
45,197,18
31,125,15
45,242,28
29,127,7
35,107,12
56,306,24
35,187,9
22,60,9
34,141,15
2,1,3
8,4,5
35,143,24
49,532,6
0,0,1
6,1,7
27,59,27
6,1,15
2,1,5
22,122,5
16,17,15
6,6,6
13,12,13
10,13,4
9,16,8
12,15,6
13,29,6
31,126,9
0,0,1
2,0,10
7,11,7
34,105,9
4,4,4
5,1,8
31,69,24
13,5,28
17,21,8
40,145,24
5,3,7
11,11,8
6,3,5
4,1,4
5,1,4
8,3,10
29,112,24
11,5,10
25,234,9
27,235,11
10,11,13
22,91,11
5,0,8
1,0,3
61,222,27
37,104,14
35,166,17
10,3,8
8,2,11
23,56,13
27,44,26
0,0,1
9,7,16
3,0,5
45,135,19
4,4,4
38,180,10
31,83,25
3,0,8
3,0,9
1,0,2
0,0,2
15,91,3
20,82,7
10,4,9
6,2,4
14,17,8
1,0,3
17,8,13
24,116,15
24,58,14
65,410,43
0,0,4
27,70,11
0,0,1
14,6,19
2,1,2
0,0,2
0,0,1
8,9,7
80,462,36
33,83,14
95,559,49
27,65,10
52,246,10
8,0,14
6,3,8
46,236,19
17,6,28
1,0,1
4,1,3
21,48,19
13,66,2
68,1956,6
10,7,7
8,5,6
3,0,4
3,3,2
5,0,8
29,79,13
2,1,3
7,5,6
17,14,22
6,1,7
38,118,16
9,6,8
10,10,6
19,60,12
55,336,26
6,1,6
3,0,6
49,133,32
13,31,3
1,0,1
2,1,2
2,1,2
27,94,13
56,289,20
36,357,10
0,0,1
47,315,18
19,28,11
14,18,7
16,19,13
6,3,8
36,167,15
31,102,11
16,19,9
8,10,18
12,18,6
25,83,7
44,154,12
23,43,15
4,3,4
12,39,5
15,21,8
14,21,10
8,2,13
38,254,15
16,46,13
21,68,14
5,3,5
20,6,27
11,1,16
5,3,9
0,0,1
6,1,14
7,7,7
67,235,31
7,3,10
20,23,10
10,8,8
33,140,16
86,508,23
10,7,7
8,8,7
10,9,5
8,7,7
13,14,17
11,22,6
75,385,16
5,2,8
22,85,14
4,1,6
9,2,10
30,178,7
1,0,1
5,2,5
0,0,2
9,10,5
32,72,21
39,183,17
25,231,4
0,0,2
7,15,3
21,120,11
59,365,23
35,43,38
17,39,8
21,28,15
15,7,11
8,12,9
4,2,4
5,3,4
13,7,11
19,14,14
6,2,10
12,13,19
3,0,5
1,0,4
8,5,8
17,14,11
9,22,4
8,10,5
23,66,13
3,3,1
36,114,19
15,10,11
9,22,3
0,0,1
0,0,5
4,2,3
46,165,31
0,0,1
2,1,1
10,32,7
7,10,5
11,18,4
15,43,6
53,420,28
2,0,4
0,0,1
10,12,8
2,0,5
7,9,6
60,316,26
12,7,7
3,3,3
11,18,15
6,10,6
17,105,7
24,59,11
12,14,9
12,16,6
56,232,53
15,14,10
32,135,20
1,0,2
50,1129,2
23,60,9
0,0,2
4,1,4
23,102,7
2,0,5
32,90,30
28,149,15
12,3,21
3,0,3
1,0,2
52,285,22
27,237,5
34,97,21
18,14,15
68,421,27
12,17,11
12,37,5
13,36,9
4,1,4
84,701,26
45,289,9
12,9,7
17,44,9
18,56,7
2,1,11
0,0,1
0,0,2
38,235,13
19,76,10
1,0,1
6,6,3
12,11,6
23,145,6
63,443,42
50,136,19
4,3,6
12,6,17
24,94,5
58,694,14
5,4,4
33,71,12
12,6,10
58,366,14
4,0,6
1,0,1
14,15,10
36,251,8
14,8,19
5,3,6
0,0,1
26,66,12
10,26,5
1,0,5
27,60,15
11,5,13
7,0,8
2,0,3
0,0,1
6,10,3
4,3,2
5,3,7
32,82,11
7,3,9
86,656,24
14,36,6
6,10,3
1,0,1
50,286,27
12,13,7
19,57,23
14,36,8
4,1,6
34,124,16
10,6,14
36,98,32
6,4,5
6,4,4
50,336,12
27,102,13
1,0,1
0,0,1
0,0,4
11,6,21
0,0,2
32,127,28
29,88,19
28,61,21
38,80,34
9,16,5
7,10,5
3,0,5
35,110,25
5,3,5
6,6,2
9,28,7
9,5,12
25,143,8
11,37,3
11,4,13
34,123,12
46,234,20
2,1,1
11,28,6
10,29,4
5,2,3
44,538,16
5,3,4
28,61,25
0,0,1
3,0,4
4,1,7
27,58,14
2,0,4
61,343,22
10,6,8
6,15,2
35,189,19
11,6,14
0,0,1
31,77,18
17,19,17
26,47,13
7,9,5
3,3,3
36,62,22
1,0,3
5,1,7
8,11,5
8,2,8
12,10,10
0,0,1
2,1,3
17,18,24
128,765,28
1,0,4
6,1,7
3,0,3
17,24,12
59,233,32
30,95,21
5,2,6
56,663,13
29,64,12
5,3,4
6,0,9
35,131,16
75,1366,27
23,72,15
19,114,8
14,19,8
67,395,13
5,1,9
20,25,12
56,235,17
29,146,26
62,243,30
13,16,5
12,9,11
38,155,28
42,183,13
14,37,6
4,1,5
9,6,12
6,10,2
10,2,11
6,4,6
7,4,8
40,243,11
7,6,4
10,10,9
37,381,9
17,55,4
7,6,5
62,330,34
5,1,7
15,20,10
56,339,21
9,16,2
39,186,14
15,31,10
18,28,11
5,3,3
0,0,2
29,61,11
5,6,3
14,21,6
3,0,6
8,1,17
40,229,18
15,24,13
6,3,7
28,112,18
24,52,7
25,51,26
28,235,16
50,433,23
8,10,5
6,3,11
8,15,5
3,1,3
4,1,4
0,0,1
8,11,7
8,5,8
1,0,1
5,1,7
21,39,13
18,25,15
52,250,36
22,43,12
79,1414,18
54,195,31
0,0,1
7,21,1
18,57,6
20,5,27
7,7,3
7,4,8
3,1,3
19,113,9
15,46,7
16,48,6
36,179,9
9,6,7
18,29,12
10,13,6
8,13,3
6,10,4
10,7,8
7,2,9
24,76,9
7,5,7
19,47,15
0,0,1
43,191,14
14,27,10
6,1,12
23,43,12
2,1,2
55,221,27
1,0,4
8,14,6
27,141,6
12,55,3
14,42,4
12,31,3
55,177,33
37,74,22
98,735,20
4,2,4
46,158,40
32,191,5
17,32,9
18,17,11
21,72,6
0,0,1
1,0,5
16,23,7
11,21,12
7,4,5
35,273,8
1,0,1
3,0,6
35,340,14
22,25,15
12,8,11
11,7,12
16,51,8
17,37,11
7,7,3
3,1,5
11,20,7
0,0,1
61,357,22
5,3,7
54,316,24
7,10,4
3,1,4
22,79,8
5,4,4
15,10,16
9,3,9
20,11,27
20,50,13
40,204,15
5,6,6
3,3,3
17,26,8
32,33,29
6,2,11
3,1,5
6,3,7
2,1,2
7,4,7
19,65,7
0,0,1
24,95,14
56,373,33
30,91,23
7,3,7
19,60,13
6,0,8
17,70,5
4,1,5
0,0,1
10,2,15
59,263,29
5,3,3
23,44,21
1,0,5
11,7,10
35,112,21
10,28,5
15,51,11
0,0,1
13,22,5
4,2,2
5,4,2
6,15,1
3,1,4
4,1,6
1,0,3
2,0,3
81,533,50
7,6,8
80,488,26
41,379,8
41,97,26
1,0,2
0,0,1
22,40,16
9,9,6
3,1,5
31,87,20
6,11,2
37,127,19
0,0,1
25,128,11
3,1,4
31,283,12
70,1165,12
71,360,33
86,541,42
0,0,1
41,136,21
35,109,12
11,45,2
13,38,5
2,0,2
57,324,14
27,121,17
5,3,3
8,6,4
10,10,6
4,3,2
25,61,16
3,0,6
13,14,9
32,54,40
13,15,18
8,3,11
14,15,7
1,0,4
5,1,5
21,92,8
26,41,17
7,4,7
20,83,3
8,4,7
13,9,20
30,266,4
2,0,8
6,1,7
14,6,14
5,2,3
53,585,12
3,1,3
14,3,11
18,84,8
34,135,20
13,46,7
21,82,8
46,198,14
48,219,13
10,28,4
18,47,19
1,0,3
6,4,8
5,10,1
33,85,23
1,0,1
53,278,34
26,71,17
18,110,16
8,3,5
27,121,10
3,0,3
6,10,2
12,3,15
10,10,17
4,1,3
10,8,7
1,0,4
38,178,16
1,0,1
17,78,4
35,181,25
58,222,23
3,1,2
13,10,13
0,0,1
3,0,4
22,19,20
0,0,1
7,7,6
3,0,4
21,121,10
2,0,7
35,143,32
48,120,23
15,46,4
33,180,17
10,6,6
12,46,11
14,6,11
6,2,7
19,35,11
5,3,4
5,2,9
9,7,5
0,0,3
3,0,3
4,1,9
12,7,19
8,10,4
45,186,15
3,0,3
2,1,2
63,470,23
14,4,26
24,38,17
13,27,4
39,114,18
38,544,12
28,37,26
63,769,20
5,0,5
19,30,11
20,24,26
26,80,12
21,44,11
10,10,8
11,34,6
18,70,5
3,0,4
2,1,1
30,147,9
2,1,3
10,11,12
5,2,13
17,22,12
14,9,12
2,0,9
5,3,5
35,194,8
55,370,46
9,9,8
19,93,8
20,54,13
37,102,18
4,1,11
6,3,4
6,6,9
7,1,16
1,0,2
3,1,2
3,0,3
5,2,5
13,23,9
12,12,12
6,15,1
12,46,27
21,64,6
35,208,8
5,0,8
31,165,7
15,49,3
20,108,5
12,6,10
4,0,4
22,110,5
51,317,17
38,186,15
43,180,11
10,23,6
6,0,10
9,7,8
10,21,4
7,7,3
6,10,2
0,0,1
27,32,13
47,278,16
5,3,8
16,14,13
9,7,12
15,14,10
40,182,12
10,7,7
3,0,3
2,0,4
26,86,4
16,33,17
72,349,54
8,0,9
19,48,11
2,0,2
19,60,9
4,3,4
25,57,9
20,41,14
4,3,3
5,4,3
59,1129,14
4,6,4
10,11,6
12,17,5
15,46,17
35,92,13
20,42,11
39,178,9
5,0,6
23,55,18
118,960,36
26,78,9
7,7,6
21,70,11
69,692,13
23,54,8
3,0,6
96,1573,17
82,1301,19
7,3,5
0,0,1
0,0,1
2,1,2
13,20,7
4,3,3
0,0,1
12,29,9
1,0,1
7,3,5
4,1,6
5,3,7
3,0,4
11,22,7
51,234,17
6,6,11
7,10,3
6,10,3
91,799,48
35,104,16
14,46,8
10,10,8
5,0,6
4,3,2
12,14,11
99,504,57
7,4,9
7,2,10
12,24,6
4,1,8
10,15,10
2,0,5
3,0,3
17,79,7
52,238,19
23,51,10
33,59,27
4,6,3
4,1,7
30,53,38
67,474,33
18,7,19
9,13,6
0,0,1
14,38,8
17,14,20
5,10,2
17,6,16
23,38,12
16,66,8
7,9,3
25,46,20
9,2,9
5,4,3
61,1179,8
22,50,18
38,110,13
5,3,5
3,1,8
1,0,2
35,156,22
38,226,17
12,37,4
11,22,7
10,7,7
8,6,4
5,3,6
24,64,20
37,192,28
10,13,5
35,158,14
45,231,18
12,55,2
10,16,8
14,4,21
14,14,10
34,155,8
0,0,2
0,0,1
16,48,21
0,0,1
8,6,13
3,0,3
3,0,4
17,59,4
8,6,5
4,3,2
6,1,9
40,266,11
11,7,22
21,39,21
8,9,3
1,0,2
16,16,12
3,0,3
51,423,22
52,294,19
6,6,9
13,66,2
8,6,6
0,0,1
2,0,2
4,1,10
18,10,24
9,12,9
32,63,20
6,4,4
0,0,1
19,31,10
1,0,2
1,0,1
21,112,8
3,0,4
48,287,14
20,93,8
14,11,13
5,3,4
18,35,7
13,29,9
60,248,27
39,109,23
4,3,3
33,48,32
43,278,19
44,143,19
42,99,35
2,0,4
1,0,1
2,1,1
5,1,7
12,11,9
16,10,17
8,15,11
23,65,12
12,11,12
21,95,8
6,6,8
41,261,17
4,0,5
41,152,13
6,7,4
12,16,9
23,47,8
69,492,29
25,97,6
36,241,12
29,32,19
50,216,18
7,1,8
2,0,3
1,0,1
11,19,8
4,0,9
39,220,13
16,41,6
4,0,8
26,56,31
39,136,41
4,6,1
44,249,21
10,9,9
8,6,4
53,268,15
32,181,20
12,5,11
3,1,4
82,613,19
19,101,3
17,49,11
4,1,9
17,23,9
1,0,4
4,0,5
5,3,3
19,58,11
5,3,4
6,1,8
2,0,3
29,238,7
8,7,7
3,0,5
39,177,14
3,1,4
34,355,6
9,7,8
5,6,3
17,35,17
21,40,9
15,41,8
2,0,5
2,1,1
71,477,28
2,0,3
11,7,12
4,3,2
20,18,18
2,1,3
32,148,20
34,298,12
1,0,2
14,12,8
29,24,27
23,46,27
7,1,9
18,49,7
2,1,2
38,270,11
5,1,10
10,5,6
48,246,19
49,640,6
9,6,8
2,0,5
2,1,1
10,13,4
30,75,41
22,70,13
17,69,7
19,108,7
26,127,9
4,0,4
4,3,2
97,1072,33
39,302,8
18,49,16
3,0,3
9,2,19
27,99,15
44,261,11
27,174,5
20,171,3
55,505,18
1,0,1
8,6,5
17,14,10
11,3,14
11,36,8
31,124,11
11,16,6
30,92,20
16,19,9
10,6,8
78,541,22
13,36,4
21,82,10
24,81,6
19,41,9
15,52,11
39,176,18
54,327,23
38,217,11
27,137,14
20,62,14
8,6,6
21,154,3
1,0,3
9,21,10
1,0,2
44,560,12
8,4,8
15,20,12
8,5,12
59,295,37
20,51,9
9,2,11
5,1,4
1,0,1
19,32,10
0,0,2
5,0,5
48,155,25
10,18,8
2,0,2
11,9,12
4,1,3
4,3,2
0,0,2
29,86,19
9,5,9
45,256,16
34,175,16
19,24,13
8,0,10
5,1,7
30,67,19
4,0,4
23,56,14
8,1,15
4,3,3
42,95,18
12,45,5
16,25,12
26,213,7
5,6,4
23,42,9
8,1,7
1,0,1
8,6,13
11,18,5
2,1,1
0,0,1
15,56,7
9,2,8
5,0,11
13,21,9
3,3,1
3,3,1
30,73,26
8,12,3
6,6,3
34,156,12
10,2,11
11,8,6
37,201,9
16,39,7
43,332,24
12,3,16
7,4,10
5,1,5
1,0,2
7,15,4
13,12,12
0,0,2
25,157,9
63,494,17
3,0,4
13,12,8
6,1,6
7,6,17
50,226,11
7,2,10
22,65,14
9,36,4
8,7,10
21,106,4
32,83,29
9,36,2
12,5,20
16,56,7
25,109,14
5,3,5
7,3,7
11,2,14
10,4,10
14,23,5
21,41,7
50,204,24
0,0,2
87,528,31
24,21,30
59,394,34
29,87,8
1,0,1
81,600,23
1,0,2
4,1,4
11,23,14
1,0,1
13,24,6
19,95,4
21,63,16
30,71,13
5,0,10
4,0,8
10,10,5
1,0,8
8,3,5
2,0,2
26,109,12
8,9,5
19,60,4
0,0,1
8,3,12
7,2,12
2,1,6
0,0,1
7,2,5
11,36,6
6,1,9
8,6,5
115,808,20
7,3,7
22,158,6
23,88,12
15,66,18
55,231,17
69,424,34
4,1,5
3,0,5
34,302,9
28,183,8
2,0,2
7,11,2
5,10,1
2,0,2
2,1,1
8,11,5
62,443,22
10,12,8
22,55,16
20,21,21
30,136,11
20,15,27
26,134,7
14,78,4
24,67,20
4,0,9
15,8,17
14,11,21
65,494,32
19,76,6
0,0,1
40,249,14
71,585,18
28,133,9
12,4,15
5,1,12
14,5,30
4,0,4
5,3,4
10,8,6
23,42,21
47,231,12
12,14,20
39,240,18
64,463,20
19,37,24
61,244,26
4,2,4
7,7,10
42,183,12
4,1,4
41,146,22
8,15,5
8,7,6
90,1011,18
21,57,14
20,71,8
36,124,14
2,0,2
3,0,3
26,169,6
49,228,35
18,48,9
6,3,4
68,1264,10
73,513,16
37,88,16
9,9,14
9,10,5
4,1,6
5,2,3
11,30,7
8,1,14
23,51,12
14,11,14
47,427,12
6,3,5
16,17,12
7,1,8
44,208,18
57,354,28
24,52,18
7,7,4
7,6,9
5,3,5
0,0,2
20,20,14
36,189,9
1,0,1
55,362,29
22,59,8
57,516,12
27,160,3
10,18,5
15,20,10
64,1194,11
50,230,34
25,46,12
6,1,8
7,15,7
1,0,1
3,0,5
34,132,8
1,0,6
37,75,14
10,22,3
56,265,14
23,100,8
7,3,8
3,0,3
1,0,1
8,6,10
7,15,5
64,527,29
8,3,15
16,91,15
8,15,3
19,32,8
1,0,4
5,6,4
47,186,18
43,331,17
3,0,3
3,0,9
6,1,7
0,0,2
0,0,1
8,2,11
38,117,10
18,66,8
13,20,6
13,13,6
0,0,5
12,5,10
57,667,8
22,77,7
8,28,2
44,344,15
4,3,8
40,101,13
41,180,21
6,2,6
25,33,23
30,190,10
7,4,6
23,72,11
0,0,1
0,0,1
3,0,3
40,205,13
3,1,3
36,96,20
7,2,6
24,89,13
11,12,8
42,289,11
5,4,3
24,76,7
4,2,5
6,6,3
43,541,7
12,13,6
0,0,1
1,0,1
9,22,3
14,12,15
14,21,5
11,13,5
2,0,5
10,5,10
24,36,24
55,377,27
53,267,11
41,341,7
43,263,25
15,54,7
3,0,3
17,25,7
3,1,2
25,41,25
48,256,50
1,0,1
3,3,2
40,164,10
4,3,2
3,1,2
28,132,10
36,534,6
23,75,29
9,4,9
2,1,1
12,15,6
21,56,7
3,1,2
27,75,15
9,36,1
9,36,1
22,31,15
9,4,10
18,34,13
39,148,15
5,10,3
25,172,7
27,106,12
15,29,9
14,10,12
32,127,10
17,19,12
1,0,1
3,3,1
7,1,9
0,0,1
12,66,1
44,112,28
20,73,22
12,66,1
15,69,2
0,0,4
14,91,1
11,4,15
24,82,8
67,1317,14
3,0,4
19,66,10
60,271,31
29,71,27
4,2,7
6,6,7
21,51,8
6,4,3
3,3,1
24,50,6
25,95,11
47,116,30
15,59,6
25,89,8
14,67,2
9,5,6
25,212,7
56,198,36
35,197,11
16,33,10
2,0,3
26,170,10
7,2,5
32,133,11
13,45,7
6,3,3
37,274,20
2,0,3
1,0,4
0,0,4
18,35,10
13,8,20
1,0,1
31,92,10
2,0,5
22,127,7
0,0,2
1,0,3
52,297,10
15,14,9
22,100,6
13,41,9
3,1,2
22,48,26
4,2,3
22,140,15
17,28,12
4,1,3
19,19,12
15,55,3
10,11,6
19,37,17
30,113,12
0,0,1
16,25,10
8,3,9
30,123,25
28,78,11
18,51,9
8,5,11
15,14,10
88,1507,15
6,15,13
47,317,20
28,165,8
11,25,5
53,376,32
10,15,6
8,21,4
0,0,1
21,82,10
20,28,9
2,0,2
10,36,2
23,54,13
19,111,2
7,7,5
8,4,15
39,216,10
5,1,8
0,0,1
7,5,4
2,1,3
5,3,5
53,317,25
36,137,12
19,52,5
1,0,1
26,86,9
61,350,22
35,248,8
52,277,14
9,0,10
22,56,19
6,6,10
24,91,4
8,21,4
0,0,1
11,6,20
1,0,3
11,16,5
10,13,5
28,91,7
32,355,6
19,69,7
44,219,16
18,25,15
30,175,16
2,0,3
22,99,21
14,34,4
6,3,7
19,74,15
2,0,2
35,131,30
13,45,6
23,69,19
0,0,1
3,0,7
1,0,4
6,2,6
10,11,12
19,37,11
21,42,10
18,31,11
17,34,10
13,30,5
23,123,5
2,0,2
25,93,9
5,10,1
53,171,56
12,55,2
2,0,3
17,28,12
34,256,4
30,170,7
24,41,17
2,1,1
28,122,10
5,4,2
26,77,15
18,43,7
5,1,6
16,12,12
1,0,1
3,0,4
1,0,1
41,137,24
7,10,3
7,7,4
13,34,5
47,279,15
79,1300,10
32,123,7
4,0,6
35,115,15
3,0,3
5,3,6
23,175,12
5,4,2
9,18,3
17,65,7
11,12,5
4,2,4
54,305,18
6,0,11
2,1,2
4,1,5
1,0,4
6,1,6
11,6,8
18,84,3
25,153,12
21,17,23
27,57,18
8,4,7
19,25,12
21,88,5
46,264,9
15,16,8
37,237,15
77,435,47
41,185,14
23,57,17
0,0,1
46,309,14
20,85,8
42,225,11
16,12,10
21,68,9
45,616,11
26,51,23
9,8,7
22,79,13
34,161,20
5,6,2
5,3,7
59,376,12
50,194,24
4,1,11
34,115,23
5,1,4
2,0,2
7,5,7
1,0,1
4,6,1
41,248,11
43,307,9
20,70,7
5,10,1
42,232,24
36,219,15
8,7,7
37,132,23
67,349,19
5,2,4
6,15,2
10,16,8
71,307,32
7,5,6
10,36,2
2,1,1
9,16,7
38,218,11
57,349,38
3,0,5
6,2,7
3,0,3
11,55,1
98,672,47
1,0,2
12,7,11
15,33,5
54,470,9
8,4,6
10,7,9
5,3,3
38,111,11
57,393,13
16,36,8
15,45,8
4,1,5
1,0,1
30,95,13
25,119,20
4,1,5
6,6,3
26,54,20
12,31,3
13,39,9
59,327,17
1,0,2
1,0,1
22,32,22
16,36,8
23,33,17
21,20,24
4,1,6
3,3,1
29,109,12
15,13,12
31,192,19
1,0,1
13,12,11
41,182,20
18,37,12
38,189,17
10,8,13
4,3,4
15,18,14
6,4,6
4,3,6
30,52,23
10,17,9
16,58,9
29,202,3
21,41,12
63,338,28
15,27,13
10,21,10
13,5,14
1,0,1
22,29,15
44,300,16
53,185,17
35,101,18
4,1,3
7,3,11
3,0,8
0,0,1
4,1,3
3,1,3
25,21,22
79,498,50
7,1,8
4,1,3
23,45,14
21,106,11
1,0,1
19,78,7
2,0,2
37,149,28
4,0,7
5,3,4
4,0,4
63,455,25
14,19,13
18,24,16
56,373,14
32,107,35
48,470,25
88,646,31
26,76,19
38,108,14
17,66,9
27,66,11
1,0,2
62,1135,21
25,210,5
74,1239,7
37,256,11
51,181,21
8,9,5
69,385,20
8,21,2
5,1,4
26,128,5
18,28,10
7,3,7
1,0,1
4,1,6
5,0,14
13,55,4
47,236,25
28,81,10
63,467,18
4,0,4
33,127,15
32,103,15
25,71,24
6,6,6
20,79,11
34,118,10
39,143,38
19,58,6
14,30,10
1,0,1
15,26,7
0,0,1
5,2,7
15,38,7
27,79,8
11,11,13
21,26,10
17,30,9
23,30,12
4,3,2
4,6,4
56,272,14
10,2,8
9,16,3
15,11,15
1,0,3
18,47,11
5,3,6
8,3,8
97,918,41
7,21,1
11,22,4
40,128,22
8,3,6
4,1,3
9,3,9
0,0,1
72,390,33
32,44,27
22,86,13
11,12,6
35,58,22
23,52,18
19,73,6
41,236,11
18,23,18
32,227,5
52,290,28
1,0,5
1,0,4
1,0,6
10,3,15
1,0,3
4,1,6
1,0,2
28,180,11
20,109,3
29,119,26
95,775,35
51,229,17
6,6,4
20,109,9
3,3,1
20,110,10
60,461,24
13,8,9
10,5,9
9,6,10
69,520,39
1,0,1
19,35,10
73,1359,6
1,0,2
7,1,11
30,202,13
9,16,9
2,1,1
55,267,20
8,15,7
2,0,3
1,0,3
27,70,17
18,26,15
66,482,56
63,383,22
22,37,10
11,36,7
25,50,13
11,6,13
18,45,8
28,325,4
7,1,7
17,88,3
23,91,11
7,4,5
18,63,11
6,1,5
9,18,2
10,36,3
1,0,1
2,1,2
44,247,10
10,6,9
8,21,2
22,42,12
33,171,19
0,0,1
16,30,8
43,192,23
18,44,11
23,108,9
7,0,9
7,1,7
14,12,20
12,1,17
3,0,4
71,553,28
21,55,6
0,0,1
7,10,4
2,0,2
38,89,52
31,159,13
30,123,14
20,53,13
6,9,2
10,16,3
2,1,2
30,182,11
0,0,1
25,93,14
12,8,18
3,1,3
10,5,16
17,92,3
5,1,11
1,0,1
1,0,1
8,2,8
24,29,29
10,13,10
18,17,25
3,1,3
21,23,25
29,147,14
7,4,7
11,6,8
5,4,2
1,0,3
9,12,6
0,0,1
8,2,8
39,181,12
7,5,3
28,126,9
11,37,4
0,0,1
8,7,6
15,10,29
19,28,15
8,2,11
24,144,4
9,16,10
4,1,7
73,650,33
10,14,12
2,0,5
20,53,7
23,73,19
7,3,9
2,1,2
7,7,3
42,250,13
6,6,4
1,0,2
29,105,18
18,56,7
54,313,22
0,0,2
22,34,17
26,102,10
9,8,9
4,2,3
17,57,4
27,97,11
9,8,12
14,9,21
7,1,8
9,13,5
20,122,5
3,0,3
5,3,3
35,177,18
33,237,10
87,1407,33
2,0,3
13,11,26
2,0,2
11,4,12
37,287,17
12,37,5
42,330,16
17,67,8
28,134,9
16,120,1
18,120,9
39,77,18
30,146,7
6,3,10
25,66,29
8,7,9
35,56,21
9,11,11
17,67,5
28,186,12
32,168,6
17,65,5
9,16,6
45,283,12
48,328,32
17,27,13
35,328,25
16,26,8
9,13,5
8,10,6
1,0,1
6,0,6
9,6,6
34,146,14
32,91,15
31,195,20
53,446,23
8,7,4
6,1,7
8,4,5
9,8,7
0,0,2
43,281,17
11,3,12
4,2,4
2,0,2
2,1,3
37,255,19
19,36,10
10,1,15
53,1134,10
38,259,7
21,32,15
22,27,14
41,200,21
10,4,17
43,266,23
15,11,27
7,3,6
1,0,1
0,0,1
1,0,1
5,0,7
17,84,5
67,785,20
4,1,3
71,415,21
7,9,9
5,1,6
58,363,27
38,151,13
5,1,25
22,75,29
60,342,28
3,3,3
64,1232,11
5,2,8
23,106,11
16,43,5
30,181,10
31,162,13
48,204,16
5,2,8
61,264,18
7,7,4
7,9,10
9,8,15
41,276,12
34,117,11
8,10,12
15,56,6
1,0,1
2,0,3
13,46,6
20,45,24
32,286,17
6,4,4
46,295,11
2,1,3
24,45,13
75,489,33
6,4,10
5,4,2
10,2,15
24,18,21
5,3,5
6,0,8
11,9,8
6,6,5
4,0,4
3,0,3
1,0,1
19,7,17
0,0,1
17,26,20
28,140,19
7,6,6
63,402,17
55,252,12
51,176,18
11,55,4
5,0,5
18,92,9
1,0,2
1,0,3
9,9,7
43,318,22
13,17,7
1,0,1
20,95,13
11,14,12
0,0,1
21,72,15
16,4,29
15,12,11
24,66,16
3,0,4
23,26,23
46,321,17
8,13,2
11,16,5
17,61,5
3,0,5
1,0,1
7,2,6
7,7,3
24,92,11
21,68,12
1,0,3
13,46,10
43,251,11
9,7,9
68,496,20
94,1579,16
18,58,10
20,100,6
26,128,16
32,187,8
5,3,3
1,0,2
15,14,10
2,0,4
4,1,4
1,0,1
3,0,7
38,230,12
6,7,3
5,2,4
0,0,1
38,136,22
5,6,3
23,60,7
37,183,21
49,226,34
6,3,5
11,8,8
5,1,4
35,148,20
25,128,10
33,201,13
3,3,1
4,3,4
4,1,3
8,7,5
2,0,5
28,128,10
1,0,1
11,6,12
15,91,3
0,0,2
23,74,6
37,126,17
30,189,7
0,0,1
15,10,16
49,185,27
6,6,8
1,0,2
7,7,7
2,0,5
7,4,5
37,181,16
19,28,29
17,67,6
8,7,4
8,1,12
5,1,6
3,3,3
14,55,4
22,55,7
1,0,2
0,0,1
20,28,11
12,8,7
15,91,3
3,3,3
3,3,1
9,7,6
1,0,2
11,4,8
28,87,14
8,1,13
9,28,11
5,6,2
2,0,4
88,668,28
44,264,9
15,21,7
14,5,11
65,540,10
21,62,6
7,3,9
14,9,15
38,146,28
2,0,8
21,60,7
5,3,7
58,387,17
50,228,10
45,245,10
10,21,2
70,574,21
4,3,6
51,616,5
10,14,7
9,13,3
5,1,7
39,156,12
13,40,5
15,24,7
8,7,4
14,23,6
30,113,7
18,61,13
12,21,6
0,0,1
11,18,6
7,21,1
18,56,5
14,78,4
27,75,10
7,6,3
21,60,9
29,111,34
32,301,13
19,106,11
32,167,11
3,3,2
14,24,11
36,182,10
21,54,23
12,45,5
7,4,9
5,10,1
15,21,11
12,25,7
0,0,1
7,2,6
74,1279,12
18,31,9
10,24,2
33,251,10
2,1,3
38,259,17
50,300,31
12,8,10
5,3,5
61,1179,10
2,1,3
31,133,10
11,25,3
6,10,2
12,12,10
11,4,13
9,2,13
8,6,5
5,1,7
3,0,6
15,49,2
15,38,8
16,15,14
9,7,9
39,215,14
7,2,7
37,234,16
0,0,1
42,196,8
28,150,15
2,0,3
8,4,8
5,4,2
43,223,18
0,0,2
29,119,14
0,0,2
8,15,6
4,3,2
30,152,8
6,4,8
54,343,27
1,0,2
4,0,6
35,238,7
3,3,2
3,1,2
5,1,7
6,7,3
6,3,6
4,3,2
22,55,10
24,35,19
87,646,26
6,1,9
59,361,18
7,21,4
5,6,3
24,186,6
17,32,18
116,899,28
1,0,3
8,7,8
12,13,8
88,635,23
24,67,9
34,190,10
10,2,21
5,1,5
12,16,8
3,1,2
59,269,16
14,29,9
12,22,11
23,102,5
3,1,3
23,147,5
10,24,4
12,66,1
8,10,5
3,3,3
15,42,4
13,16,11
17,92,6
15,27,8
9,4,10
6,3,12
3,1,5
16,14,11
1,0,2
0,0,1
5,1,8
30,160,5
7,2,13
0,0,1
31,117,12
3,0,3
19,93,6
1,0,2
17,67,12
31,244,12
16,11,9
0,0,1
0,0,1
5,3,4
15,14,22
10,4,12
3,1,4
8,28,1
9,28,2
20,88,13
53,287,33
5,1,5
10,15,6
34,126,20
24,38,15
17,22,11
17,23,13
3,3,4
9,6,8
5,3,3
11,22,6
9,21,5
39,172,17
3,0,6
11,55,1
16,25,5
20,32,17
25,107,8
25,108,19
13,17,14
0,0,1
47,243,14
14,26,4
15,16,10
6,2,11
43,223,23
0,0,1
14,40,5
50,397,6
5,10,1
25,44,12
5,6,3
2,0,5
8,4,7
7,1,8
18,91,12
61,406,54
1,0,5
0,0,1
32,159,6
7,1,7
3,0,3
10,22,5
17,22,11
2,0,3
11,16,7
20,35,30
23,68,13
14,20,11
7,15,2
1,0,1
10,36,2
5,0,7
25,63,7
3,1,5
0,0,2
8,1,7
88,694,30
47,513,17
5,10,1
12,15,6
4,3,2
36,179,10
23,129,4
0,0,2
5,3,7
8,22,2
3,1,2
17,37,13
1,0,1
63,579,11
4,1,6
45,172,22
5,1,5
13,55,3
3,0,3
9,21,3
5,3,5
9,1,10
3,3,1
16,25,7
65,612,17
2,0,3
3,0,4
26,116,8
22,63,18
2,1,2
31,103,7
18,55,6
53,298,31
63,837,10
5,1,5
2,0,2
8,3,6
15,66,4
20,106,7
3,1,3
7,10,7
6,15,1
4,6,1
2,1,1
2,1,1
1,0,2
9,14,9
39,212,7
45,267,33
8,11,3
13,25,9
7,15,2
12,55,2
2,0,2
2,0,4
30,161,10
52,288,18
7,7,4
22,21,20
1,0,2
4,0,6
37,352,17
98,1098,32
20,123,7
11,9,10
8,7,11
27,135,15
3,3,1
9,15,7
75,598,21
10,36,14
0,0,1
44,275,32
5,0,5
21,41,23
0,0,1
8,4,12
3,3,2
3,0,13
7,6,4
17,13,20
3,1,2
10,6,7
9,1,13
9,7,8
14,8,15
39,123,14
6,7,4
30,105,21
7,2,10
13,6,14
12,21,7
21,58,17
17,81,4
16,78,5
3,1,2
32,120,9
5,3,5
8,5,4
0,0,1
5,10,2
28,235,9
21,49,9
3,1,3
25,175,8
4,1,5
71,617,32
6,0,6
39,163,17
7,7,10
15,7,15
55,319,22
8,2,8
3,3,1
33,200,7
8,28,2
8,7,7
3,0,10
16,78,8
57,235,46
33,110,18
2,0,3
3,0,3
5,6,7
13,31,3
18,12,16
30,69,20
9,3,13
23,175,8
7,7,5
13,42,4
35,185,13
32,222,12
9,17,7
57,316,14
31,134,23
22,26,11
63,308,23
0,0,1
25,103,7
2,1,1
14,58,7
43,216,23
7,4,10
22,127,10
23,95,11
19,47,11
4,1,4
21,95,7
5,5,6
6,1,7
21,131,4
17,120,2
12,17,7
4,1,4
16,56,10
62,417,13
17,55,13
17,37,5
9,22,3
33,64,17
2,0,3
2,0,2
1,0,4
2,0,2
2,0,2
0,0,2
18,105,4
19,23,11
28,266,5
8,15,5
2,1,2
9,9,7
38,176,16
17,46,10
26,100,6
1,0,2
2,0,4
14,10,12
36,110,20
10,11,5
27,119,10
14,15,10
6,3,3
58,1133,11
12,13,8
42,263,9
0,0,1
18,70,7
22,97,9
40,77,19
38,76,33
39,113,14
38,195,31
10,37,7
14,6,17
18,19,10
8,10,4
1,0,3
12,18,12
16,80,5
30,99,30
10,22,8
4,0,10
44,348,12
1,0,1
11,39,4
11,23,7
18,50,9
36,120,23
13,16,6
11,8,7
0,0,1
51,401,13
21,81,16
13,29,7
12,21,6
21,33,17
76,706,34
2,0,4
13,78,1
13,78,1
13,78,1
6,4,3
3,1,3
35,332,14
9,7,6
5,1,9
7,0,8
9,10,11
7,5,8
15,16,15
15,56,4
27,108,9
4,3,5
9,16,5
28,48,20
23,27,36
32,72,25
0,0,1
38,123,27
10,7,7
27,97,9
0,0,1
2,0,2
35,305,8
7,5,8
7,9,6
24,65,9
26,93,8
9,1,13
18,12,25
24,95,8
42,146,12
30,119,7
57,369,22
14,45,5
15,57,11
3,0,3
21,74,8
30,178,5
22,95,12
10,45,2
21,59,6
10,45,1
14,47,5
29,160,5
1,0,4
4,2,2
8,5,6
9,2,13
10,4,8
3,0,3
22,11,30
22,86,14
5,1,5
17,58,6
20,58,9
12,5,10
16,36,5
17,35,8
34,270,8
16,21,12
29,161,22
6,10,5
33,187,19
2,0,2
3,3,2
61,491,19
25,111,15
17,23,9
30,128,8
6,3,4
3,0,4
28,149,10
1,0,1
4,0,4
10,4,9
1,0,1
10,31,2
33,158,8
4,3,6
40,355,10
16,28,18
22,26,22
16,51,6
53,258,16
37,163,12
1,0,1
15,21,6
8,9,12
17,34,6
16,57,15
1,0,1
7,10,3
23,35,15
6,4,3
34,198,13
12,31,3
3,3,1
19,41,6
34,120,14
26,61,12
7,1,9
4,1,3
9,5,5
15,16,12
36,139,20
15,66,4
7,7,3
22,140,8
7,1,9
1,0,2
18,92,6
7,10,6
3,0,3
11,16,7
6,4,9
14,5,11
6,10,5
28,82,23
10,7,6
33,79,12
10,7,9
25,51,22
1,0,7
3,1,10
31,243,7
6,4,4
1,0,5
63,229,26
2,0,2
2,1,1
17,92,5
2,0,3
20,124,3
27,89,10
6,6,4
16,33,7
14,31,9
1,0,1
8,9,4
10,10,7
24,56,16
21,137,5
5,4,3
5,4,5
6,3,6
2,1,5
5,1,8
14,66,3
15,66,5
15,66,6
48,295,10
5,1,4
4,1,3
80,1329,12
17,20,12
6,2,4
26,107,11
3,0,3
48,321,10
24,181,3
24,173,6
24,172,9
20,171,2
43,246,20
19,171,1
27,187,6
34,214,5
26,137,13
5,3,4
2,0,3
39,147,12
47,407,7
1,0,1
23,116,9
20,45,8
1,0,1
3,1,3
24,54,21
38,253,10
18,22,13
12,18,8
60,379,14
8,4,6
0,0,1
3,0,7
8,9,5
14,31,8
3,1,3
4,6,1
0,0,1
4,3,13
13,11,20
0,0,1
24,77,13
8,2,8
3,3,1
11,22,3
9,21,2
60,293,23
31,88,23
22,76,5
6,4,3
21,61,7
4,0,5
10,5,13
36,116,15
26,107,14
17,91,16
4,1,6
56,316,21
9,1,8
1,0,4
65,384,46
23,52,14
2,0,8
26,63,12
34,223,16
28,121,10
2,0,2
15,46,7
3,3,1
9,10,6
10,9,7
31,101,17
15,12,9
2,1,2
10,11,9
10,28,3
62,503,13
31,193,16
0,0,1
72,510,29
57,250,20
27,83,16
5,1,6
11,10,7
27,71,22
14,66,3
18,25,14
10,10,10
4,1,3
4,0,5
2,0,3
27,120,7
10,7,7
5,3,3
21,115,7
34,137,20
31,99,16
47,357,15
68,470,37
24,112,14
24,94,11
8,4,6
21,56,16
36,185,8
9,15,6
6,15,2
4,0,12
5,2,4
3,0,5
9,13,8
31,51,25
17,53,10
3,0,3
1,0,1
30,196,7
43,289,10
4,0,4
13,36,6
4,2,4
2,1,2
33,252,6
39,110,24
17,28,7
18,17,14
27,73,15
1,0,5
6,1,7
29,173,10
39,191,28
22,136,13
9,3,13
16,46,10
28,155,12
9,5,6
3,0,3
27,78,17
2,1,1
18,72,8
4,6,3
2,0,9
27,216,11
15,34,7
5,3,4
79,575,48
23,100,10
20,38,14
7,15,3
13,11,10
5,10,1
10,12,6
22,116,5
5,2,4
34,227,9
21,73,9
15,47,10
28,37,23
11,12,12
12,29,5
18,40,11
53,1138,3
9,11,6
10,13,9
19,45,15
26,61,11
5,0,7
19,54,10
22,38,15
47,613,2
29,406,1
47,613,2
16,59,9
10,21,10
7,3,8
86,1445,16
9,8,6
5,3,4
0,0,2
22,100,3
30,113,10
8,2,8
0,0,1
3,3,5
11,8,7
15,48,5
4,3,3
34,158,8
8,7,3
29,239,13
2,0,2
39,105,20
4,1,3
9,3,7
9,11,5
3,1,3
0,0,3
4,1,4
15,10,10
5,1,5
16,67,5
7,10,4
14,15,9
16,29,10
8,6,6
8,2,6
6,4,4
44,336,7
23,21,19
2,0,5
11,22,6
32,100,12
5,3,3
4,1,7
3,1,3
23,42,10
3,1,5
12,13,8
24,37,24
5,2,7
4,3,2
3,1,2
20,64,7
48,264,19
60,275,20
7,3,5
6,6,3
4,2,2
32,67,17
13,8,9
19,42,8
10,45,1
19,79,7
12,14,7
6,1,6
48,153,29
7,6,6
20,49,12
5,4,2
0,0,1
42,265,16
26,54,20
15,21,8
10,21,14
11,7,10
26,49,11
8,7,4
53,427,12
5,2,10
2,1,1
2,1,1
5,0,6
20,77,5
16,68,4
20,37,12
2,0,2
1,0,1
6,3,6
0,0,4
37,136,18
5,3,3
3,0,3
19,102,16
5,4,4
41,226,10
13,19,7
14,36,9
4,3,4
3,1,4
24,28,41
15,22,13
27,85,15
10,36,3
24,74,8
13,37,4
9,36,1
2,0,7
26,105,13
7,3,18
0,0,1
12,13,6
13,27,6
82,798,27
43,315,14
10,9,5
34,114,16
4,0,6
10,4,7
25,111,14
23,61,16
14,18,9
2,0,2
1,0,1
17,46,10
22,99,8
11,10,7
8,7,5
27,89,16
4,3,3
8,11,4
9,3,7
7,6,6
45,390,8
19,46,11
6,6,5
34,262,7
16,53,14
43,444,7
19,24,19
27,300,4
27,184,7
7,7,5
13,7,10
3,1,5
21,43,12
1,0,2
10,11,9
1,0,3
24,41,15
3,1,3
7,2,6
11,18,6
5,4,2
18,82,6
24,77,14
4,1,11
0,0,2
7,7,4
4,2,4
7,5,4
27,133,10
13,29,6
9,36,2
42,87,32
23,114,8
11,19,6
32,162,14
27,136,13
4,1,3
11,28,6
15,48,8
10,36,3
5,1,5
2,1,3
29,301,7
20,50,11
18,9,18
33,334,6
0,0,2
28,162,19
40,286,31
7,2,6
3,0,9
10,21,5
0,0,1
17,51,7
1,0,1
2,1,1
9,9,8
4,1,4
31,241,14
32,244,4
8,7,5
7,7,6
15,52,13
8,5,10
15,9,13
6,6,4
6,2,6
16,51,4
30,39,20
4,6,2
10,45,1
41,326,13
5,1,5
4,0,4
4,3,9
13,66,6
16,20,6
6,6,8
4,2,2
7,6,5
27,108,11
1,0,2
5,1,5
13,56,5
26,82,7
6,15,2
5,2,5
3,1,4
6,1,13
20,86,7
13,22,9
5,2,6
5,1,10
41,262,5
4,1,9
19,59,14
43,198,13
8,12,6
11,34,5
5,2,7
6,1,11
9,6,9
10,45,1
24,92,7
1,0,1
7,15,6
7,5,5
8,13,2
11,9,9
11,10,10
17,48,7
8,4,5
13,37,11
5,1,8
34,318,7
43,398,7
7,2,8
1,0,1
9,7,12
19,18,18
29,196,11
3,1,5
1,0,3
2,0,2
10,4,8
3,0,4
3,0,5
32,143,7
50,241,37
11,45,4
3,1,3
2,0,2
63,455,18
15,18,7
19,16,13
2,0,2
13,14,8
1,0,1
7,4,6
4,3,3
7,0,8
43,191,16
2,0,2
81,448,60
9,5,11
26,95,19
7,0,7
6,2,7
2,1,3
8,11,3
21,53,7
8,10,4
5,1,7
24,115,16
22,51,15
40,193,20
68,660,21
8,6,4
5,6,2
3,0,4
8,6,12
13,11,12
4,3,6
90,735,16
20,30,17
40,225,18
7,7,7
16,40,7
18,64,12
12,11,9
8,3,9
6,3,9
24,46,12
10,9,9
30,200,11
35,93,26
7,7,5
33,215,5
0,0,1
6,2,7
44,223,12
23,103,5
17,93,13
24,105,10
19,92,8
7,10,5
6,3,3
43,176,20
6,10,3
56,1131,14
9,5,7
7,3,7
10,1,15
0,0,2
7,0,12
16,17,9
15,55,5
7,3,8
2,1,3
4,3,4
4,3,3
5,3,8
3,1,2
35,218,10
7,3,6
24,99,10
1,0,3
4,3,2
13,8,10
3,0,11
37,312,7
4,1,4
20,45,9
8,4,5
10,23,10
13,5,16
4,1,5
0,0,1
6,3,4
7,6,7
23,99,7
6,7,3
1,0,2
2,0,2
13,22,11
8,21,2
3,1,2
22,70,24
15,55,9
0,0,1
15,11,26
3,0,3
1,0,1
8,4,9
0,0,2
5,4,2
15,13,8
7,3,11
4,1,5
9,9,8
27,118,14
16,47,7
31,328,6
3,0,3
18,123,3
11,19,7
11,14,7
27,30,20
7,1,7
2,0,5
0,0,1
11,11,9
15,48,5
8,21,4
5,2,5
15,12,7
18,81,6
9,11,5
2,1,1
5,0,8
7,4,4
7,1,7
5,1,6
19,74,14
40,109,26
16,111,3
2,0,5
10,5,13
7,4,6
22,140,8
7,6,7
5,2,3
2,0,2
24,52,11
18,40,9
27,88,9
19,7,16
16,58,7
2,1,1
11,55,2
7,3,6
3,3,1
23,93,6
29,169,12
24,133,7
5,0,5
12,30,9
7,3,6
12,12,9
5,6,4
9,6,8
1,0,2
1,0,1
3,1,2
2,0,2
2,0,6
1,0,1
5,0,6
8,7,6
14,21,8
2,1,2
2,1,2
4,3,2
29,92,22
20,40,17
8,6,5
10,8,9
42,271,14
20,43,7
6,1,5
4,3,3
18,60,5
22,26,14
3,1,4
11,9,6
21,111,5
22,116,4
45,197,14
0,0,3
4,3,4
1,0,3
9,10,6
2,0,3
5,3,5
4,1,3
5,2,4
9,10,5
1,0,2
4,0,4
3,0,3
2,1,5
9,10,5
28,235,9
13,25,18
6,2,14
10,29,3
37,207,22
23,36,24
1,0,1
30,116,15
4,1,3
9,5,8
7,6,4
5,2,4
4,3,3
14,40,6
6,3,7
26,111,5
1,0,2
26,115,6
7,4,8
15,57,10
1,0,1
5,6,4
1,0,2
7,21,1
9,2,12
3,1,2
16,92,5
7,6,5
19,86,7
35,130,20
19,113,3
1,0,3
11,17,6
5,1,5
20,58,5
3,0,3
1,0,1
3,0,6
4,1,6
21,106,4
58,341,14
33,141,22
1,0,3
8,21,4
14,24,11
50,310,11
7,15,5
10,9,9
21,94,6
11,9,8
27,253,5
13,15,6
24,63,8
11,36,7
43,239,30
7,4,4
34,184,14
6,1,7
8,18,3
4,3,4
7,15,3
6,6,9
7,4,5
18,51,8
3,0,5
14,16,16
10,9,12
38,105,35
2,1,2
16,40,6
30,61,15
1,0,1
2,1,3
6,4,8
5,1,5
2,1,2
5,0,6
7,15,3
4,3,3
5,3,5
0,0,1
3,1,2
1,0,2
2,0,2
2,0,3
5,2,9
7,3,6
8,6,6
38,245,11
7,4,9
5,3,3
7,4,7
31,183,9
14,43,8
30,331,5
1,0,1
0,0,1
50,597,8
23,231,4
2,1,2
13,25,6
7,2,11
6,3,7
69,422,25
2,0,3
8,6,7
17,79,4
12,14,6
43,219,11
4,3,3
5,1,7
12,28,6
9,28,4
25,157,5
15,15,12
3,1,2
37,150,10
4,4,5
9,4,7
8,1,10
9,10,5
1,0,1
2,0,2
17,21,15
6,4,6
17,79,6
1,0,2
22,95,11
36,184,10
0,0,1
42,215,13
2,0,3
7,4,11
3,1,2
9,21,3
20,108,4
6,1,6
32,237,6
2,0,3
14,39,5
9,3,7
54,468,16
13,78,4
7,6,7
12,8,16
19,61,11
4,1,7
30,184,9
12,5,9
5,0,5
6,0,8
4,2,2
1,0,1
2,0,4
7,4,8
1,0,1
10,28,3
18,47,7
21,95,3
12,12,8
4,1,4
17,38,6
16,84,13
43,232,13
17,44,9
2,0,2
5,1,6
3,1,2
12,9,10
22,97,6
5,0,10
1,0,1
7,11,3
7,4,6
12,29,6
8,10,7
1,0,2
3,0,3
31,77,15
3,1,4
12,66,2
8,28,6
13,14,12
16,57,3
11,4,9
14,17,14
31,160,9
14,38,3
6,15,2
4,2,3
9,3,6
61,545,18
15,39,10
9,28,8
19,171,1
4,1,4
6,1,6
43,370,11
2,0,4
2,0,4
0,0,1
9,4,11
19,24,13
10,10,4
9,4,9
29,87,13
23,231,4
51,1128,4
22,133,5
7,4,4
12,22,6
5,1,6
42,260,18
2,1,1
10,18,5
6,15,1
2,0,3
22,84,9
11,7,8
8,7,6
13,46,5
11,36,4
31,332,11
2,0,2
9,7,9
30,112,6
15,18,12
11,16,5
8,6,11
11,6,10
7,3,8
30,74,16
12,17,11
7,4,5
10,5,6
9,2,10
0,0,3
0,0,1
13,22,7
16,67,5
24,94,7
10,6,10
1,0,1
13,31,3
37,301,10
8,2,6
9,6,6
1,0,1
18,42,5
16,38,8
17,69,6
38,330,14
18,17,17
4,2,6
10,1,14
3,0,3
19,70,7
19,58,11
1,0,1
46,227,15
10,22,3
5,2,12
0,0,1
5,1,4
7,6,3
5,1,6
9,21,6
29,115,14
7,15,3
10,3,15
6,3,4
1,0,2
1,0,1
9,9,9
9,16,4
6,6,5
7,3,7
4,0,4
12,55,2
8,10,5
25,85,5
22,60,11
8,15,3
3,1,6
17,106,2
14,23,11
2,0,2
21,52,13
35,180,10
8,0,13
9,1,8
3,0,7
25,72,13
12,21,7
12,22,9
16,57,8
17,67,5
7,4,4
0,0,1
11,11,8
58,433,15
15,51,5
32,129,20
5,7,8
1,0,1
49,322,7
1,0,2
5,0,5
13,66,2
3,0,3
19,45,6
12,23,16
18,51,9
3,1,2
26,79,20
56,363,25
10,45,1
14,51,3
15,52,4
10,45,1
28,145,6
30,162,10
3,3,3
9,16,4
1,0,1
5,0,6
35,260,15
12,31,8
21,50,14
31,176,13
10,21,4
8,21,3
24,133,4
13,14,7
7,4,6
21,108,10
16,47,3
5,1,11
17,14,9
14,19,7
5,10,1
24,113,11
17,81,6
10,28,4
3,3,1
5,1,5
21,53,22
5,3,4
62,417,23
13,30,6
4,1,5
3,1,3
2,1,1
15,20,6
4,0,5
4,1,5
59,319,11
13,9,12
18,106,4
13,10,13
9,7,5
14,24,11
7,6,4
4,3,4
6,3,6
2,0,4
17,52,6
3,0,4
6,2,10
1,0,4
9,13,4
13,5,23
13,20,9
12,22,5
8,7,4
22,108,9
9,8,5
4,1,7
4,1,5
0,0,4
6,4,5
30,135,14
17,120,2
36,274,11
8,1,11
8,6,6
10,45,1
1,0,3
4,0,5
10,15,8
3,0,3
23,20,14
14,39,5
26,184,5
27,158,5
3,1,4
7,11,2
7,5,4
1,0,3
13,15,6
5,10,4
7,11,2
5,1,6
1,0,1
54,516,11
5,1,6
22,115,10
3,3,2
2,0,2
9,15,8
4,3,4
15,17,10
14,26,7
4,1,4
3,1,8
10,6,10
35,123,10
33,157,14
5,4,8
11,6,11
3,1,4
8,6,7
23,54,11
1,0,1
8,4,5
12,31,5
4,0,5
6,6,4
11,46,7
2,0,2
4,3,3
22,97,9
11,15,13
3,1,2
7,6,4
10,2,9
1,0,1
5,2,3
11,15,7
12,21,4
12,38,4
20,81,12
32,221,9
5,1,7
38,143,20
1,0,1
5,3,4
1,0,1
26,214,7
5,0,7
5,2,5
6,15,2
3,0,5
1,0,4
22,99,6
26,94,11
7,7,3
15,13,16
4,0,5
11,8,6
6,6,4
22,58,12
5,4,2
12,17,6
0,0,1
6,2,4
24,75,15
1,0,1
12,9,9
16,78,7
6,2,7
9,18,4
10,18,5
3,0,5
4,3,2
12,31,8
1,0,2
8,6,4
28,180,8
7,2,11
22,66,13
1,0,2
2,1,1
3,3,2
10,9,5
9,15,5
10,5,8
8,7,4
9,5,6
9,28,3
5,2,6
5,3,8
6,3,6
5,4,3
15,79,3
7,1,10
8,11,5
0,0,1
12,29,5
4,0,7
13,12,9
1,0,1
8,11,3
5,10,2
1,0,1
3,0,3
10,11,6
5,5,3
18,28,14
11,6,13
13,56,4
11,55,2
0,0,2
14,46,5
0,0,3
17,23,11
9,7,9
10,9,6
0,0,1
4,4,8
30,83,13
11,11,6
11,9,7
4,1,3
3,0,5
10,9,6
2,0,4
13,19,6
6,4,3
51,317,15
19,81,15
4,1,10
3,0,4
23,124,13
21,28,10
35,285,19
11,23,8
1,0,1
2,1,1
21,81,7
18,72,12
8,11,3
1,0,1
5,1,5
14,19,6
20,70,7
12,36,8
4,0,4
4,4,2
27,198,2
43,198,9
33,222,20
13,20,7
11,17,4
7,5,3
18,57,10
21,63,17
6,15,1
4,4,5
23,125,8
14,20,9
20,96,6
2,0,2
10,36,2
33,165,11
7,2,10
11,15,6
1,0,3
4,1,8
10,9,6
10,9,8
12,20,9
1,0,1
4,0,8
8,4,12
2,0,9
7,8,4
44,283,19
18,120,10
16,37,9
25,87,14
4,3,4
5,6,4
3,1,5
4,1,5
8,10,8
12,7,10
9,7,5
13,17,8
21,59,6
4,3,5
0,0,1
7,7,4
0,0,1
29,181,12
6,2,4
9,18,3
4,1,6
13,37,4
2,1,1
20,45,9
9,36,1
9,36,1
2,1,2
2,1,1
11,10,14
24,133,6
7,1,10
8,4,8
10,7,8
3,0,5
1,0,5
1,0,1
4,3,3
5,1,6
3,3,4
41,266,11
16,22,6
23,73,13
24,147,12
18,26,10
4,1,3
10,16,4
3,1,3
11,45,2
0,0,2
14,61,2
2,0,3
22,95,6
20,83,4
14,37,6
26,211,5
1,0,1
3,1,5
38,138,18
9,4,8
2,0,2
6,2,8
11,45,2
20,45,11
5,10,4
7,15,4
49,228,21
14,28,6
12,11,7
33,148,20
4,1,5
3,1,2
1,0,1
2,0,7
1,0,1
16,32,11
28,104,13
19,58,9
4,0,4
44,281,26
25,104,23
19,81,5
14,49,7
11,55,2
3,0,4
7,2,7
1,0,5
60,476,15
21,52,12
3,1,2
11,9,6
1,0,1
2,1,2
0,0,1
1,0,1
0,0,2
1,0,2
5,1,7
16,20,7
2,1,1
12,13,6
7,2,5
7,10,5
0,0,1
3,0,4
6,3,4
18,57,5
17,47,4
9,28,6
9,16,7
5,0,10
18,53,6
13,10,8
18,40,10
0,0,1
7,10,5
0,0,1
40,269,10
3,1,3
14,47,11
8,18,4
6,6,6
37,349,8
2,0,3
20,34,17
12,13,7
12,66,1
34,194,9
33,111,14
10,6,8
1,0,1
22,83,6
2,1,2
25,101,8
5,1,7
2,0,6
6,4,3
14,58,4
3,1,4
4,1,8
2,0,4
4,1,3
1,0,1
3,0,4
5,2,3
0,0,1
2,0,2
8,21,2
3,1,3
2,0,3
54,410,18
12,7,15
5,1,5
0,0,1
8,23,7
12,17,5
7,2,5
27,96,11
5,3,4
31,224,12
3,1,2
8,2,9
2,0,3
4,1,4
4,1,4
29,74,13
15,10,9
1,0,2
48,393,13
55,1155,5
21,171,6
18,28,12
34,145,12
5,3,6
1,0,1
32,138,28
2,0,2
14,33,12
7,0,8
6,6,5
23,62,8
3,0,3
9,19,4
25,67,6
6,4,3
23,159,9
4,3,2
21,67,12
6,6,6
20,172,6
7,6,4
7,4,5
0,0,1
5,3,4
12,12,10
27,87,11
9,21,3
16,24,13
8,3,11
4,3,3
5,3,4
6,4,3
3,0,3
3,1,2
5,2,6
3,1,3
5,1,4
2,0,4
3,0,3
3,0,5
2,0,3
6,1,12
11,27,2
16,38,11
2,0,3
9,2,8
43,164,35
12,24,8
23,23,23
10,36,5
6,5,8
13,37,6
2,1,4
16,53,12
8,7,5
8,28,2
6,7,2
17,68,4
7,9,3
13,30,5
9,14,5
4,0,6
2,0,5
16,98,6
7,7,6
6,3,6
42,329,19
9,7,5
21,87,7
4,0,5
26,108,6
5,6,2
6,6,5
42,189,17
33,135,23
5,2,3
19,120,5
2,0,2
3,0,6
34,214,13
1,0,1
12,23,5
11,37,3
1,0,1
4,1,4
5,3,5
9,12,5
4,1,3
3,0,5
21,72,6
26,89,11
23,87,8
7,3,8
2,0,3
1,0,2
14,11,13
7,4,9
9,18,3
8,15,3
7,15,2
8,5,4
1,0,1
4,3,2
7,4,5
11,36,3
5,1,5
24,80,10
28,33,24
3,3,1
20,95,7
7,4,5
1,0,2
14,40,13
12,39,2
48,343,8
33,310,14
4,2,4
6,3,4
24,146,8
2,1,2
2,0,4
7,6,4
0,0,1
12,66,1
30,142,8
2,0,2
11,12,7
1,0,4
5,4,2
5,1,6
2,0,2
9,21,6
40,358,11
3,3,1
4,2,2
11,55,4
1,0,4
29,209,7
2,0,4
4,1,5
1,0,2
3,1,2
14,13,7
25,61,13
5,1,6
12,15,7
4,0,5
5,3,7
37,364,9
4,1,3
18,30,19
27,124,9
2,0,2
1,0,2
2,1,1
28,116,12
1,0,3
2,0,3
17,26,18
13,19,14
1,0,1
5,3,4
18,35,7
7,5,8
26,97,8
14,40,5
3,3,2
17,84,3
7,4,5
5,3,6
9,16,3
29,91,22
2,1,2
12,14,13
9,2,10
2,0,3
1,0,1
2,0,2
1,0,1
1,0,1
30,303,7
2,0,2
2,1,2
23,33,7
3,1,2
16,47,4
1,0,1
1,0,2
21,125,7
1,0,2
25,106,8
17,91,5
3,0,4
32,144,24
17,105,3
32,130,13
4,0,4
11,10,6
22,121,9
4,6,2
31,104,14
3,0,3
16,17,20
2,0,2
12,21,5
4,3,2
1,0,1
35,335,7
17,28,10
23,105,18
7,9,2
9,11,10
0,0,1
1,0,3
31,106,13
7,2,5
9,28,2
2,0,3
22,39,10
1,0,2
9,15,7
4,1,4
2,0,3
4,6,2
3,3,1
1,0,1
32,329,5
5,6,2
9,16,2
1,0,3
3,0,3
5,2,4
0,0,1
12,45,3
6,2,6
13,55,3
0,0,2
8,4,14
7,6,3
5,4,3
4,3,3
30,133,12
2,0,3
1,0,2
1,0,6
12,8,11
30,125,15
9,3,9
45,353,10
9,8,4
3,1,2
5,1,4
9,15,4
4,6,2
9,2,8
15,25,6
9,16,7
0,0,1
8,8,6
0,0,2
17,61,3
30,73,10
28,325,7
5,0,7
3,3,1
0,0,1
14,58,7
6,15,2
23,110,7
4,0,4
17,58,6
3,1,4
1,0,1
25,70,7
1,0,2
1,0,1
3,0,3
2,1,1
4,1,3
2,0,3
8,28,2
16,78,5
0,0,1
6,10,4
6,4,8
1,0,1
26,300,2
5,1,7
15,47,8
8,3,9
8,3,9
31,133,9
10,22,3
39,342,8
0,0,1
2,0,2
20,112,5
4,1,3
2,0,5
7,6,4
8,2,6
10,28,3
3,1,3
5,4,3
28,231,7
2,0,4
7,6,7
10,18,11
3,0,3
4,3,2
8,9,4
5,3,3
9,16,3
30,315,3
27,121,5
5,2,6
7,7,7
4,0,4
8,16,4
1,0,1
14,46,4
3,0,9
21,67,8
24,85,8
17,51,10
16,79,4
6,7,4
9,1,11
12,23,7
2,1,2
1,0,2
2,0,2
11,11,8
9,8,4
0,0,2
13,78,1
6,0,7
11,25,4
10,18,4
1,0,1
8,4,9
19,67,7
2,1,1
2,0,2
27,165,4
25,300,1
0,0,1
4,1,3
7,1,6
9,2,9
16,78,4
4,0,5
8,6,6
7,21,2
31,95,13
1,0,1
28,325,6
1,0,1
2,0,4
7,4,5
5,3,3
2,0,3
4,6,2
8,21,4
7,15,3
0,0,2
3,1,2
9,22,2
23,75,5
19,42,18
8,13,3
9,7,6
4,3,2
10,16,4
2,1,1
1,0,1
2,0,4
1,0,1
2,0,2
4,2,2
1,0,3
16,19,16
2,0,2
11,38,3
4,1,6
6,5,4
3,1,2
2,0,4
1,0,1
19,109,4
5,3,4
5,6,3
5,1,5
19,38,11
1,0,2
0,0,1
7,15,5
5,1,5
4,6,1
2,1,3
4,2,5
2,1,1
11,29,3
17,66,6
2,1,2
4,0,4
1,0,2
2,0,3
35,333,9
2,1,1
3,1,3
3,1,3
2,0,2
22,117,13
1,0,3
2,1,1
5,6,2
10,11,5
22,119,5
3,3,3
4,6,1
4,2,6
5,1,5
7,15,2
2,1,2
6,3,4
4,0,6
5,2,3
2,0,4
3,1,2
4,3,3
3,3,1
2,0,2
5,2,4
4,1,3
8,9,7
5,10,1
8,7,7
3,1,2
1,0,2
1,0,2
5,3,4
4,3,2
12,45,7
37,226,9
9,22,3
35,136,12
3,0,3
1,0,1
37,192,8
2,0,2
32,154,15
2,1,1
2,0,2
1,0,2
19,53,9
12,45,3
1,0,1
8,2,17
5,2,5
1,0,1
9,28,2
10,13,5
5,3,3
1,0,3
7,2,6
4,2,4
4,1,5
11,12,13
3,1,8
13,45,5
11,7,7
11,37,4
6,2,5
5,3,3
6,1,6
22,90,8
2,1,3
6,1,5
2,0,3
3,3,1
9,18,3
4,1,3
0,0,2
2,0,3
2,0,2
5,3,6
1,0,1
2,1,3
2,1,1
1,0,1
1,0,2
1,0,1
30,325,6
1,0,1
12,24,4
18,76,2
2,0,3
1,0,2
10,13,6
2,1,1
1,0,1
1,0,3
1,0,1
2,0,3
13,45,4
4,1,3
1,0,2
22,101,7
17,94,3
41,216,5
20,96,7
1,0,2
10,29,2
4,0,5
0,0,2
3,3,3
21,64,7
8,7,5
3,3,1
17,45,13
1,0,2
3,1,4
3,0,4
4,1,4
6,6,5
12,36,5
1,0,1
16,49,4
3,0,5
1,0,1
3,0,3
2,0,4
9,28,3
3,3,2
0,0,3
1,0,1
6,7,3
3,0,3
1,0,2
3,1,2
33,146,5
2,1,1
11,23,5
6,2,4
1,0,1
11,45,3
3,1,4
1,0,1
3,1,3
3,3,1
5,6,3
1,0,1
8,10,4
3,1,3
3,1,2
3,3,3
5,6,3
1,0,5
0,0,2
1,0,2
8,11,5
2,1,4
15,61,4
2,0,4
6,10,2
6,3,5
5,3,3
4,4,3
1,0,1
4,3,3
2,1,1
2,1,2
1,0,2
6,3,3
0,0,1
14,32,3
7,21,1
4,6,2
10,5,7
8,5,6
4,1,5
2,1,2
0,0,1
0,0,1
6,3,5
3,1,2
2,1,1
22,100,5
1,0,2
4,2,3
5,3,5
15,23,5
3,3,1
3,3,2
3,1,4
0,0,1
0,0,1
1,0,1
3,1,3
3,3,2
8,11,3
3,0,3
9,16,4
6,11,4
4,3,2
0,0,1
3,0,3
1,0,2
9,16,3
1,0,1
1,0,2
10,22,7
2,1,1
15,38,5
3,1,3
3,1,4
2,0,2
2,0,2
3,1,2
0,0,1
10,24,4
14,69,2
9,21,4
7,11,3
1,0,1
4,6,1
4,3,2
13,14,5
23,142,6
4,6,1
2,1,3
4,3,5
1,0,2
3,3,2
3,0,4
3,1,2
1,0,1
1,0,1
2,1,1
3,1,3
4,3,4
0,0,1
2,0,2
7,10,4
1,0,2
4,1,4
9,9,4
4,1,3
0,0,1
3,1,2
4,1,3
2,0,3
8,8,3
2,0,2
7,7,4
6,2,4
1,0,2
1,0,2
0,0,1
6,10,2
3,1,2
21,108,10
3,1,4
4,1,8
21,210,1
29,238,2
0,0,1
31,130,11
4,2,4
2,1,2
22,121,8
8,7,5
5,6,2
4,6,1
8,12,3
7,7,3
32,134,10
1,0,2
4,3,2
5,3,4
1,0,1
6,4,6
8,28,1
8,28,1
8,28,1
4,1,4
1,0,1
2,1,1
7,5,3
4,3,4
0,0,1
2,1,1
14,51,5
1,0,1
1,0,1
6,4,3
2,1,3
4,1,3
5,3,3
1,0,1
3,1,3
10,28,3
1,0,1
2,0,2
9,28,3
2,1,2
4,3,3
7,8,9
3,3,1
0,0,1
5,3,3
4,3,2
2,1,2
2,1,1
5,4,2
3,1,2
2,1,2
7,21,1
17,66,4
11,27,2
1,0,4
4,6,1
4,6,1
9,36,2
5,2,4
5,1,4
2,1,1
2,0,2
0,0,1
3,3,2
4,6,1
1,0,1
2,0,2
1,0,2
2,1,1
0,0,1
7,15,2
6,2,4
5,2,3
6,4,6
2,1,1
10,8,6
4,3,2
1,0,1
3,0,3
1,0,3
1,0,1
1,0,1
6,6,4
6,7,2
6,7,3
6,5,7
0,0,1
0,0,1
16,79,3
20,93,3
18,82,4
1,0,2
2,0,2
1,0,3
4,0,5
0,0,2
14,41,5
2,1,1
2,1,2
2,1,1
4,1,4
6,7,2
2,1,1
3,1,4
4,0,5
4,1,3
5,6,2
0,0,1
2,1,1
2,1,1
9,18,3
4,3,2
6,10,6
4,6,1
14,51,8
5,6,4
4,1,3
0,0,1
8,16,2
7,9,3
1,0,1
0,0,1
1,0,2
21,112,6
6,1,5
1,0,1
0,0,1
1,0,2
1,0,1
1,0,1
1,0,2
1,0,2
14,67,4
0,0,2
4,2,2
3,1,2
20,111,4
9,6,10
6,5,3
6,7,2
1,0,2
2,1,1
3,1,3
0,0,2
3,3,1
3,3,1
3,3,1
3,1,4
3,3,4
2,0,2
2,0,3
4,3,2
4,0,5
5,3,4
2,1,1
2,1,1
4,3,3
1,0,1
2,1,3
2,1,3
12,55,3
2,0,2
6,4,3
2,0,3
1,0,1
5,2,4
4,6,1
4,6,1
1,0,2
28,94,5
7,7,3
4,6,1
0,0,1
3,3,1
0,0,2
3,3,2
2,1,1
4,2,3
5,10,1
5,10,2
0,0,1
3,1,2
1,0,1
18,94,4
2,1,3
4,6,1
2,0,3
2,0,3
8,15,4
3,1,2
3,1,2
1,0,1
4,1,3
15,91,2
1,0,1
1,0,1
1,0,1
2,1,2
6,7,2
22,121,5
1,0,2
4,1,3
2,1,1
4,3,2
4,3,2
10,16,4
0,0,1
7,15,2
2,0,2
0,0,1
2,0,3
1,0,1
0,0,2
2,0,2
8,6,5
3,3,1
1,0,1
3,1,3
3,3,1
5,3,7
0,0,2
1,0,2
11,46,3
11,46,3
11,55,1
0,0,1
9,10,4
6,7,4
2,1,2
2,1,1
2,0,10
0,0,1
9,28,10
2,0,2
1,0,2
2,0,2
2,0,3
8,7,7
1,0,1
18,97,3
3,1,3
2,1,3
1,0,1
11,55,1
1,0,1
3,3,2
4,3,3
2,1,2
3,3,1
0,0,1
2,0,2
8,10,8
2,0,2
4,1,4
12,19,7
1,0,1
4,3,2
8,28,1
1,0,1
2,1,1
4,1,3
6,10,2
3,1,2
4,1,5
0,0,1
2,0,2
1,0,3
2,0,2
2,1,1
2,1,1
16,30,7
2,0,2
0,0,1
1,0,2
2,0,2
2,0,3
8,9,3
6,4,5
3,1,3
3,1,2
3,1,3
5,4,3
2,0,2
3,1,2
0,0,1
16,39,5
5,4,2
4,6,1
2,1,3
4,6,1
1,0,2
3,0,6
1,0,1
4,1,6
18,97,3
14,91,1
17,94,2
17,97,2
18,97,3
15,92,2
2,0,3
1,0,1
1,0,1
0,0,1
12,66,1
12,66,1
3,1,4
5,2,6
2,0,2
2,1,1
1,0,1
8,13,2
2,1,1
4,3,3
1,0,1
0,0,1
3,0,11
2,0,2
13,15,5
3,1,2
4,3,2
16,39,8
7,6,4
3,3,1
2,0,6
1,0,2
3,3,1
2,1,2
13,56,4
4,3,3
2,1,1
0,0,1
9,16,3
1,0,1
3,1,2
2,0,3
1,0,1
1,0,2
1,0,1
3,3,1
3,3,1
2,1,2
7,9,2
1,0,1
1,0,1
2,0,2
2,0,2
1,0,1
2,1,1
9,28,2
11,23,4
5,4,3
3,1,2
4,3,2
1,0,2
1,0,1
2,1,1
6,6,5
0,0,1
1,0,1
2,1,1
1,0,1
17,41,7
1,0,1
13,66,3
11,37,2
1,0,1
5,6,2
3,3,1
3,3,1
0,0,2
3,3,1
2,0,11
7,15,3
1,0,1
1,0,1
6,6,3
2,0,2
4,3,3
9,28,2
3,0,4
7,7,6
5,10,1
9,13,3
5,10,1
1,0,1
2,0,2
5,10,1
6,10,2
7,11,2
6,4,3
2,0,2
4,3,2
1,0,1
1,0,1
0,0,1
3,1,2
12,25,4
1,0,2
1,0,1
1,0,1
1,0,1
0,0,1
2,1,2
0,0,1
1,0,4
5,3,3
0,0,1
0,0,1
0,0,1
1,0,1
3,3,1
3,3,2
2,0,3
2,0,3
1,0,2
0,0,1
0,0,1
6,6,4
5,4,2
6,6,2
0,0,1
16,106,3
4,3,4
5,3,3
0,0,1
5,6,2
1,0,1
0,0,2
1,0,1
1,0,2
14,37,3
8,16,4
1,0,1
1,0,2
4,1,3
15,105,2
0,0,1
3,2,4
3,2,4
4,0,4
11,37,2
9,36,1
1,0,1
1,0,1
2,0,2
2,1,1
0,0,1
1,0,1
4,6,1
5,7,2
0,0,1
12,34,3
2,1,1
1,0,3
2,1,1
8,4,6
3,3,2
1,0,1
3,1,3
0,0,1
0,0,1
2,1,1
1,0,1
0,0,1
0,0,1
4,6,1
3,1,2
1,0,2
0,0,1
1,0,2
1,0,1
2,0,2
1,0,2
1,0,1
0,0,1
3,0,3
5,6,2
0,0,1
0,0,1
1,0,1
0,0,2
0,0,1
0,0,1
2,0,2
1,0,1
1,0,1
7,9,2
4,6,1
3,3,1
7,6,3
5,10,1
5,10,1
5,10,1
1,0,1
1,0,1
1,0,1
1,0,1
3,1,4
1,0,2
1,0,1
4,3,2
1,0,1
1,0,1
3,3,2
4,3,2
2,0,3
0,0,2
4,3,2
2,1,1
4,1,3
1,0,1
5,1,4
1,0,1
1,0,2
3,3,1
9,18,2
5,4,3
1,0,1
1,0,1
1,0,1
9,28,3
1,0,2
2,1,1
2,1,1
2,1,1
0,0,1
4,4,2
4,4,2
1,0,1
1,0,1
17,111,5
1,0,1
0,0,1
3,3,1
6,4,3
0,0,1
3,1,2
2,0,4
2,1,2
4,1,3
1,0,1
5,3,3
11,55,2
12,55,3
2,0,2
5,4,4
0,0,1
15,105,3
2,0,2
1,0,1
7,9,3
3,1,2
1,0,1
1,0,1
1,0,2
10,36,5
1,0,1
4,2,4
1,0,1
1,0,2
1,0,2
2,1,2
1,0,1
4,6,2
0,0,1
1,0,1
1,0,1
2,0,2
1,0,1
1,0,1
1,0,1
0,0,1
2,1,1
10,36,5
4,3,2
3,3,1
4,3,2
1,0,1
1,0,1
4,6,4
1,0,1
8,28,3
10,28,3
2,1,1
2,0,2
1,0,2
4,3,4
0,0,1
1,0,1
3,3,1
1,0,1
5,4,2
2,0,2
0,0,1
0,0,1
1,0,1
2,0,2
2,0,2
2,1,1
2,1,2
2,1,2
1,0,2
1,0,1
1,0,2
3,1,2
8,28,3
1,0,1
1,0,1
2,1,1
2,1,1
3,3,2
1,0,1
3,3,1
1,0,2
1,0,1
0,0,1
2,1,1
0,0,1
1,0,1
1,0,1
0,0,1
4,6,1
4,3,2
4,3,2
1,0,1
1,0,2
12,66,2
16,72,2
1,0,1
1,0,1
16,105,4
1,0,1
10,36,4
1,0,2
1,0,2
10,29,2
8,28,1
2,1,1
3,1,2
1,0,1
1,0,1
1,0,1
0,0,1
8,28,2
4,6,1
4,6,1
4,6,1
1,0,1
1,0,1
2,1,1
2,0,2
1,0,1
2,1,1
2,1,1
1,0,1
1,0,1
1,0,2
1,0,1
17,110,2
1,0,1
3,3,1
0,0,1
4,6,1
4,6,1
1,0,1
1,0,1
1,0,1
1,0,1
7,15,2
6,15,1
6,15,1
2,1,1
3,1,2
1,0,1
0,0,1
2,0,2
1,0,1
0,0,1
1,0,1
1,0,1
5,4,2
2,0,2
1,0,1
1,0,1
0,0,1
1,0,1
1,0,2
1,0,1
3,3,1
12,55,2
11,55,1
11,55,3
1,0,2
0,0,1
2,1,1
6,15,2
1,0,1
2,1,2
2,1,1
2,1,3
0,0,1
0,0,1
16,106,2
0,0,1
2,0,2
2,0,2
0,0,1
1,0,1
1,0,1
1,0,1
1,0,1
1,0,1
1,0,1
0,0,1
4,4,3
15,105,1
0,0,1
0,0,1
1,0,1
0,0,1
1,0,1
0,0,1
1,0,1
1,0,1
1,0,1
1,0,1
1,0,1
6,7,2
2,1,2
1,0,1
0,0,1
1,0,2
10,45,3
1,0,1
1,0,1
1,0,1
0,0,1
1,0,1
1,0,1
1,0,1
0,0,1
1,0,1
3,3,1
0,0,2
1,0,1
2,1,1
2,1,1
0,0,1
3,3,1
1,0,1
1,0,1
1,0,1
0,0,1
8,13,2
3,3,1
0,0,1
8,22,2
8,22,2
1,0,1
7,21,1
1,0,1
2,1,1
2,1,1
1,0,1
0,0,1
1,0,1
1,0,2
0,0,1
0,0,1
0,0,1
1,0,1
1,0,1
2,1,1
2,1,1
3,3,1
2,1,1
2,1,1
3,3,1
1,0,1
1,0,1
1,0,1
0,0,1
1,0,1
1,0,3
0,0,1
1,0,1
4,6,1
1,0,1
1,0,1
2,1,1
1,0,1
1,0,2
0,0,1
1,0,2
4,6,1
1,0,1
1,0,1
2,1,2
1,0,1
2,1,1
0,0,1
0,0,1
1,0,1
0,0,1
0,0,1
0,0,1
3,3,1
1,0,1
1,0,1
0,0,1
1,0,1
0,0,1
2,1,1
2,1,1
2,1,1
0,0,1
0,0,1
0,0,1
1,0,1
5,10,1
5,10,1
0,0,1
2,1,1
2,1,1
0,0,1
2,1,1
1,0,1
0,0,1
1,0,1
4,6,1
4,6,1
4,6,1
0,0,1
2,1,1
0,0,1
3,3,1
0,0,1
0,0,1
0,0,1
1,0,1
1,0,1
3,3,1
3,3,1
3,3,1
2,1,1
2,1,1
0,0,1
3,3,1
2,1,1
3,3,1
3,3,1
1,0,1
0,0,1
5,10,1
5,10,1
1,0,1
1,0,1
1,0,1
1,0,1
1,0,1
0,0,1
1,0,1
1,0,1
2,1,1
1,0,1
1,0,1
5,10,1
5,10,1
5,10,1
5,10,1
1,0,1
1,0,1
0,0,1
1,0,1
1,0,1
4,6,1
4,6,1
4,6,1
2,1,1
0,0,1
1,0,1
1,0,1
1,0,1
1,0,1
0,0,1
2,1,1
0,0,0
0,0,0
0,0,0
0,0,0
0,0,0
0,0,0
0,0,0
0,0,0
0,0,0
0,0,0
0,0,0
0,0,0
0,0,0
0,0,0
0,0,0
0,0,0
0,0,0
0,0,0
0,0,0
0,0,0
0,0,0
0,0,0
0,0,0
0,0,0
0,0,0
0,0,0
0,0,0
0,0,0
0,0,0
0,0,0
0,0,0
0,0,0
0,0,0
0,0,0
0,0,0
0,0,0
0,0,0
0,0,0
0,0,0
0,0,0
0,0,0
0,0,0
0,0,0
0,0,0
0,0,0
0,0,0
0,0,0
0,0,0
0,0,0
0,0,0
0,0,0
0,0,0
0,0,0
0,0,0
0,0,0
0,0,0
0,0,0
0,0,0
0,0,0
0,0,0
0,0,0
0,0,0
0,0,0
0,0,0
0,0,0
0,0,0
0,0,0
0,0,0
0,0,0
0,0,0
0,0,0
0,0,0
0,0,0
0,0,0
0,0,0
0,0,0
0,0,0
0,0,0
0,0,0
0,0,0
0,0,0
0,0,0
0,0,0
0,0,0
0,0,0
0,0,0
0,0,0
0,0,0
0,0,0
0,0,0
0,0,0
0,0,0
0,0,0
0,0,0
0,0,0
0,0,0
0,0,0
0,0,0
0,0,0
0,0,0
0,0,0
0,0,0
0,0,0
0,0,0
0,0,0
0,0,0
0,0,0
0,0,0
0,0,0
0,0,0
0,0,0
0,0,0
0,0,0
0,0,0
0,0,0
0,0,0
0,0,0
0,0,0
0,0,0
0,0,0
0,0,0
0,0,0
0,0,0
0,0,0
0,0,0
0,0,0
0,0,0
0,0,0
0,0,0
0,0,0
0,0,0
0,0,0
0,0,0
0,0,0
0,0,0
0,0,0
0,0,0
0,0,0
0,0,0
0,0,0
0,0,0
0,0,0
0,0,0
0,0,0
0,0,0
0,0,0
0,0,0
0,0,0
0,0,0
0,0,0
0,0,0
0,0,0
0,0,0
0,0,0
0,0,0
0,0,0
0,0,0
0,0,0
0,0,0
0,0,0
0,0,0
0,0,0
0,0,0
0,0,0
0,0,0
0,0,0
0,0,0
0,0,0
0,0,0
0,0,0
0,0,0
0,0,0
0,0,0
0,0,0
0,0,0
0,0,0
0,0,0
0,0,0
0,0,0
0,0,0
0,0,0
0,0,0
0,0,0
0,0,0
0,0,0
0,0,0
0,0,0
0,0,0
0,0,0
0,0,0
0,0,0
0,0,0
0,0,0
0,0,0
0,0,0
0,0,0
0,0,0
0,0,0
0,0,0
0,0,0
0,0,0
0,0,0
0,0,0
0,0,0
0,0,0
0,0,0
0,0,0
0,0,0
0,0,0
0,0,0
0,0,0
0,0,0
0,0,0
0,0,0
0,0,0
0,0,0
0,0,0
0,0,0
0,0,0
0,0,0
0,0,0
0,0,0
0,0,0
0,0,0
0,0,0
0,0,0
0,0,0
0,0,0
0,0,0
0,0,0
0,0,0
0,0,0
0,0,0
0,0,0
0,0,0
0,0,0
0,0,0
0,0,0
0,0,0
0,0,0
0,0,0
0,0,0
0,0,0
0,0,0
0,0,0
0,0,0
0,0,0
0,0,0
0,0,0
0,0,0
0,0,0
0,0,0
0,0,0
0,0,0
0,0,0
0,0,0
0,0,0
0,0,0
0,0,0
0,0,0
0,0,0
0,0,0
0,0,0
0,0,0
0,0,0
0,0,0
0,0,0
0,0,0
0,0,0
0,0,0
0,0,0
0,0,0
0,0,0
0,0,0
0,0,0
0,0,0
0,0,0
0,0,0
0,0,0
0,0,0
0,0,0
0,0,0
0,0,0
0,0,0
0,0,0
0,0,0
0,0,0
0,0,0
0,0,0
0,0,0
0,0,0
0,0,0
0,0,0
0,0,0
0,0,0
0,0,0
0,0,0
0,0,0
0,0,0
0,0,0
0,0,0
0,0,0
0,0,0
0,0,0
0,0,0
0,0,0
0,0,0
0,0,0
0,0,0
0,0,0
0,0,0
0,0,0
0,0,0
0,0,0
0,0,0
0,0,0
0,0,0
0,0,0
0,0,0
0,0,0
0,0,0
0,0,0
0,0,0
0,0,0
0,0,0
0,0,0
0,0,0
0,0,0
0,0,0
0,0,0
0,0,0
0,0,0
0,0,0
0,0,0
0,0,0
0,0,0
0,0,0
0,0,0
0,0,0
0,0,0
0,0,0
0,0,0
0,0,0
0,0,0
0,0,0
0,0,0
0,0,0
0,0,0
0,0,0
0,0,0
0,0,0
0,0,0
0,0,0
0,0,0
0,0,0
0,0,0
0,0,0
0,0,0
0,0,0
0,0,0
0,0,0
0,0,0
0,0,0
0,0,0
0,0,0
0,0,0
0,0,0
0,0,0
0,0,0
0,0,0
0,0,0
0,0,0
0,0,0
0,0,0
0,0,0
0,0,0
0,0,0
0,0,0
0,0,0
0,0,0
0,0,0
0,0,0
0,0,0
0,0,0
0,0,0
0,0,0
0,0,0
0,0,0
0,0,0
0,0,0
0,0,0
0,0,0
0,0,0
0,0,0
0,0,0
0,0,0
0,0,0
0,0,0
0,0,0
0,0,0
0,0,0
0,0,0
0,0,0
0,0,0
0,0,0
0,0,0
0,0,0
0,0,0
0,0,0
0,0,0
0,0,0
0,0,0
0,0,0
0,0,0
0,0,0
0,0,0
0,0,0
0,0,0
0,0,0
0,0,0
0,0,0
0,0,0
0,0,0
0,0,0
0,0,0
0,0,0
0,0,0
0,0,0
0,0,0
0,0,0
0,0,0
0,0,0
0,0,0
0,0,0
0,0,0
0,0,0
0,0,0
0,0,0
0,0,0
0,0,0
0,0,0
0,0,0
0,0,0
0,0,0
0,0,0
0,0,0
0,0,0
0,0,0
0,0,0
0,0,0
0,0,0
0,0,0
0,0,0
0,0,0
0,0,0
0,0,0
0,0,0
0,0,0
0,0,0
0,0,0
0,0,0
0,0,0
0,0,0
0,0,0
0,0,0
0,0,0
0,0,0
0,0,0
0,0,0
0,0,0
0,0,0
0,0,0
0,0,0
0,0,0
0,0,0
0,0,0
0,0,0
0,0,0
0,0,0
0,0,0
0,0,0
0,0,0
0,0,0
0,0,0
0,0,0
0,0,0
0,0,0
0,0,0
0,0,0
0,0,0
0,0,0
0,0,0
0,0,0
0,0,0
0,0,0
0,0,0
0,0,0
0,0,0
0,0,0
0,0,0
0,0,0
0,0,0
0,0,0
0,0,0
0,0,0
0,0,0
0,0,0
0,0,0
0,0,0
0,0,0
0,0,0
0,0,0
0,0,0
0,0,0
0,0,0
0,0,0
0,0,0
0,0,0
0,0,0
0,0,0
0,0,0
0,0,0
0,0,0
0,0,0
0,0,0
0,0,0
0,0,0
0,0,0
0,0,0
0,0,0
0,0,0
0,0,0
0,0,0
0,0,0
0,0,0
0,0,0
0,0,0
0,0,0
0,0,0
0,0,0
0,0,0
0,0,0
0,0,0
0,0,0
0,0,0
0,0,0
0,0,0
0,0,0
0,0,0
0,0,0
0,0,0
0,0,0
0,0,0
0,0,0
0,0,0
0,0,0
0,0,0
0,0,0
0,0,0
0,0,0
0,0,0
0,0,0
0,0,0
0,0,0
0,0,0
0,0,0
0,0,0
0,0,0
0,0,0
0,0,0
0,0,0
0,0,0
0,0,0
0,0,0
0,0,0
0,0,0
0,0,0
0,0,0
0,0,0
0,0,0
0,0,0
0,0,0
0,0,0
0,0,0
0,0,0
0,0,0
0,0,0
0,0,0
0,0,0
0,0,0
0,0,0
0,0,0
0,0,0
0,0,0
0,0,0
0,0,0
0,0,0
0,0,0
0,0,0
0,0,0
0,0,0
0,0,0
0,0,0
0,0,0
0,0,0
0,0,0
0,0,0
0,0,0
0,0,0
0,0,0
0,0,0
0,0,0
0,0,0
0,0,0
0,0,0
0,0,0
0,0,0
0,0,0
0,0,0
0,0,0
0,0,0
0,0,0
0,0,0
0,0,0
0,0,0
0,0,0
0,0,0
0,0,0
0,0,0
0,0,0
0,0,0
0,0,0
0,0,0
0,0,0
0,0,0
0,0,0
0,0,0
0,0,0
0,0,0
0,0,0
0,0,0
0,0,0
0,0,0
0,0,0
0,0,0
0,0,0
0,0,0
0,0,0
0,0,0
0,0,0
0,0,0
0,0,0
0,0,0
0,0,0
0,0,0
0,0,0
0,0,0
0,0,0
0,0,0
0,0,0
0,0,0
0,0,0
0,0,0
0,0,0
0,0,0
0,0,0
0,0,0
0,0,0
0,0,0
0,0,0
0,0,0
0,0,0
0,0,0
0,0,0
0,0,0
0,0,0
0,0,0
0,0,0
0,0,0
0,0,0
0,0,0
0,0,0
0,0,0
0,0,0
0,0,0
0,0,0
0,0,0
0,0,0
0,0,0
0,0,0
0,0,0
0,0,0
0,0,0
0,0,0
0,0,0
0,0,0
0,0,0
0,0,0
0,0,0
0,0,0
0,0,0
0,0,0
0,0,0
0,0,0
0,0,0
0,0,0
0,0,0
0,0,0
0,0,0
0,0,0
0,0,0
0,0,0
0,0,0
0,0,0
0,0,0
0,0,0
0,0,0
0,0,0
0,0,0
0,0,0
0,0,0
0,0,0
0,0,0
0,0,0
0,0,0
0,0,0
0,0,0
0,0,0
0,0,0
0,0,0
0,0,0
0,0,0
0,0,0
0,0,0
0,0,0
0,0,0
0,0,0
0,0,0
0,0,0
0,0,0
0,0,0
0,0,0
0,0,0
0,0,0
0,0,0
0,0,0
0,0,0
0,0,0
0,0,0
0,0,0
0,0,0
0,0,0
0,0,0
0,0,0
0,0,0
0,0,0
0,0,0
0,0,0
0,0,0
0,0,0
0,0,0
0,0,0
0,0,0
0,0,0
0,0,0
0,0,0
0,0,0
0,0,0
0,0,0
0,0,0
0,0,0
0,0,0
0,0,0
0,0,0
0,0,0
0,0,0
0,0,0
0,0,0
0,0,0
0,0,0
0,0,0
0,0,0
0,0,0
0,0,0
0,0,0
0,0,0
0,0,0
0,0,0
0,0,0
0,0,0
0,0,0
0,0,0
0,0,0
0,0,0
0,0,0
0,0,0
0,0,0
0,0,0
0,0,0
0,0,0
0,0,0
0,0,0
0,0,0
0,0,0
0,0,0
0,0,0
0,0,0
0,0,0
0,0,0
0,0,0
0,0,0
0,0,0
0,0,0
0,0,0
0,0,0
0,0,0
0,0,0
0,0,0
0,0,0
0,0,0
0,0,0
0,0,0
0,0,0
0,0,0
0,0,0
0,0,0
0,0,0
0,0,0
0,0,0
0,0,0
0,0,0
0,0,0
0,0,0
0,0,0
0,0,0
0,0,0
0,0,0
0,0,0
0,0,0
0,0,0
0,0,0
0,0,0
0,0,0
0,0,0
0,0,0
0,0,0
0,0,0
0,0,0
0,0,0
0,0,0
0,0,0
0,0,0
0,0,0
0,0,0
0,0,0
0,0,0
0,0,0
0,0,0
0,0,0
0,0,0
0,0,0
0,0,0
0,0,0
0,0,0
0,0,0
0,0,0
0,0,0
0,0,0
0,0,0
0,0,0
0,0,0
0,0,0
0,0,0
0,0,0
0,0,0
0,0,0
0,0,0
0,0,0
0,0,0
0,0,0
0,0,0
0,0,0
0,0,0
0,0,0
0,0,0
0,0,0
0,0,0
0,0,0
0,0,0
0,0,0
0,0,0
0,0,0
0,0,0
0,0,0
0,0,0
0,0,0
0,0,0
0,0,0
0,0,0
0,0,0
0,0,0
0,0,0
0,0,0
0,0,0
0,0,0
0,0,0
0,0,0
0,0,0
0,0,0
0,0,0
0,0,0
0,0,0
0,0,0
0,0,0
0,0,0
0,0,0
0,0,0
0,0,0
0,0,0
0,0,0
0,0,0
0,0,0
0,0,0
0,0,0
0,0,0
0,0,0
0,0,0
0,0,0
0,0,0
0,0,0
0,0,0
0,0,0
0,0,0
0,0,0
0,0,0
0,0,0
0,0,0
0,0,0
0,0,0
0,0,0
0,0,0
0,0,0
0,0,0
0,0,0
0,0,0
0,0,0
0,0,0
0,0,0
0,0,0
0,0,0
0,0,0
0,0,0
0,0,0
0,0,0
0,0,0
0,0,0
0,0,0
0,0,0
0,0,0
0,0,0
0,0,0
0,0,0
0,0,0
0,0,0
0,0,0
0,0,0
0,0,0
0,0,0
0,0,0
0,0,0
0,0,0
0,0,0
0,0,0
0,0,0
0,0,0
0,0,0
0,0,0
0,0,0
0,0,0
0,0,0
0,0,0
0,0,0
0,0,0
0,0,0
0,0,0
0,0,0
0,0,0
0,0,0
0,0,0
0,0,0
0,0,0
0,0,0
0,0,0
0,0,0
0,0,0
0,0,0
0,0,0
0,0,0
0,0,0
0,0,0
0,0,0
0,0,0
0,0,0
0,0,0
0,0,0
0,0,0
0,0,0
0,0,0
0,0,0
0,0,0
0,0,0
0,0,0
0,0,0
0,0,0
0,0,0
0,0,0
0,0,0
0,0,0
0,0,0
0,0,0
0,0,0
0,0,0
0,0,0
0,0,0
0,0,0
0,0,0
0,0,0
0,0,0
0,0,0
0,0,0
0,0,0
0,0,0
0,0,0
0,0,0
0,0,0
0,0,0
0,0,0
0,0,0
0,0,0
0,0,0
0,0,0
0,0,0
0,0,0
0,0,0
0,0,0
0,0,0
0,0,0
0,0,0
0,0,0
0,0,0
0,0,0
0,0,0
0,0,0
0,0,0
0,0,0
0,0,0
0,0,0
0,0,0
0,0,0
0,0,0
0,0,0
0,0,0
0,0,0
0,0,0
0,0,0
0,0,0
0,0,0
0,0,0
0,0,0
0,0,0
0,0,0
0,0,0
0,0,0
0,0,0
0,0,0
0,0,0
0,0,0
0,0,0
0,0,0
0,0,0
0,0,0
0,0,0
0,0,0
0,0,0
0,0,0
0,0,0
0,0,0
0,0,0
0,0,0
0,0,0
0,0,0
0,0,0
0,0,0
0,0,0
0,0,0
0,0,0
0,0,0
0,0,0
0,0,0
0,0,0
0,0,0
0,0,0
0,0,0
0,0,0
0,0,0
0,0,0
0,0,0
0,0,0
0,0,0
0,0,0
0,0,0
0,0,0
0,0,0
0,0,0
0,0,0
0,0,0
0,0,0
0,0,0
0,0,0
0,0,0
0,0,0
0,0,0
0,0,0
0,0,0
0,0,0
0,0,0
0,0,0
0,0,0
0,0,0
0,0,0
0,0,0
0,0,0
0,0,0
0,0,0
0,0,0
0,0,0
0,0,0
0,0,0
0,0,0
0,0,0
0,0,0
0,0,0
0,0,0
0,0,0
0,0,0
0,0,0
0,0,0
0,0,0
0,0,0
0,0,0
0,0,0
0,0,0
0,0,0
0,0,0
0,0,0
0,0,0
0,0,0
0,0,0
0,0,0
0,0,0
0,0,0
0,0,0
0,0,0
0,0,0
0,0,0
0,0,0
0,0,0
0,0,0
0,0,0
0,0,0
0,0,0
0,0,0
0,0,0
0,0,0
0,0,0
0,0,0
0,0,0
0,0,0
0,0,0
0,0,0
0,0,0
0,0,0
0,0,0
0,0,0
0,0,0
0,0,0
0,0,0
0,0,0
0,0,0
0,0,0
0,0,0
0,0,0
0,0,0
0,0,0
0,0,0
0,0,0
0,0,0
0,0,0
0,0,0
0,0,0
0,0,0
0,0,0
0,0,0
0,0,0
0,0,0
0,0,0
0,0,0
0,0,0
0,0,0
0,0,0
0,0,0
0,0,0
0,0,0
0,0,0
0,0,0
0,0,0
0,0,0
0,0,0
0,0,0
0,0,0
0,0,0
0,0,0
0,0,0
0,0,0
0,0,0
0,0,0
0,0,0
0,0,0
0,0,0
0,0,0
0,0,0
0,0,0
0,0,0
0,0,0
0,0,0
0,0,0
0,0,0
0,0,0
0,0,0
0,0,0
0,0,0
0,0,0
0,0,0
0,0,0
0,0,0
0,0,0
0,0,0
0,0,0
0,0,0
0,0,0
0,0,0
0,0,0
0,0,0
0,0,0
0,0,0
0,0,0
0,0,0
0,0,0
0,0,0
0,0,0
0,0,0
0,0,0
0,0,0
0,0,0
0,0,0
0,0,0
0,0,0
0,0,0
0,0,0
0,0,0
0,0,0
0,0,0
0,0,0
0,0,0
0,0,0
0,0,0
0,0,0
0,0,0
0,0,0
0,0,0
0,0,0
0,0,0
0,0,0
0,0,0
0,0,0
0,0,0
0,0,0
0,0,0
0,0,0
0,0,0
0,0,0
0,0,0
0,0,0
0,0,0
0,0,0
0,0,0
0,0,0
0,0,0
0,0,0
0,0,0
0,0,0
0,0,0
0,0,0
0,0,0
0,0,0
0,0,0
0,0,0
0,0,0
0,0,0
0,0,0
0,0,0
0,0,0
0,0,0
0,0,0
0,0,0
0,0,0
0,0,0
0,0,0
0,0,0
0,0,0
0,0,0
0,0,0
0,0,0
0,0,0
0,0,0
0,0,0
0,0,0
0,0,0
0,0,0
0,0,0
0,0,0
0,0,0
0,0,0
0,0,0
0,0,0
0,0,0
0,0,0
0,0,0
0,0,0
0,0,0
0,0,0
0,0,0
0,0,0
0,0,0
0,0,0
0,0,0
0,0,0
0,0,0
0,0,0
0,0,0
0,0,0
0,0,0
0,0,0
0,0,0
0,0,0
0,0,0
0,0,0
0,0,0
0,0,0
0,0,0
0,0,0
0,0,0
0,0,0
0,0,0
0,0,0
0,0,0
0,0,0
0,0,0
0,0,0
0,0,0
0,0,0
0,0,0
0,0,0
0,0,0
0,0,0
0,0,0
0,0,0
0,0,0
0,0,0
0,0,0
0,0,0
0,0,0
0,0,0
0,0,0
0,0,0
0,0,0
0,0,0
0,0,0
0,0,0
0,0,0
0,0,0
0,0,0
0,0,0
0,0,0
0,0,0
0,0,0
0,0,0
0,0,0
0,0,0
0,0,0
0,0,0
0,0,0
0,0,0
0,0,0
0,0,0
0,0,0
0,0,0
0,0,0
0,0,0
0,0,0
0,0,0
0,0,0
0,0,0
0,0,0
0,0,0
0,0,0
0,0,0
0,0,0
0,0,0
0,0,0
0,0,0
0,0,0
0,0,0
0,0,0
0,0,0
0,0,0
0,0,0
0,0,0
0,0,0
0,0,0
0,0,0
0,0,0
0,0,0
0,0,0
0,0,0
0,0,0
0,0,0
0,0,0
0,0,0
0,0,0
0,0,0
0,0,0
0,0,0
0,0,0
0,0,0
0,0,0
0,0,0
0,0,0
0,0,0
0,0,0
0,0,0
0,0,0
0,0,0
0,0,0
0,0,0
0,0,0
0,0,0
0,0,0
0,0,0
0,0,0
0,0,0
0,0,0
0,0,0
0,0,0
0,0,0
0,0,0
0,0,0
0,0,0
0,0,0
0,0,0
0,0,0
0,0,0
0,0,0
0,0,0
0,0,0
0,0,0
0,0,0
0,0,0
0,0,0
0,0,0
0,0,0
0,0,0
0,0,0
0,0,0
0,0,0
0,0,0
0,0,0
0,0,0
0,0,0
0,0,0
0,0,0
0,0,0
0,0,0
0,0,0
0,0,0
0,0,0
0,0,0
0,0,0
0,0,0
0,0,0
0,0,0
0,0,0
0,0,0
0,0,0
0,0,0
0,0,0
0,0,0
0,0,0
0,0,0
0,0,0
0,0,0
0,0,0
0,0,0
0,0,0
0,0,0
0,0,0
0,0,0
0,0,0
0,0,0
0,0,0
0,0,0
0,0,0
0,0,0
0,0,0
0,0,0
0,0,0
0,0,0
0,0,0
0,0,0
0,0,0
0,0,0
0,0,0
0,0,0
0,0,0
0,0,0
0,0,0
0,0,0
0,0,0
0,0,0
0,0,0
0,0,0
0,0,0
0,0,0
0,0,0
0,0,0
0,0,0
0,0,0
0,0,0
0,0,0
0,0,0
0,0,0
0,0,0
0,0,0
0,0,0
0,0,0
0,0,0
0,0,0
0,0,0
0,0,0
0,0,0
0,0,0
0,0,0
0,0,0
0,0,0
0,0,0
0,0,0
0,0,0
0,0,0
0,0,0
0,0,0
0,0,0
0,0,0
0,0,0
0,0,0
0,0,0
0,0,0
0,0,0
0,0,0
0,0,0
0,0,0
0,0,0
0,0,0
0,0,0
0,0,0
0,0,0
0,0,0
0,0,0
0,0,0
0,0,0
0,0,0
0,0,0
0,0,0
0,0,0
0,0,0
0,0,0
0,0,0
0,0,0
0,0,0
0,0,0
0,0,0
0,0,0
0,0,0
0,0,0
0,0,0
0,0,0
0,0,0
0,0,0
0,0,0
0,0,0
0,0,0
0,0,0
0,0,0
0,0,0
0,0,0
0,0,0
0,0,0
0,0,0
0,0,0
0,0,0
0,0,0
0,0,0
0,0,0
0,0,0
0,0,0
0,0,0
0,0,0
0,0,0
0,0,0
0,0,0
0,0,0
0,0,0
0,0,0
0,0,0
0,0,0
0,0,0
0,0,0
0,0,0
0,0,0
0,0,0
0,0,0
0,0,0
0,0,0
0,0,0
0,0,0
0,0,0
0,0,0
0,0,0
0,0,0
0,0,0
0,0,0
0,0,0
0,0,0
0,0,0
0,0,0
0,0,0
0,0,0
0,0,0
0,0,0
0,0,0
0,0,0
0,0,0
0,0,0
0,0,0
0,0,0
0,0,0
0,0,0
0,0,0
0,0,0
0,0,0
0,0,0
0,0,0
0,0,0
0,0,0
0,0,0
0,0,0
0,0,0
0,0,0
0,0,0
0,0,0
0,0,0
0,0,0
0,0,0
0,0,0
0,0,0
0,0,0
0,0,0
0,0,0
0,0,0
0,0,0
0,0,0
0,0,0
0,0,0
0,0,0
0,0,0
0,0,0
0,0,0
0,0,0
0,0,0
0,0,0
0,0,0
0,0,0
0,0,0
0,0,0
0,0,0
0,0,0
0,0,0
0,0,0
0,0,0
0,0,0
0,0,0
0,0,0
0,0,0
0,0,0
0,0,0
0,0,0
0,0,0
0,0,0
0,0,0
0,0,0
0,0,0
0,0,0
0,0,0
0,0,0
0,0,0
0,0,0
0,0,0
0,0,0
0,0,0
0,0,0
0,0,0
0,0,0
0,0,0
0,0,0
0,0,0
0,0,0
0,0,0
0,0,0
0,0,0
0,0,0
0,0,0
0,0,0
0,0,0
0,0,0
0,0,0
0,0,0
0,0,0
0,0,0
0,0,0
0,0,0
0,0,0
0,0,0
0,0,0
0,0,0
0,0,0
0,0,0
0,0,0
0,0,0
0,0,0
0,0,0
0,0,0
0,0,0
0,0,0
0,0,0
0,0,0
0,0,0
0,0,0
0,0,0
0,0,0
0,0,0
0,0,0
0,0,0
0,0,0
0,0,0
0,0,0
0,0,0
0,0,0
0,0,0
0,0,0
0,0,0
0,0,0
0,0,0
0,0,0
0,0,0
0,0,0
0,0,0
0,0,0
0,0,0
0,0,0
0,0,0
0,0,0
0,0,0
0,0,0
0,0,0
0,0,0
0,0,0
0,0,0
0,0,0
0,0,0
0,0,0
0,0,0
0,0,0
0,0,0
0,0,0
0,0,0
0,0,0
0,0,0
0,0,0
0,0,0
0,0,0
0,0,0
0,0,0
0,0,0
0,0,0
0,0,0
0,0,0
0,0,0
0,0,0
0,0,0
0,0,0
0,0,0
0,0,0
0,0,0
0,0,0
0,0,0
0,0,0
0,0,0
0,0,0
0,0,0
0,0,0
0,0,0
0,0,0
0,0,0
0,0,0
0,0,0
0,0,0
0,0,0
0,0,0
0,0,0
0,0,0
0,0,0
0,0,0
0,0,0
0,0,0
0,0,0
0,0,0
0,0,0
0,0,0
0,0,0
0,0,0
0,0,0
0,0,0
0,0,0
0,0,0
0,0,0
0,0,0
0,0,0
0,0,0
0,0,0
0,0,0
0,0,0
0,0,0
0,0,0
0,0,0
0,0,0
0,0,0
0,0,0
0,0,0
0,0,0
0,0,0
0,0,0
0,0,0
0,0,0
0,0,0
0,0,0
0,0,0
0,0,0
0,0,0
0,0,0
0,0,0
0,0,0
0,0,0
0,0,0
0,0,0
0,0,0
0,0,0
0,0,0
0,0,0
0,0,0
0,0,0
0,0,0
0,0,0
0,0,0
0,0,0
0,0,0
0,0,0
0,0,0
0,0,0
0,0,0
0,0,0
0,0,0
0,0,0
0,0,0
0,0,0
0,0,0
0,0,0
0,0,0
0,0,0
0,0,0
0,0,0
0,0,0
0,0,0
0,0,0
0,0,0
0,0,0
0,0,0
0,0,0
0,0,0
0,0,0
0,0,0
0,0,0
0,0,0
0,0,0
0,0,0
0,0,0
0,0,0
0,0,0
0,0,0
0,0,0
0,0,0
0,0,0
0,0,0
0,0,0
0,0,0
0,0,0
0,0,0
0,0,0
0,0,0
0,0,0
0,0,0
0,0,0
0,0,0
0,0,0
0,0,0
0,0,0
0,0,0
0,0,0
0,0,0
0,0,0
0,0,0
0,0,0
0,0,0
0,0,0
0,0,0
0,0,0
0,0,0
0,0,0
0,0,0
0,0,0
0,0,0
0,0,0
0,0,0
0,0,0
0,0,0
0,0,0
0,0,0
0,0,0
0,0,0
0,0,0
0,0,0
0,0,0
0,0,0
0,0,0
0,0,0
0,0,0
0,0,0
0,0,0
0,0,0
0,0,0
0,0,0
0,0,0
0,0,0
0,0,0
0,0,0
0,0,0
0,0,0
0,0,0
0,0,0
0,0,0
0,0,0
0,0,0
0,0,0
0,0,0
0,0,0
0,0,0
0,0,0
0,0,0
0,0,0
0,0,0
0,0,0
0,0,0
0,0,0
0,0,0
0,0,0
0,0,0
0,0,0
0,0,0
0,0,0
0,0,0
0,0,0
0,0,0
0,0,0
0,0,0
0,0,0
0,0,0
0,0,0
0,0,0
0,0,0
0,0,0
0,0,0
0,0,0
0,0,0
0,0,0
0,0,0
0,0,0
0,0,0
0,0,0
0,0,0
0,0,0
0,0,0
0,0,0
0,0,0
0,0,0
0,0,0
0,0,0
0,0,0
0,0,0
0,0,0
0,0,0
0,0,0
0,0,0
0,0,0
0,0,0
0,0,0
0,0,0
0,0,0
0,0,0
0,0,0
0,0,0
0,0,0
0,0,0
0,0,0
0,0,0
0,0,0
0,0,0
0,0,0
0,0,0
0,0,0
0,0,0
0,0,0
0,0,0
0,0,0
0,0,0
0,0,0
0,0,0
0,0,0
0,0,0
0,0,0
0,0,0
0,0,0
0,0,0
0,0,0
0,0,0
0,0,0
0,0,0
0,0,0
0,0,0
0,0,0
0,0,0
0,0,0
0,0,0
0,0,0
0,0,0
0,0,0
0,0,0
0,0,0
0,0,0
0,0,0
0,0,0
0,0,0
0,0,0
0,0,0
0,0,0
0,0,0
0,0,0
0,0,0
0,0,0
0,0,0
0,0,0
0,0,0
0,0,0
0,0,0
0,0,0
0,0,0
0,0,0
0,0,0
0,0,0
0,0,0
0,0,0
0,0,0
0,0,0
0,0,0
0,0,0
0,0,0
0,0,0
0,0,0
0,0,0
0,0,0
0,0,0
0,0,0
0,0,0
0,0,0
0,0,0
0,0,0
0,0,0
0,0,0
0,0,0
0,0,0
0,0,0
0,0,0
0,0,0
0,0,0
0,0,0
0,0,0
0,0,0
0,0,0
0,0,0
0,0,0
0,0,0
0,0,0
0,0,0
0,0,0
0,0,0
0,0,0
0,0,0
0,0,0
0,0,0
0,0,0
0,0,0
0,0,0
0,0,0
0,0,0
0,0,0
0,0,0
0,0,0
0,0,0
0,0,0
0,0,0
0,0,0
0,0,0
0,0,0
0,0,0
0,0,0
0,0,0
0,0,0
0,0,0
0,0,0
0,0,0
0,0,0
0,0,0
0,0,0
0,0,0
0,0,0
0,0,0
0,0,0
0,0,0
0,0,0
0,0,0
0,0,0
0,0,0
0,0,0
0,0,0
0,0,0
0,0,0
0,0,0
0,0,0
0,0,0
0,0,0
0,0,0
0,0,0
0,0,0
0,0,0
0,0,0
0,0,0
0,0,0
0,0,0
0,0,0
0,0,0
0,0,0
0,0,0
0,0,0
0,0,0
0,0,0
0,0,0
0,0,0
0,0,0
0,0,0
0,0,0
0,0,0
0,0,0
0,0,0
0,0,0
0,0,0
0,0,0
0,0,0
0,0,0
0,0,0
0,0,0
0,0,0
0,0,0
0,0,0
0,0,0
0,0,0
0,0,0
0,0,0
0,0,0
0,0,0
0,0,0
0,0,0
0,0,0
0,0,0
0,0,0
0,0,0
0,0,0
0,0,0
0,0,0
0,0,0
0,0,0
0,0,0
0,0,0
0,0,0
0,0,0
0,0,0
0,0,0
0,0,0
0,0,0
0,0,0
0,0,0
0,0,0
0,0,0
0,0,0
0,0,0
0,0,0
0,0,0
0,0,0
0,0,0
0,0,0
0,0,0
0,0,0
0,0,0
0,0,0
0,0,0
0,0,0
0,0,0
0,0,0
0,0,0
0,0,0
0,0,0
0,0,0
0,0,0
0,0,0
0,0,0
0,0,0
0,0,0
0,0,0
0,0,0
0,0,0
0,0,0
0,0,0
0,0,0
0,0,0
0,0,0
0,0,0
0,0,0
0,0,0
0,0,0
0,0,0
0,0,0
0,0,0
0,0,0
0,0,0
0,0,0
0,0,0
0,0,0
0,0,0
0,0,0
0,0,0
0,0,0
0,0,0
0,0,0
0,0,0
0,0,0
0,0,0
0,0,0
0,0,0
0,0,0
0,0,0
0,0,0
0,0,0
0,0,0
0,0,0
0,0,0
0,0,0
0,0,0
0,0,0
0,0,0
0,0,0
0,0,0
0,0,0
0,0,0
0,0,0
0,0,0
0,0,0
0,0,0
0,0,0
0,0,0
0,0,0
0,0,0
0,0,0
0,0,0
0,0,0
0,0,0
0,0,0
0,0,0
0,0,0
0,0,0
0,0,0
0,0,0
0,0,0
0,0,0
0,0,0
0,0,0
0,0,0
0,0,0
0,0,0
0,0,0
0,0,0
0,0,0
0,0,0
0,0,0
0,0,0
0,0,0
0,0,0
0,0,0
0,0,0
0,0,0
0,0,0
0,0,0
0,0,0
0,0,0
0,0,0
0,0,0
0,0,0
0,0,0
0,0,0
0,0,0
0,0,0
0,0,0
0,0,0
0,0,0
0,0,0
0,0,0
0,0,0
0,0,0
0,0,0
0,0,0
0,0,0
0,0,0
0,0,0
0,0,0
0,0,0
0,0,0
0,0,0
0,0,0
0,0,0
0,0,0
0,0,0
0,0,0
0,0,0
0,0,0
0,0,0
0,0,0
0,0,0
0,0,0
0,0,0
0,0,0
0,0,0
0,0,0
0,0,0
0,0,0
0,0,0
0,0,0
0,0,0
0,0,0
0,0,0
0,0,0
0,0,0
0,0,0
0,0,0
0,0,0
0,0,0
0,0,0
0,0,0
0,0,0
0,0,0
0,0,0
0,0,0
0,0,0
0,0,0
0,0,0
0,0,0
0,0,0
0,0,0
0,0,0
0,0,0
0,0,0
0,0,0
0,0,0
0,0,0
0,0,0
0,0,0
0,0,0
0,0,0
0,0,0
0,0,0
0,0,0
0,0,0
0,0,0
0,0,0
0,0,0
0,0,0
0,0,0
0,0,0
0,0,0
0,0,0
0,0,0
0,0,0
0,0,0
0,0,0
0,0,0
0,0,0
0,0,0
0,0,0
0,0,0
0,0,0
0,0,0
0,0,0
0,0,0
0,0,0
0,0,0
0,0,0
0,0,0
0,0,0
0,0,0
0,0,0
0,0,0
0,0,0
0,0,0
0,0,0
0,0,0
0,0,0
0,0,0
0,0,0
0,0,0
0,0,0
0,0,0
0,0,0
0,0,0
0,0,0
0,0,0
0,0,0
0,0,0
0,0,0
0,0,0
0,0,0
0,0,0
0,0,0
0,0,0
0,0,0
0,0,0
0,0,0
0,0,0
0,0,0
0,0,0
0,0,0
0,0,0
0,0,0
0,0,0
0,0,0
0,0,0
0,0,0
0,0,0
0,0,0
0,0,0
0,0,0
0,0,0
0,0,0
0,0,0
0,0,0
0,0,0
0,0,0
0,0,0
0,0,0
0,0,0
0,0,0
0,0,0
0,0,0
0,0,0
0,0,0
0,0,0
0,0,0
0,0,0
0,0,0
0,0,0
0,0,0
0,0,0
0,0,0
0,0,0
0,0,0
0,0,0
0,0,0
0,0,0
0,0,0
0,0,0
0,0,0
0,0,0
0,0,0
0,0,0
0,0,0
0,0,0
0,0,0
0,0,0
0,0,0
0,0,0
0,0,0
0,0,0
0,0,0
0,0,0
0,0,0
0,0,0
0,0,0
0,0,0
0,0,0
0,0,0
0,0,0
0,0,0
0,0,0
0,0,0
0,0,0
0,0,0
0,0,0
0,0,0
0,0,0
0,0,0
0,0,0
0,0,0
0,0,0
0,0,0
0,0,0
0,0,0
0,0,0
0,0,0
0,0,0
0,0,0
0,0,0
0,0,0
0,0,0
0,0,0
0,0,0
0,0,0
0,0,0
0,0,0
0,0,0
0,0,0
0,0,0
0,0,0
0,0,0
0,0,0
0,0,0
0,0,0
0,0,0
0,0,0
0,0,0
0,0,0
0,0,0
0,0,0
0,0,0
0,0,0
0,0,0
0,0,0
0,0,0
0,0,0
0,0,0
0,0,0
0,0,0
0,0,0
0,0,0
0,0,0
0,0,0
0,0,0
0,0,0
0,0,0
0,0,0
0,0,0
0,0,0
0,0,0
0,0,0
0,0,0
0,0,0
0,0,0
0,0,0
0,0,0
0,0,0
0,0,0
0,0,0
0,0,0
0,0,0
0,0,0
0,0,0
0,0,0
0,0,0
0,0,0
0,0,0
0,0,0
0,0,0
0,0,0
0,0,0
0,0,0
0,0,0
0,0,0
0,0,0
0,0,0
0,0,0
0,0,0
0,0,0
0,0,0
0,0,0
0,0,0
0,0,0
0,0,0
0,0,0
0,0,0
0,0,0
0,0,0
0,0,0
0,0,0
0,0,0
0,0,0
0,0,0
0,0,0
0,0,0
0,0,0
0,0,0
0,0,0
0,0,0
0,0,0
0,0,0
0,0,0
0,0,0
0,0,0
0,0,0
0,0,0
0,0,0
0,0,0
0,0,0
0,0,0
0,0,0
0,0,0
0,0,0
0,0,0
0,0,0
0,0,0
0,0,0
0,0,0
0,0,0
0,0,0
0,0,0
0,0,0
0,0,0
0,0,0
0,0,0
0,0,0
0,0,0
0,0,0
0,0,0
0,0,0
0,0,0
0,0,0
0,0,0
0,0,0
0,0,0
0,0,0
0,0,0
0,0,0
0,0,0
0,0,0
0,0,0
0,0,0
0,0,0
0,0,0
0,0,0
0,0,0
0,0,0
0,0,0
0,0,0
0,0,0
0,0,0
0,0,0
0,0,0
0,0,0
0,0,0
0,0,0
0,0,0
0,0,0
0,0,0
0,0,0
0,0,0
0,0,0
0,0,0
0,0,0
0,0,0
0,0,0
0,0,0
0,0,0
0,0,0
0,0,0
0,0,0
0,0,0
0,0,0
0,0,0
0,0,0
0,0,0
0,0,0
0,0,0
0,0,0
0,0,0
0,0,0
0,0,0
0,0,0
0,0,0
0,0,0
0,0,0
0,0,0
0,0,0
0,0,0
0,0,0
0,0,0
0,0,0
0,0,0
0,0,0
0,0,0
0,0,0
0,0,0
0,0,0
0,0,0
0,0,0
0,0,0
0,0,0
0,0,0
0,0,0
0,0,0
0,0,0
0,0,0
0,0,0
0,0,0
0,0,0
0,0,0
0,0,0
0,0,0
0,0,0
0,0,0
0,0,0
0,0,0
0,0,0
0,0,0
0,0,0
0,0,0
0,0,0
0,0,0
0,0,0
0,0,0
0,0,0
0,0,0
0,0,0
0,0,0
0,0,0
0,0,0
0,0,0
0,0,0
0,0,0
0,0,0
0,0,0
0,0,0
0,0,0
0,0,0
0,0,0
0,0,0
0,0,0
0,0,0
0,0,0
0,0,0
0,0,0
0,0,0
0,0,0
0,0,0
0,0,0
0,0,0
0,0,0
0,0,0
0,0,0
0,0,0
0,0,0
0,0,0
0,0,0
0,0,0
0,0,0
0,0,0
0,0,0
0,0,0
0,0,0
0,0,0
0,0,0
0,0,0
0,0,0
0,0,0
0,0,0
0,0,0
0,0,0
0,0,0
0,0,0
0,0,0
0,0,0
0,0,0
0,0,0
0,0,0
0,0,0
0,0,0
0,0,0
0,0,0
0,0,0
0,0,0
0,0,0
0,0,0
0,0,0
0,0,0
0,0,0
0,0,0
0,0,0
0,0,0
0,0,0
0,0,0
0,0,0
0,0,0
0,0,0
0,0,0
0,0,0
0,0,0
0,0,0
0,0,0
0,0,0
0,0,0
0,0,0
0,0,0
0,0,0
0,0,0
0,0,0
0,0,0
0,0,0
0,0,0
0,0,0
0,0,0
0,0,0
0,0,0
0,0,0
0,0,0
0,0,0
0,0,0
0,0,0
0,0,0
0,0,0
0,0,0
0,0,0
0,0,0
0,0,0
0,0,0
0,0,0
0,0,0
0,0,0
0,0,0
0,0,0
0,0,0
0,0,0
0,0,0
0,0,0
0,0,0
0,0,0
0,0,0
0,0,0
0,0,0
0,0,0
0,0,0
0,0,0
0,0,0
0,0,0
0,0,0
0,0,0
0,0,0
0,0,0
0,0,0
0,0,0
0,0,0
0,0,0
0,0,0
0,0,0
0,0,0
0,0,0
0,0,0
0,0,0
0,0,0
0,0,0
0,0,0
0,0,0
0,0,0
0,0,0
0,0,0
0,0,0
0,0,0
0,0,0
0,0,0
0,0,0
0,0,0
0,0,0
0,0,0
0,0,0
0,0,0
0,0,0
0,0,0
0,0,0
0,0,0
0,0,0
0,0,0
0,0,0
0,0,0
0,0,0
0,0,0
0,0,0
0,0,0
0,0,0
0,0,0
0,0,0
0,0,0
0,0,0
0,0,0
0,0,0
0,0,0
0,0,0
0,0,0
0,0,0
0,0,0
0,0,0
0,0,0
0,0,0
0,0,0
0,0,0
0,0,0
0,0,0
0,0,0
0,0,0
0,0,0
0,0,0
0,0,0
0,0,0
0,0,0
0,0,0
0,0,0
0,0,0
0,0,0
0,0,0
0,0,0
0,0,0
0,0,0
0,0,0
0,0,0
0,0,0
0,0,0
0,0,0
0,0,0
0,0,0
0,0,0
0,0,0
0,0,0
0,0,0
0,0,0
0,0,0
0,0,0
0,0,0
0,0,0
0,0,0
0,0,0
0,0,0
0,0,0
0,0,0
0,0,0
0,0,0
0,0,0
0,0,0
0,0,0
0,0,0
0,0,0
0,0,0
0,0,0
0,0,0
0,0,0
0,0,0
0,0,0
0,0,0
0,0,0
0,0,0
0,0,0
0,0,0
0,0,0
0,0,0
0,0,0
0,0,0
0,0,0
0,0,0
0,0,0
0,0,0
0,0,0
0,0,0
0,0,0
0,0,0
0,0,0
0,0,0
0,0,0
0,0,0
0,0,0
0,0,0
0,0,0
0,0,0
0,0,0
0,0,0
0,0,0
0,0,0
0,0,0
0,0,0
0,0,0
0,0,0
0,0,0
0,0,0
0,0,0
0,0,0
0,0,0
0,0,0
0,0,0
0,0,0
0,0,0
0,0,0
0,0,0
0,0,0
0,0,0
0,0,0
0,0,0
0,0,0
0,0,0
0,0,0
0,0,0
0,0,0
0,0,0
0,0,0
0,0,0
0,0,0
0,0,0
0,0,0
0,0,0
0,0,0
0,0,0
0,0,0
0,0,0
0,0,0
0,0,0
0,0,0
0,0,0
0,0,0
0,0,0
0,0,0
0,0,0
0,0,0
0,0,0
0,0,0
0,0,0
0,0,0
0,0,0
0,0,0
0,0,0
0,0,0
0,0,0
0,0,0
0,0,0
0,0,0
0,0,0
0,0,0
0,0,0
0,0,0
0,0,0
0,0,0
0,0,0
0,0,0
0,0,0
0,0,0
0,0,0
0,0,0
0,0,0
0,0,0
0,0,0
0,0,0
0,0,0
0,0,0
0,0,0
0,0,0
0,0,0
0,0,0
0,0,0
0,0,0
0,0,0
0,0,0
0,0,0
0,0,0
0,0,0
0,0,0
0,0,0
0,0,0
0,0,0
0,0,0
0,0,0
0,0,0
0,0,0
0,0,0
0,0,0
0,0,0
0,0,0
0,0,0
0,0,0
0,0,0
0,0,0
0,0,0
0,0,0
0,0,0
0,0,0
0,0,0
0,0,0
0,0,0
0,0,0
0,0,0
0,0,0
0,0,0
0,0,0
0,0,0
0,0,0
0,0,0
0,0,0
0,0,0
0,0,0
0,0,0
0,0,0
0,0,0
0,0,0
0,0,0
0,0,0
0,0,0
0,0,0
0,0,0
0,0,0
0,0,0
0,0,0
0,0,0
0,0,0
0,0,0
0,0,0
0,0,0
0,0,0
0,0,0
0,0,0
0,0,0
0,0,0
0,0,0
0,0,0
0,0,0
0,0,0
0,0,0
0,0,0
0,0,0
0,0,0
0,0,0
0,0,0
0,0,0
0,0,0
0,0,0
0,0,0
0,0,0
0,0,0
0,0,0
0,0,0
0,0,0
0,0,0
0,0,0
0,0,0
0,0,0
0,0,0
0,0,0
0,0,0
0,0,0
0,0,0
0,0,0
0,0,0
0,0,0
0,0,0
0,0,0
0,0,0
0,0,0
0,0,0
0,0,0
0,0,0
0,0,0
0,0,0
0,0,0
0,0,0
0,0,0
0,0,0
0,0,0
0,0,0
0,0,0
0,0,0
0,0,0
0,0,0
0,0,0
0,0,0
0,0,0
0,0,0
0,0,0
0,0,0
0,0,0
0,0,0
0,0,0
0,0,0
0,0,0
0,0,0
0,0,0
0,0,0
0,0,0
0,0,0
0,0,0
0,0,0
0,0,0
0,0,0
0,0,0
0,0,0
0,0,0
0,0,0
0,0,0
0,0,0
0,0,0
0,0,0
0,0,0
0,0,0
0,0,0
0,0,0
0,0,0
0,0,0
0,0,0
0,0,0
0,0,0
0,0,0
0,0,0
0,0,0
0,0,0
0,0,0
0,0,0
0,0,0
0,0,0
0,0,0
0,0,0
0,0,0
0,0,0
0,0,0
0,0,0
0,0,0
0,0,0
0,0,0
0,0,0
0,0,0
0,0,0
0,0,0
0,0,0
0,0,0
0,0,0
0,0,0
0,0,0
0,0,0
0,0,0
0,0,0
0,0,0
0,0,0
0,0,0
0,0,0
0,0,0
0,0,0
0,0,0
0,0,0
0,0,0
0,0,0
0,0,0
0,0,0
0,0,0
0,0,0
0,0,0
0,0,0
0,0,0
0,0,0
0,0,0
0,0,0
0,0,0
0,0,0
0,0,0
0,0,0
0,0,0
0,0,0
0,0,0
0,0,0
0,0,0
0,0,0
0,0,0
0,0,0
0,0,0
0,0,0
0,0,0
0,0,0
0,0,0
0,0,0
0,0,0
0,0,0
0,0,0
0,0,0
0,0,0
0,0,0
0,0,0
0,0,0
0,0,0
0,0,0
0,0,0
0,0,0
0,0,0
0,0,0
0,0,0
0,0,0
0,0,0
0,0,0
0,0,0
0,0,0
0,0,0
0,0,0
0,0,0
0,0,0
0,0,0
0,0,0
0,0,0
0,0,0
0,0,0
0,0,0
0,0,0
0,0,0
0,0,0
0,0,0
0,0,0
0,0,0
0,0,0
0,0,0
0,0,0
0,0,0
0,0,0
0,0,0
0,0,0
0,0,0
0,0,0
0,0,0
0,0,0
0,0,0
0,0,0
0,0,0
0,0,0
0,0,0
0,0,0
0,0,0
0,0,0
0,0,0
0,0,0
0,0,0
0,0,0
0,0,0
0,0,0
0,0,0
0,0,0
0,0,0
0,0,0
0,0,0
0,0,0
0,0,0
0,0,0
0,0,0
0,0,0
0,0,0
0,0,0
0,0,0
0,0,0
0,0,0
0,0,0
0,0,0
0,0,0
0,0,0
0,0,0
0,0,0
0,0,0
0,0,0
0,0,0
0,0,0
0,0,0
0,0,0
0,0,0
0,0,0
0,0,0
0,0,0
0,0,0
0,0,0
0,0,0
0,0,0
0,0,0
0,0,0
0,0,0
0,0,0
0,0,0
0,0,0
0,0,0
0,0,0
0,0,0
0,0,0
0,0,0
0,0,0
0,0,0
0,0,0
0,0,0
0,0,0
0,0,0
0,0,0
0,0,0
0,0,0
0,0,0
0,0,0
0,0,0
0,0,0
0,0,0
0,0,0
0,0,0
0,0,0
0,0,0
0,0,0
0,0,0
0,0,0
0,0,0
0,0,0
0,0,0
0,0,0
0,0,0
0,0,0
0,0,0
0,0,0
0,0,0
0,0,0
0,0,0
0,0,0
0,0,0
0,0,0
0,0,0
0,0,0
0,0,0
0,0,0
0,0,0
0,0,0
0,0,0
0,0,0
0,0,0
0,0,0
0,0,0
0,0,0
0,0,0
0,0,0
0,0,0
0,0,0
0,0,0
0,0,0
0,0,0
0,0,0
0,0,0
0,0,0
0,0,0
0,0,0
0,0,0
0,0,0
0,0,0
0,0,0
0,0,0
0,0,0
0,0,0
0,0,0
0,0,0
0,0,0
0,0,0
0,0,0
0,0,0
0,0,0
0,0,0
0,0,0
0,0,0
0,0,0
0,0,0
0,0,0
0,0,0
0,0,0
0,0,0
0,0,0
0,0,0
0,0,0
0,0,0
0,0,0
0,0,0
0,0,0
0,0,0
0,0,0
0,0,0
0,0,0
0,0,0
0,0,0
0,0,0
0,0,0
0,0,0
0,0,0
0,0,0
0,0,0
0,0,0
0,0,0
0,0,0
0,0,0
0,0,0
0,0,0
0,0,0
0,0,0
0,0,0
0,0,0
0,0,0
0,0,0
0,0,0
0,0,0
0,0,0
0,0,0
0,0,0
0,0,0
0,0,0
0,0,0
0,0,0
0,0,0
0,0,0
0,0,0
0,0,0
0,0,0
0,0,0
0,0,0
0,0,0
0,0,0
0,0,0
0,0,0
0,0,0
0,0,0
0,0,0
0,0,0
0,0,0
0,0,0
0,0,0
0,0,0
0,0,0
0,0,0
0,0,0
0,0,0
0,0,0
0,0,0
0,0,0
0,0,0
0,0,0
0,0,0
0,0,0
0,0,0
0,0,0
0,0,0
0,0,0
0,0,0
0,0,0
0,0,0
0,0,0
0,0,0
0,0,0
0,0,0
0,0,0
0,0,0
0,0,0
0,0,0
0,0,0
0,0,0
0,0,0
0,0,0
0,0,0
0,0,0
0,0,0
0,0,0
0,0,0
0,0,0
0,0,0
0,0,0
0,0,0
0,0,0
0,0,0
0,0,0
0,0,0
0,0,0
0,0,0
0,0,0
0,0,0
0,0,0
0,0,0
0,0,0
0,0,0
0,0,0
0,0,0
0,0,0
0,0,0
0,0,0
0,0,0
0,0,0
0,0,0
0,0,0
0,0,0
0,0,0
0,0,0
0,0,0
0,0,0
0,0,0
0,0,0
0,0,0
0,0,0
0,0,0
0,0,0
0,0,0
0,0,0
0,0,0
0,0,0
0,0,0
0,0,0
0,0,0
0,0,0
0,0,0
0,0,0
0,0,0
0,0,0
0,0,0
0,0,0
0,0,0
0,0,0
0,0,0
0,0,0
0,0,0
0,0,0
0,0,0
0,0,0
0,0,0
0,0,0
0,0,0
0,0,0
0,0,0
0,0,0
0,0,0
0,0,0
0,0,0
0,0,0
0,0,0
0,0,0
0,0,0
0,0,0
0,0,0
0,0,0
0,0,0
0,0,0
0,0,0
0,0,0
0,0,0
0,0,0
0,0,0
0,0,0
0,0,0
0,0,0
0,0,0
0,0,0
0,0,0
0,0,0
0,0,0
0,0,0
0,0,0
0,0,0
0,0,0
0,0,0
0,0,0
0,0,0
0,0,0
0,0,0
0,0,0
0,0,0
0,0,0
0,0,0
0,0,0
0,0,0
0,0,0
0,0,0
0,0,0
0,0,0
0,0,0
0,0,0
0,0,0
0,0,0
0,0,0
0,0,0
0,0,0
0,0,0
0,0,0
0,0,0
0,0,0
0,0,0
0,0,0
0,0,0
0,0,0
0,0,0
0,0,0
0,0,0
0,0,0
0,0,0
0,0,0
0,0,0
0,0,0
0,0,0
0,0,0
0,0,0
0,0,0
0,0,0
0,0,0
0,0,0
0,0,0
0,0,0
0,0,0
0,0,0
0,0,0
0,0,0
0,0,0
0,0,0
0,0,0
0,0,0
0,0,0
0,0,0
0,0,0
0,0,0
0,0,0
0,0,0
0,0,0
0,0,0
0,0,0
0,0,0
0,0,0
0,0,0
0,0,0
0,0,0
0,0,0
0,0,0
0,0,0
0,0,0
0,0,0
0,0,0
0,0,0
0,0,0
0,0,0
0,0,0
0,0,0
0,0,0
0,0,0
0,0,0
0,0,0
0,0,0
0,0,0
0,0,0
0,0,0
0,0,0
0,0,0
0,0,0
0,0,0
0,0,0
0,0,0
0,0,0
0,0,0
0,0,0
0,0,0
0,0,0
0,0,0
0,0,0
0,0,0
0,0,0
0,0,0
0,0,0
0,0,0
0,0,0
0,0,0
0,0,0
0,0,0
0,0,0
0,0,0
0,0,0
0,0,0
0,0,0
0,0,0
0,0,0
0,0,0
0,0,0
0,0,0
0,0,0
0,0,0
0,0,0
0,0,0
0,0,0
0,0,0
0,0,0
0,0,0
0,0,0
0,0,0
0,0,0
0,0,0
0,0,0
0,0,0
0,0,0
0,0,0
0,0,0
0,0,0
0,0,0
0,0,0
0,0,0
0,0,0
0,0,0
0,0,0
0,0,0
0,0,0
0,0,0
0,0,0
0,0,0
0,0,0
0,0,0
0,0,0
0,0,0
0,0,0
0,0,0
0,0,0
0,0,0
0,0,0
0,0,0
0,0,0
0,0,0
0,0,0
0,0,0
0,0,0
0,0,0
0,0,0
0,0,0
0,0,0
0,0,0
0,0,0
0,0,0
0,0,0
0,0,0
0,0,0
0,0,0
0,0,0
0,0,0
0,0,0
0,0,0
0,0,0
0,0,0
0,0,0
0,0,0
0,0,0
0,0,0
0,0,0
0,0,0
0,0,0
0,0,0
0,0,0
0,0,0
0,0,0
0,0,0
0,0,0
0,0,0
0,0,0
0,0,0
0,0,0
0,0,0
0,0,0
0,0,0
0,0,0
0,0,0
0,0,0
0,0,0
0,0,0
0,0,0
0,0,0
0,0,0
0,0,0
0,0,0
0,0,0
0,0,0
0,0,0
0,0,0
0,0,0
0,0,0
0,0,0
0,0,0
0,0,0
0,0,0
0,0,0
0,0,0
0,0,0
0,0,0
0,0,0
0,0,0
0,0,0
0,0,0
0,0,0
0,0,0
0,0,0
0,0,0
0,0,0
0,0,0
0,0,0
0,0,0
0,0,0
0,0,0
0,0,0
0,0,0
0,0,0
0,0,0
0,0,0
0,0,0
0,0,0
0,0,0
0,0,0
0,0,0
0,0,0
0,0,0
0,0,0
0,0,0
0,0,0
0,0,0
0,0,0
0,0,0
0,0,0
0,0,0
0,0,0
0,0,0
0,0,0
0,0,0
0,0,0
0,0,0
0,0,0
0,0,0
0,0,0
0,0,0
0,0,0
0,0,0
0,0,0
0,0,0
0,0,0
0,0,0
0,0,0
0,0,0
0,0,0
0,0,0
0,0,0
0,0,0
0,0,0
0,0,0
0,0,0
0,0,0
0,0,0
0,0,0
0,0,0
0,0,0
0,0,0
0,0,0
0,0,0
0,0,0
0,0,0
0,0,0
0,0,0
0,0,0
0,0,0
0,0,0
0,0,0
0,0,0
0,0,0
0,0,0
0,0,0
0,0,0
0,0,0
0,0,0
0,0,0
0,0,0
0,0,0
0,0,0
0,0,0
0,0,0
0,0,0
0,0,0
0,0,0
0,0,0
0,0,0
0,0,0
0,0,0
0,0,0
0,0,0
0,0,0
0,0,0
0,0,0
0,0,0
0,0,0
0,0,0
0,0,0
0,0,0
0,0,0
0,0,0
0,0,0
0,0,0
0,0,0
0,0,0
0,0,0
0,0,0
0,0,0
0,0,0
0,0,0
0,0,0
0,0,0
0,0,0
0,0,0
0,0,0
0,0,0
0,0,0
0,0,0
0,0,0
0,0,0
0,0,0
0,0,0
0,0,0
0,0,0
0,0,0
0,0,0
0,0,0
0,0,0
0,0,0
0,0,0
0,0,0
0,0,0
0,0,0
0,0,0
0,0,0
0,0,0
0,0,0
0,0,0
0,0,0
0,0,0
0,0,0
0,0,0
0,0,0
0,0,0
0,0,0
0,0,0
0,0,0
0,0,0
0,0,0
0,0,0
0,0,0
0,0,0
0,0,0
0,0,0
0,0,0
0,0,0
0,0,0
0,0,0
0,0,0
0,0,0
0,0,0
0,0,0
0,0,0
0,0,0
0,0,0
0,0,0
0,0,0
0,0,0
0,0,0
0,0,0
0,0,0
0,0,0
0,0,0
0,0,0
0,0,0
0,0,0
0,0,0
0,0,0
0,0,0
0,0,0
0,0,0
0,0,0
0,0,0
0,0,0
0,0,0
0,0,0
0,0,0
0,0,0
0,0,0
0,0,0
0,0,0
0,0,0
0,0,0
0,0,0
0,0,0
0,0,0
0,0,0
0,0,0
0,0,0
0,0,0
0,0,0
0,0,0
0,0,0
0,0,0
0,0,0
0,0,0
0,0,0
0,0,0
0,0,0
0,0,0
0,0,0
0,0,0
0,0,0
0,0,0
0,0,0
0,0,0
0,0,0
0,0,0
0,0,0
0,0,0
0,0,0
0,0,0
0,0,0
0,0,0
0,0,0
0,0,0
0,0,0
0,0,0
0,0,0
0,0,0
0,0,0
0,0,0
0,0,0
0,0,0
0,0,0
0,0,0
0,0,0
0,0,0
0,0,0
0,0,0
0,0,0
0,0,0
0,0,0
0,0,0
0,0,0
0,0,0
0,0,0
0,0,0
0,0,0
0,0,0
0,0,0
0,0,0
0,0,0
0,0,0
0,0,0
0,0,0
0,0,0
0,0,0
0,0,0
0,0,0
0,0,0
0,0,0
0,0,0
0,0,0
0,0,0
0,0,0
0,0,0
0,0,0
0,0,0
0,0,0
0,0,0
0,0,0
0,0,0
0,0,0
0,0,0
0,0,0
0,0,0
0,0,0
0,0,0
0,0,0
0,0,0
0,0,0
0,0,0
0,0,0
0,0,0
0,0,0
0,0,0
0,0,0
0,0,0
0,0,0
0,0,0
0,0,0
0,0,0
0,0,0
0,0,0
0,0,0
0,0,0
0,0,0
0,0,0
0,0,0
0,0,0
0,0,0
0,0,0
0,0,0
0,0,0
0,0,0
0,0,0
0,0,0
0,0,0
0,0,0
0,0,0
0,0,0
0,0,0
0,0,0
0,0,0
0,0,0
0,0,0
0,0,0
0,0,0
0,0,0
0,0,0
0,0,0
0,0,0
0,0,0
0,0,0
0,0,0
0,0,0
0,0,0
0,0,0
0,0,0
0,0,0
0,0,0
0,0,0
0,0,0
0,0,0
0,0,0
0,0,0
0,0,0
0,0,0
0,0,0
0,0,0
0,0,0
0,0,0
0,0,0
0,0,0
0,0,0
0,0,0
0,0,0
0,0,0
0,0,0
0,0,0
0,0,0
0,0,0
0,0,0
0,0,0
0,0,0
0,0,0
0,0,0
0,0,0
0,0,0
0,0,0
0,0,0
0,0,0
0,0,0
0,0,0
0,0,0
0,0,0
0,0,0
0,0,0
0,0,0
0,0,0
0,0,0
0,0,0
0,0,0
0,0,0
0,0,0
0,0,0
0,0,0
0,0,0
0,0,0
0,0,0
0,0,0
0,0,0
0,0,0
0,0,0
0,0,0
0,0,0
0,0,0
0,0,0
0,0,0
0,0,0
0,0,0
0,0,0
0,0,0
0,0,0
0,0,0
0,0,0
0,0,0
0,0,0
0,0,0
0,0,0
0,0,0
0,0,0
0,0,0
0,0,0
0,0,0
0,0,0
0,0,0
0,0,0
0,0,0
0,0,0
0,0,0
0,0,0
0,0,0
0,0,0
0,0,0
0,0,0
0,0,0
0,0,0
0,0,0
0,0,0
0,0,0
0,0,0
0,0,0
0,0,0
0,0,0
0,0,0
0,0,0
0,0,0
0,0,0
0,0,0
0,0,0
0,0,0
0,0,0
0,0,0
0,0,0
0,0,0
0,0,0
0,0,0
0,0,0
0,0,0
0,0,0
0,0,0
0,0,0
0,0,0
0,0,0
0,0,0
0,0,0
0,0,0
0,0,0
0,0,0
0,0,0
0,0,0
0,0,0
0,0,0
0,0,0
0,0,0
0,0,0
0,0,0
0,0,0
0,0,0
0,0,0
0,0,0
0,0,0
0,0,0
0,0,0
0,0,0
0,0,0
0,0,0
0,0,0
0,0,0
0,0,0
0,0,0
0,0,0
0,0,0
0,0,0
0,0,0
0,0,0
0,0,0
0,0,0
0,0,0
0,0,0
0,0,0
0,0,0
0,0,0
0,0,0
0,0,0
0,0,0
0,0,0
0,0,0
0,0,0
0,0,0
0,0,0
0,0,0
0,0,0
0,0,0
0,0,0
0,0,0
0,0,0
0,0,0
0,0,0
0,0,0
0,0,0
0,0,0
0,0,0
0,0,0
0,0,0
0,0,0
0,0,0
0,0,0
0,0,0
0,0,0
0,0,0
0,0,0
0,0,0
0,0,0
0,0,0
0,0,0
0,0,0
0,0,0
0,0,0
0,0,0
0,0,0
0,0,0
0,0,0
0,0,0
0,0,0
0,0,0
0,0,0
0,0,0
0,0,0
0,0,0
0,0,0
0,0,0
0,0,0
0,0,0
0,0,0
0,0,0
0,0,0
0,0,0
0,0,0
0,0,0
0,0,0
0,0,0
0,0,0
0,0,0
0,0,0
0,0,0
0,0,0
0,0,0
0,0,0
0,0,0
0,0,0
0,0,0
0,0,0
0,0,0
0,0,0
0,0,0
0,0,0
0,0,0
0,0,0
0,0,0
0,0,0
0,0,0
0,0,0
0,0,0
0,0,0
0,0,0
0,0,0
0,0,0
0,0,0
0,0,0
0,0,0
0,0,0
0,0,0
0,0,0
0,0,0
0,0,0
0,0,0
0,0,0
0,0,0
0,0,0
0,0,0
0,0,0
0,0,0
0,0,0
0,0,0
0,0,0
0,0,0
0,0,0
0,0,0
0,0,0
0,0,0
0,0,0
0,0,0
0,0,0
0,0,0
0,0,0
0,0,0
0,0,0
0,0,0
0,0,0
0,0,0
0,0,0
0,0,0
0,0,0
0,0,0
0,0,0
0,0,0
0,0,0
0,0,0
0,0,0
0,0,0
0,0,0
0,0,0
0,0,0
0,0,0
0,0,0
0,0,0
0,0,0
0,0,0
0,0,0
0,0,0
0,0,0
0,0,0
0,0,0
0,0,0
0,0,0
0,0,0
0,0,0
0,0,0
0,0,0
0,0,0
0,0,0
0,0,0
0,0,0
0,0,0
0,0,0
0,0,0
0,0,0
0,0,0
0,0,0
0,0,0
0,0,0
0,0,0
0,0,0
0,0,0
0,0,0
0,0,0
0,0,0
0,0,0
0,0,0
0,0,0
0,0,0
0,0,0
0,0,0
0,0,0
0,0,0
0,0,0
0,0,0
0,0,0
0,0,0
0,0,0
0,0,0
0,0,0
0,0,0
0,0,0
0,0,0
0,0,0
0,0,0
0,0,0
0,0,0
0,0,0
0,0,0
0,0,0
0,0,0
0,0,0
0,0,0
0,0,0
0,0,0
0,0,0
0,0,0
0,0,0
0,0,0
0,0,0
0,0,0
0,0,0
0,0,0
0,0,0
0,0,0
0,0,0
0,0,0
0,0,0
0,0,0
0,0,0
0,0,0
0,0,0
0,0,0
0,0,0
0,0,0
0,0,0
0,0,0
0,0,0
0,0,0
0,0,0
0,0,0
0,0,0
0,0,0
0,0,0
0,0,0
0,0,0
0,0,0
0,0,0
0,0,0
0,0,0
0,0,0
0,0,0
0,0,0
0,0,0
0,0,0
0,0,0
0,0,0
0,0,0
0,0,0
0,0,0
0,0,0
0,0,0
0,0,0
0,0,0
0,0,0
0,0,0
0,0,0
0,0,0
0,0,0
0,0,0
0,0,0
0,0,0
0,0,0
0,0,0
0,0,0
0,0,0
0,0,0
0,0,0
0,0,0
0,0,0
0,0,0
0,0,0
0,0,0
0,0,0
0,0,0
0,0,0
0,0,0
0,0,0
0,0,0
0,0,0
0,0,0
0,0,0
0,0,0
0,0,0
0,0,0
0,0,0
0,0,0
0,0,0
0,0,0
0,0,0
0,0,0
0,0,0
0,0,0
0,0,0
0,0,0
0,0,0
0,0,0
0,0,0
0,0,0
0,0,0
0,0,0
0,0,0
0,0,0
0,0,0
0,0,0
0,0,0
0,0,0
0,0,0
0,0,0
0,0,0
0,0,0
0,0,0
0,0,0
0,0,0
0,0,0
0,0,0
0,0,0
0,0,0
0,0,0
0,0,0
0,0,0
0,0,0
0,0,0
0,0,0
0,0,0
0,0,0
0,0,0
0,0,0
0,0,0
0,0,0
0,0,0
0,0,0
0,0,0
0,0,0
0,0,0
0,0,0
0,0,0
0,0,0
0,0,0
0,0,0
0,0,0
0,0,0
0,0,0
0,0,0
0,0,0
0,0,0
0,0,0
0,0,0
0,0,0
0,0,0
0,0,0
0,0,0
0,0,0
0,0,0
0,0,0
0,0,0
0,0,0
0,0,0
0,0,0
0,0,0
0,0,0
0,0,0
0,0,0
0,0,0
0,0,0
0,0,0
0,0,0
0,0,0
0,0,0
0,0,0
0,0,0
0,0,0
0,0,0
0,0,0
0,0,0
0,0,0
0,0,0
0,0,0
0,0,0
0,0,0
0,0,0
0,0,0
0,0,0
0,0,0
0,0,0
0,0,0
0,0,0
0,0,0
0,0,0
0,0,0
0,0,0
0,0,0
0,0,0
0,0,0
0,0,0
0,0,0
0,0,0
0,0,0
0,0,0
0,0,0
0,0,0
0,0,0
0,0,0
0,0,0
0,0,0
0,0,0
0,0,0
0,0,0
0,0,0
0,0,0
0,0,0
0,0,0
0,0,0
0,0,0
0,0,0
0,0,0
0,0,0
0,0,0
0,0,0
0,0,0
0,0,0
0,0,0
0,0,0
0,0,0
0,0,0
0,0,0
0,0,0
0,0,0
0,0,0
0,0,0
0,0,0
0,0,0
0,0,0
0,0,0
0,0,0
0,0,0
0,0,0
0,0,0
0,0,0
0,0,0
0,0,0
0,0,0
0,0,0
0,0,0
0,0,0
0,0,0
0,0,0
0,0,0
0,0,0
0,0,0
0,0,0
0,0,0
0,0,0
0,0,0
0,0,0
0,0,0
0,0,0
0,0,0
0,0,0
0,0,0
0,0,0
0,0,0
0,0,0
0,0,0
0,0,0
0,0,0
0,0,0
0,0,0
0,0,0
0,0,0
0,0,0
0,0,0
0,0,0
0,0,0
0,0,0
0,0,0
0,0,0
0,0,0
0,0,0
0,0,0
0,0,0
0,0,0
0,0,0
0,0,0
0,0,0
0,0,0
0,0,0
0,0,0
0,0,0
0,0,0
0,0,0
0,0,0
0,0,0
0,0,0
0,0,0
0,0,0
0,0,0
0,0,0
0,0,0
0,0,0
0,0,0
0,0,0
0,0,0
0,0,0
0,0,0
0,0,0
0,0,0
0,0,0
0,0,0
0,0,0
0,0,0
0,0,0
0,0,0
0,0,0
0,0,0
0,0,0
0,0,0
0,0,0
0,0,0
0,0,0
0,0,0
0,0,0
0,0,0
0,0,0
0,0,0
0,0,0
0,0,0
0,0,0
0,0,0
0,0,0
0,0,0
0,0,0
0,0,0
0,0,0
0,0,0
0,0,0
0,0,0
0,0,0
0,0,0
0,0,0
0,0,0
0,0,0
0,0,0
0,0,0
0,0,0
0,0,0
0,0,0
0,0,0
0,0,0
0,0,0
0,0,0
0,0,0
0,0,0
0,0,0
0,0,0
0,0,0
0,0,0
0,0,0
0,0,0
0,0,0
0,0,0
0,0,0
0,0,0
0,0,0
0,0,0
0,0,0
0,0,0
0,0,0
0,0,0
0,0,0
0,0,0
0,0,0
0,0,0
0,0,0
0,0,0
0,0,0
0,0,0
0,0,0
0,0,0
0,0,0
0,0,0
0,0,0
0,0,0
0,0,0
0,0,0
0,0,0
0,0,0
0,0,0
0,0,0
0,0,0
0,0,0
0,0,0
0,0,0
0,0,0
0,0,0
0,0,0
0,0,0
0,0,0
0,0,0
0,0,0
0,0,0
0,0,0
0,0,0
0,0,0
0,0,0
0,0,0
0,0,0
0,0,0
0,0,0
0,0,0
0,0,0
0,0,0
0,0,0
0,0,0
0,0,0
0,0,0
0,0,0
0,0,0
0,0,0
0,0,0
0,0,0
0,0,0
0,0,0
0,0,0
0,0,0
0,0,0
0,0,0
0,0,0
0,0,0
0,0,0
0,0,0
0,0,0
0,0,0
0,0,0
0,0,0
0,0,0
0,0,0
0,0,0
0,0,0
0,0,0
0,0,0
0,0,0
0,0,0
0,0,0
0,0,0
0,0,0
0,0,0
0,0,0
0,0,0
0,0,0
0,0,0
0,0,0
0,0,0
0,0,0
0,0,0
0,0,0
0,0,0
0,0,0
0,0,0
0,0,0
0,0,0
0,0,0
0,0,0
0,0,0
0,0,0
0,0,0
0,0,0
0,0,0
0,0,0
0,0,0
0,0,0
0,0,0
0,0,0
0,0,0
0,0,0
0,0,0
0,0,0
0,0,0
0,0,0
0,0,0
0,0,0
0,0,0
0,0,0
0,0,0
0,0,0
0,0,0
0,0,0
0,0,0
0,0,0
0,0,0
0,0,0
0,0,0
0,0,0
0,0,0
0,0,0
0,0,0
0,0,0
0,0,0
0,0,0
0,0,0
0,0,0
0,0,0
0,0,0
0,0,0
0,0,0
0,0,0
0,0,0
0,0,0
0,0,0
0,0,0
0,0,0
0,0,0
0,0,0
0,0,0
0,0,0
0,0,0
0,0,0
0,0,0
0,0,0
0,0,0
0,0,0
0,0,0
0,0,0
0,0,0
0,0,0
0,0,0
0,0,0
0,0,0
0,0,0
0,0,0
0,0,0
0,0,0
0,0,0
0,0,0
0,0,0
0,0,0
0,0,0
0,0,0
0,0,0
0,0,0
0,0,0
0,0,0
0,0,0
0,0,0
0,0,0
0,0,0
0,0,0
0,0,0
0,0,0
0,0,0
0,0,0
0,0,0
0,0,0
0,0,0
0,0,0
0,0,0
0,0,0
0,0,0
0,0,0
0,0,0
0,0,0
0,0,0
0,0,0
0,0,0
0,0,0
0,0,0
0,0,0
0,0,0
0,0,0
0,0,0
0,0,0
0,0,0
0,0,0
0,0,0
0,0,0
0,0,0
0,0,0
0,0,0
0,0,0
0,0,0
0,0,0
0,0,0
0,0,0
0,0,0
0,0,0
0,0,0
0,0,0
0,0,0
0,0,0
0,0,0
0,0,0
0,0,0
0,0,0
0,0,0
0,0,0
0,0,0
0,0,0
0,0,0
0,0,0
0,0,0
0,0,0
0,0,0
0,0,0
0,0,0
0,0,0
0,0,0
0,0,0
0,0,0
0,0,0
0,0,0
0,0,0
0,0,0
0,0,0
0,0,0
0,0,0
0,0,0
0,0,0
0,0,0
0,0,0
0,0,0
0,0,0
0,0,0
0,0,0
0,0,0
0,0,0
0,0,0
0,0,0
0,0,0
0,0,0
0,0,0
0,0,0
0,0,0
0,0,0
0,0,0
0,0,0
0,0,0
0,0,0
0,0,0
0,0,0
0,0,0
0,0,0
0,0,0
0,0,0
0,0,0
0,0,0
0,0,0
0,0,0
0,0,0
0,0,0
0,0,0
0,0,0
0,0,0
0,0,0
0,0,0
0,0,0
0,0,0
0,0,0
0,0,0
0,0,0
0,0,0
0,0,0
0,0,0
0,0,0
0,0,0
0,0,0
0,0,0
0,0,0
0,0,0
0,0,0
0,0,0
0,0,0
0,0,0
0,0,0
0,0,0
0,0,0
0,0,0
0,0,0
0,0,0
0,0,0
0,0,0
0,0,0
0,0,0
0,0,0
0,0,0
0,0,0
0,0,0
0,0,0
0,0,0
0,0,0
0,0,0
0,0,0
0,0,0
0,0,0
0,0,0
0,0,0
0,0,0
0,0,0
0,0,0
0,0,0
0,0,0
0,0,0
0,0,0
0,0,0
0,0,0
0,0,0
0,0,0
0,0,0
0,0,0
0,0,0
0,0,0
0,0,0
0,0,0
0,0,0
0,0,0
0,0,0
0,0,0
0,0,0
0,0,0
0,0,0
0,0,0
0,0,0
0,0,0
0,0,0
0,0,0
0,0,0
0,0,0
0,0,0
0,0,0
0,0,0
0,0,0
0,0,0
0,0,0
0,0,0
0,0,0
0,0,0
0,0,0
0,0,0
0,0,0
0,0,0
0,0,0
0,0,0
0,0,0
0,0,0
0,0,0
0,0,0
0,0,0
0,0,0
0,0,0
0,0,0
0,0,0
0,0,0
0,0,0
0,0,0
0,0,0
0,0,0
0,0,0
0,0,0
0,0,0
0,0,0
0,0,0
0,0,0
0,0,0
0,0,0
0,0,0
0,0,0
0,0,0
0,0,0
0,0,0
0,0,0
0,0,0
0,0,0
0,0,0
0,0,0
0,0,0
0,0,0
0,0,0
0,0,0
0,0,0
0,0,0
0,0,0
0,0,0
0,0,0
0,0,0
0,0,0
0,0,0
0,0,0
0,0,0
0,0,0
0,0,0
0,0,0
0,0,0
0,0,0
0,0,0
0,0,0
0,0,0
0,0,0
0,0,0
0,0,0
0,0,0
0,0,0
0,0,0
0,0,0
0,0,0
0,0,0
0,0,0
0,0,0
0,0,0
0,0,0
0,0,0
0,0,0
0,0,0
0,0,0
0,0,0
0,0,0
0,0,0
0,0,0
0,0,0
0,0,0
0,0,0
0,0,0
0,0,0
0,0,0
0,0,0
0,0,0
0,0,0
0,0,0
0,0,0
0,0,0
0,0,0
0,0,0
0,0,0
0,0,0
0,0,0
0,0,0
0,0,0
0,0,0
0,0,0
0,0,0
0,0,0
0,0,0
0,0,0
0,0,0
0,0,0
0,0,0
0,0,0
0,0,0
0,0,0
0,0,0
0,0,0
0,0,0
0,0,0
0,0,0
0,0,0
0,0,0
0,0,0
0,0,0
0,0,0
0,0,0
0,0,0
0,0,0
0,0,0
0,0,0
0,0,0
0,0,0
0,0,0
0,0,0
0,0,0
0,0,0
0,0,0
0,0,0
0,0,0
0,0,0
0,0,0
0,0,0
0,0,0
0,0,0
0,0,0
0,0,0
0,0,0
0,0,0
0,0,0
0,0,0
0,0,0
0,0,0
0,0,0
0,0,0
0,0,0
0,0,0
0,0,0
0,0,0
0,0,0
0,0,0
0,0,0
0,0,0
0,0,0
0,0,0
0,0,0
0,0,0
0,0,0
0,0,0
0,0,0
0,0,0
0,0,0
0,0,0
0,0,0
0,0,0
0,0,0
0,0,0
0,0,0
0,0,0
0,0,0
0,0,0
0,0,0
0,0,0
0,0,0
0,0,0
0,0,0
0,0,0
0,0,0
0,0,0
0,0,0
0,0,0
0,0,0
0,0,0
0,0,0
0,0,0
0,0,0
0,0,0
0,0,0
0,0,0
0,0,0
0,0,0
0,0,0
0,0,0
0,0,0
0,0,0
0,0,0
0,0,0
0,0,0
0,0,0
0,0,0
0,0,0
0,0,0
0,0,0
0,0,0
0,0,0
0,0,0
0,0,0
0,0,0
0,0,0
0,0,0
0,0,0
0,0,0
0,0,0
0,0,0
0,0,0
0,0,0
0,0,0
0,0,0
0,0,0
0,0,0
0,0,0
0,0,0
0,0,0
0,0,0
0,0,0
0,0,0
0,0,0
0,0,0
0,0,0
0,0,0
0,0,0
0,0,0
0,0,0
0,0,0
0,0,0
0,0,0
0,0,0
0,0,0
0,0,0
0,0,0
0,0,0
0,0,0
0,0,0
0,0,0
0,0,0
0,0,0
0,0,0
0,0,0
0,0,0
0,0,0
0,0,0
0,0,0
0,0,0
0,0,0
0,0,0
0,0,0
0,0,0
0,0,0
0,0,0
0,0,0
0,0,0
0,0,0
0,0,0
0,0,0
0,0,0
0,0,0
0,0,0
0,0,0
0,0,0
0,0,0
0,0,0
0,0,0
0,0,0
0,0,0
0,0,0
0,0,0
0,0,0
0,0,0
0,0,0
0,0,0
0,0,0
0,0,0
0,0,0
0,0,0
0,0,0
0,0,0
0,0,0
0,0,0
0,0,0
0,0,0
0,0,0
0,0,0
0,0,0
0,0,0
0,0,0
0,0,0
0,0,0
0,0,0
0,0,0
0,0,0
0,0,0
0,0,0
0,0,0
0,0,0
0,0,0
0,0,0
0,0,0
0,0,0
0,0,0
0,0,0
0,0,0
0,0,0
0,0,0
0,0,0
0,0,0
0,0,0
0,0,0
0,0,0
0,0,0
0,0,0
0,0,0
0,0,0
0,0,0
0,0,0
0,0,0
0,0,0
0,0,0
0,0,0
0,0,0
0,0,0
0,0,0
0,0,0
0,0,0
0,0,0
0,0,0
0,0,0
0,0,0
0,0,0
0,0,0
0,0,0
0,0,0
0,0,0
0,0,0
0,0,0
0,0,0
0,0,0
0,0,0
0,0,0
0,0,0
0,0,0
0,0,0
0,0,0
0,0,0
0,0,0
0,0,0
0,0,0
0,0,0
0,0,0
0,0,0
0,0,0
0,0,0
0,0,0
0,0,0
0,0,0
0,0,0
0,0,0
0,0,0
0,0,0
0,0,0
0,0,0
0,0,0
0,0,0
0,0,0
0,0,0
0,0,0
0,0,0
0,0,0
0,0,0
0,0,0
0,0,0
0,0,0
0,0,0
0,0,0
0,0,0
0,0,0
0,0,0
0,0,0
0,0,0
0,0,0
0,0,0
0,0,0
0,0,0
0,0,0
0,0,0
0,0,0
0,0,0
0,0,0
0,0,0
0,0,0
0,0,0
0,0,0
0,0,0
0,0,0
0,0,0
0,0,0
0,0,0
0,0,0
0,0,0
0,0,0
0,0,0
0,0,0
0,0,0
0,0,0
0,0,0
0,0,0
0,0,0
0,0,0
0,0,0
0,0,0
0,0,0
0,0,0
0,0,0
0,0,0
0,0,0
0,0,0
0,0,0
0,0,0
0,0,0
0,0,0
0,0,0
0,0,0
0,0,0
0,0,0
0,0,0
0,0,0
0,0,0
0,0,0
0,0,0
0,0,0
0,0,0
0,0,0
0,0,0
0,0,0
0,0,0
0,0,0
0,0,0
0,0,0
0,0,0
0,0,0
0,0,0
0,0,0
0,0,0
0,0,0
0,0,0
0,0,0
0,0,0
0,0,0
0,0,0
0,0,0
0,0,0
0,0,0
0,0,0
0,0,0
0,0,0
0,0,0
0,0,0
0,0,0
0,0,0
0,0,0
0,0,0
0,0,0
0,0,0
0,0,0
0,0,0
0,0,0
0,0,0
0,0,0
0,0,0
0,0,0
0,0,0
0,0,0
0,0,0
0,0,0
0,0,0
0,0,0
0,0,0
0,0,0
0,0,0
0,0,0
0,0,0
0,0,0
0,0,0
0,0,0
0,0,0
0,0,0
0,0,0
0,0,0
0,0,0
0,0,0
0,0,0
0,0,0
0,0,0
0,0,0
0,0,0
0,0,0
0,0,0
0,0,0
0,0,0
0,0,0
0,0,0
0,0,0
0,0,0
0,0,0
0,0,0
0,0,0
0,0,0
0,0,0
0,0,0
0,0,0
0,0,0
0,0,0
0,0,0
0,0,0
0,0,0
0,0,0
0,0,0
0,0,0
0,0,0
0,0,0
0,0,0
0,0,0
0,0,0
0,0,0
0,0,0
0,0,0
0,0,0
0,0,0
0,0,0
0,0,0
0,0,0
0,0,0
0,0,0
0,0,0
0,0,0
0,0,0
0,0,0
0,0,0
0,0,0
0,0,0
0,0,0
0,0,0
0,0,0
0,0,0
0,0,0
0,0,0
0,0,0
0,0,0
0,0,0
0,0,0
0,0,0
0,0,0
0,0,0
0,0,0
0,0,0
0,0,0
0,0,0
0,0,0
0,0,0
0,0,0
0,0,0
0,0,0
0,0,0
0,0,0
0,0,0
0,0,0
0,0,0
0,0,0
0,0,0
0,0,0
0,0,0
0,0,0
0,0,0
0,0,0
0,0,0
0,0,0
0,0,0
0,0,0
0,0,0
0,0,0
0,0,0
0,0,0
0,0,0
0,0,0
0,0,0
0,0,0
0,0,0
0,0,0
0,0,0
0,0,0
0,0,0
0,0,0
0,0,0
0,0,0
0,0,0
0,0,0
0,0,0
0,0,0
0,0,0
0,0,0
0,0,0
0,0,0
0,0,0
0,0,0
0,0,0
0,0,0
0,0,0
0,0,0
0,0,0
0,0,0
0,0,0
0,0,0
0,0,0
0,0,0
0,0,0
0,0,0
0,0,0
0,0,0
0,0,0
0,0,0
0,0,0
0,0,0
0,0,0
0,0,0
0,0,0
0,0,0
0,0,0
0,0,0
0,0,0
0,0,0
0,0,0
0,0,0
0,0,0
0,0,0
0,0,0
0,0,0
0,0,0
0,0,0
0,0,0
0,0,0
0,0,0
0,0,0
0,0,0
0,0,0
0,0,0
0,0,0
0,0,0
0,0,0
0,0,0
0,0,0
0,0,0
0,0,0
0,0,0
0,0,0
0,0,0
0,0,0
0,0,0
0,0,0
0,0,0
0,0,0
0,0,0
0,0,0
0,0,0
0,0,0
0,0,0
0,0,0
0,0,0
0,0,0
0,0,0
0,0,0
0,0,0
0,0,0
0,0,0
0,0,0
0,0,0
0,0,0
0,0,0
0,0,0
0,0,0
0,0,0
0,0,0
0,0,0
0,0,0
0,0,0
0,0,0
0,0,0
0,0,0
0,0,0
0,0,0
0,0,0
0,0,0
0,0,0
0,0,0
0,0,0
0,0,0
0,0,0
0,0,0
0,0,0
0,0,0
0,0,0
0,0,0
0,0,0
0,0,0
0,0,0
0,0,0
0,0,0
0,0,0
0,0,0
0,0,0
0,0,0
0,0,0
0,0,0
0,0,0
0,0,0
0,0,0
0,0,0
0,0,0
0,0,0
0,0,0
0,0,0
0,0,0
0,0,0
0,0,0
0,0,0
0,0,0
0,0,0
0,0,0
0,0,0
0,0,0
0,0,0
0,0,0
0,0,0
0,0,0
0,0,0
0,0,0
0,0,0
0,0,0
0,0,0
0,0,0
0,0,0
0,0,0
0,0,0
0,0,0
0,0,0
0,0,0
0,0,0
0,0,0
0,0,0
0,0,0
0,0,0
0,0,0
0,0,0
0,0,0
0,0,0
0,0,0
0,0,0
0,0,0
0,0,0
0,0,0
0,0,0
0,0,0
0,0,0
0,0,0
0,0,0
0,0,0
0,0,0
0,0,0
0,0,0
0,0,0
0,0,0
0,0,0
0,0,0
0,0,0
0,0,0
0,0,0
0,0,0
0,0,0
0,0,0
0,0,0
0,0,0
0,0,0
0,0,0
0,0,0
0,0,0
0,0,0
0,0,0
0,0,0
0,0,0
0,0,0
0,0,0
0,0,0
0,0,0
0,0,0
0,0,0
0,0,0
0,0,0
0,0,0
0,0,0
0,0,0
0,0,0
0,0,0
0,0,0
0,0,0
0,0,0
0,0,0
0,0,0
0,0,0
0,0,0
0,0,0
0,0,0
0,0,0
0,0,0
0,0,0
0,0,0
0,0,0
0,0,0
0,0,0
0,0,0
0,0,0
0,0,0
0,0,0
0,0,0
0,0,0
0,0,0
0,0,0
0,0,0
0,0,0
0,0,0
0,0,0
0,0,0
0,0,0
0,0,0
0,0,0
0,0,0
0,0,0
0,0,0
0,0,0
0,0,0
0,0,0
0,0,0
0,0,0
0,0,0
0,0,0
0,0,0
0,0,0
0,0,0
0,0,0
0,0,0
0,0,0
0,0,0
0,0,0
0,0,0
0,0,0
0,0,0
0,0,0
0,0,0
0,0,0
0,0,0
0,0,0
0,0,0
0,0,0
0,0,0
0,0,0
0,0,0
0,0,0
0,0,0
0,0,0
0,0,0
0,0,0
0,0,0
0,0,0
0,0,0
0,0,0
0,0,0
0,0,0
0,0,0
0,0,0
0,0,0
0,0,0
0,0,0
0,0,0
0,0,0
0,0,0
0,0,0
0,0,0
0,0,0
0,0,0
0,0,0
0,0,0
0,0,0
0,0,0
0,0,0
0,0,0
0,0,0
0,0,0
0,0,0
0,0,0
0,0,0
0,0,0
0,0,0
0,0,0
0,0,0
0,0,0
0,0,0
0,0,0
0,0,0
0,0,0
0,0,0
0,0,0
0,0,0
0,0,0
0,0,0
0,0,0
0,0,0
0,0,0
0,0,0
0,0,0
0,0,0
0,0,0
0,0,0
0,0,0
0,0,0
0,0,0
0,0,0
0,0,0
0,0,0
0,0,0
0,0,0
0,0,0
0,0,0
0,0,0
0,0,0
0,0,0
0,0,0
0,0,0
0,0,0
0,0,0
0,0,0
0,0,0
0,0,0
0,0,0
0,0,0
0,0,0
0,0,0
0,0,0
0,0,0
0,0,0
0,0,0
0,0,0
0,0,0
0,0,0
0,0,0
0,0,0
0,0,0
0,0,0
0,0,0
0,0,0
0,0,0
0,0,0
0,0,0
0,0,0
0,0,0
0,0,0
0,0,0
0,0,0
0,0,0
0,0,0
0,0,0
0,0,0
0,0,0
0,0,0
0,0,0
0,0,0
0,0,0
0,0,0
0,0,0
0,0,0
0,0,0
0,0,0
0,0,0
0,0,0
0,0,0
0,0,0
0,0,0
0,0,0
0,0,0
0,0,0
0,0,0
0,0,0
0,0,0
0,0,0
0,0,0
0,0,0
0,0,0
0,0,0
0,0,0
0,0,0
0,0,0
0,0,0
0,0,0
0,0,0
0,0,0
0,0,0
0,0,0
0,0,0
0,0,0
0,0,0
0,0,0
0,0,0
0,0,0
0,0,0
0,0,0
0,0,0
0,0,0
0,0,0
0,0,0
0,0,0
0,0,0
0,0,0
0,0,0
0,0,0
0,0,0
0,0,0
0,0,0
0,0,0
0,0,0
0,0,0
0,0,0
0,0,0
0,0,0
0,0,0
0,0,0
0,0,0
0,0,0
0,0,0
0,0,0
0,0,0
0,0,0
0,0,0
0,0,0
0,0,0
0,0,0
0,0,0
0,0,0
0,0,0
0,0,0
0,0,0
0,0,0
0,0,0
0,0,0
0,0,0
0,0,0
0,0,0
0,0,0
0,0,0
0,0,0
0,0,0
0,0,0
0,0,0
0,0,0
0,0,0
0,0,0
0,0,0
0,0,0
0,0,0
0,0,0
0,0,0
0,0,0
0,0,0
0,0,0
0,0,0
0,0,0
0,0,0
0,0,0
0,0,0
0,0,0
0,0,0
0,0,0
0,0,0
0,0,0
0,0,0
0,0,0
0,0,0
0,0,0
0,0,0
0,0,0
0,0,0
0,0,0
0,0,0
0,0,0
0,0,0
0,0,0
0,0,0
0,0,0
0,0,0
0,0,0
0,0,0
0,0,0
0,0,0
0,0,0
0,0,0
0,0,0
0,0,0
0,0,0
0,0,0
0,0,0
0,0,0
0,0,0
0,0,0
0,0,0
0,0,0
0,0,0
0,0,0
0,0,0
0,0,0
0,0,0
0,0,0
0,0,0
0,0,0
0,0,0
0,0,0
0,0,0
0,0,0
0,0,0
0,0,0
0,0,0
0,0,0
0,0,0
0,0,0
0,0,0
0,0,0
0,0,0
0,0,0
0,0,0
0,0,0
0,0,0
0,0,0
0,0,0
0,0,0
0,0,0
0,0,0
0,0,0
0,0,0
0,0,0
0,0,0
0,0,0
0,0,0
0,0,0
0,0,0
0,0,0
0,0,0
0,0,0
0,0,0
0,0,0
0,0,0
0,0,0
0,0,0
0,0,0
0,0,0
0,0,0
0,0,0
0,0,0
0,0,0
0,0,0
0,0,0
0,0,0
0,0,0
0,0,0
0,0,0
0,0,0
0,0,0
0,0,0
0,0,0
0,0,0
0,0,0
0,0,0
0,0,0
0,0,0
0,0,0
0,0,0
0,0,0
0,0,0
0,0,0
0,0,0
0,0,0
0,0,0
0,0,0
0,0,0
0,0,0
0,0,0
0,0,0
0,0,0
0,0,0
0,0,0
0,0,0
0,0,0
0,0,0
0,0,0
0,0,0
0,0,0
0,0,0
0,0,0
0,0,0
0,0,0
0,0,0
0,0,0
0,0,0
0,0,0
0,0,0
0,0,0
0,0,0
0,0,0
0,0,0
0,0,0
0,0,0
0,0,0
0,0,0
0,0,0
0,0,0
0,0,0
0,0,0
0,0,0
0,0,0
0,0,0
0,0,0
0,0,0
0,0,0
0,0,0
0,0,0
0,0,0
0,0,0
0,0,0
0,0,0
0,0,0
0,0,0
0,0,0
0,0,0
0,0,0
0,0,0
0,0,0
0,0,0
0,0,0
0,0,0
0,0,0
0,0,0
0,0,0
0,0,0
0,0,0
0,0,0
0,0,0
0,0,0
0,0,0
0,0,0
0,0,0
0,0,0
0,0,0
0,0,0
0,0,0
0,0,0
0,0,0
0,0,0
0,0,0
0,0,0
0,0,0
0,0,0
0,0,0
0,0,0
0,0,0
0,0,0
0,0,0
0,0,0
0,0,0
0,0,0
0,0,0
0,0,0
0,0,0
0,0,0
0,0,0
0,0,0
0,0,0
0,0,0
0,0,0
0,0,0
0,0,0
0,0,0
0,0,0
0,0,0
0,0,0
0,0,0
0,0,0
0,0,0
0,0,0
0,0,0
0,0,0
0,0,0
0,0,0
0,0,0
0,0,0
0,0,0
0,0,0
0,0,0
0,0,0
0,0,0
0,0,0
0,0,0
0,0,0
0,0,0
0,0,0
0,0,0
0,0,0
0,0,0
0,0,0
0,0,0
0,0,0
0,0,0
0,0,0
0,0,0
0,0,0
0,0,0
0,0,0
0,0,0
0,0,0
0,0,0
0,0,0
0,0,0
0,0,0
0,0,0
0,0,0
0,0,0
0,0,0
0,0,0
0,0,0
0,0,0
0,0,0
0,0,0
0,0,0
0,0,0
0,0,0
0,0,0
0,0,0
0,0,0
0,0,0
0,0,0
0,0,0
0,0,0
0,0,0
0,0,0
0,0,0
0,0,0
0,0,0
0,0,0
0,0,0
0,0,0
0,0,0
0,0,0
0,0,0
0,0,0
0,0,0
0,0,0
0,0,0
0,0,0
0,0,0
0,0,0
0,0,0
0,0,0
0,0,0
0,0,0
0,0,0
0,0,0
0,0,0
0,0,0
0,0,0
0,0,0
0,0,0
0,0,0
0,0,0
0,0,0
0,0,0
0,0,0
0,0,0
0,0,0
0,0,0
0,0,0
0,0,0
0,0,0
0,0,0
0,0,0
0,0,0
0,0,0
0,0,0
0,0,0
0,0,0
0,0,0
0,0,0
0,0,0
0,0,0
0,0,0
0,0,0
0,0,0
0,0,0
0,0,0
0,0,0
0,0,0
0,0,0
0,0,0
0,0,0
0,0,0
0,0,0
0,0,0
0,0,0
0,0,0
0,0,0
0,0,0
0,0,0
0,0,0
0,0,0
0,0,0
0,0,0
0,0,0
0,0,0
0,0,0
0,0,0
0,0,0
0,0,0
0,0,0
0,0,0
0,0,0
0,0,0
0,0,0
0,0,0
0,0,0
0,0,0
0,0,0
0,0,0
0,0,0
0,0,0
0,0,0
0,0,0
0,0,0
0,0,0
0,0,0
0,0,0
0,0,0
0,0,0
0,0,0
0,0,0
0,0,0
0,0,0
0,0,0
0,0,0
0,0,0
0,0,0
0,0,0
0,0,0
0,0,0
0,0,0
0,0,0
0,0,0
0,0,0
0,0,0
0,0,0
0,0,0
0,0,0
0,0,0
0,0,0
0,0,0
0,0,0
0,0,0
0,0,0
0,0,0
0,0,0
0,0,0
0,0,0
0,0,0
0,0,0
0,0,0
0,0,0
0,0,0
0,0,0
0,0,0
0,0,0
0,0,0
0,0,0
0,0,0
0,0,0
0,0,0
0,0,0
0,0,0
0,0,0
0,0,0
0,0,0
0,0,0
0,0,0
0,0,0
0,0,0
0,0,0
0,0,0
0,0,0
0,0,0
0,0,0
0,0,0
0,0,0
0,0,0
0,0,0
0,0,0
0,0,0
0,0,0
0,0,0
0,0,0
0,0,0
0,0,0
0,0,0
0,0,0
0,0,0
0,0,0
0,0,0
0,0,0
0,0,0
0,0,0
0,0,0
0,0,0
0,0,0
0,0,0
0,0,0
0,0,0
0,0,0
0,0,0
0,0,0
0,0,0
0,0,0
0,0,0
0,0,0
0,0,0
0,0,0
0,0,0
0,0,0
0,0,0
0,0,0
0,0,0
0,0,0
0,0,0
0,0,0
0,0,0
0,0,0
0,0,0
0,0,0
0,0,0
0,0,0
0,0,0
0,0,0
0,0,0
0,0,0
0,0,0
0,0,0
0,0,0
0,0,0
0,0,0
0,0,0
0,0,0
0,0,0
0,0,0
0,0,0
0,0,0
0,0,0
0,0,0
0,0,0
0,0,0
0,0,0
0,0,0
0,0,0
0,0,0
0,0,0
0,0,0
0,0,0
0,0,0
0,0,0
0,0,0
0,0,0
0,0,0
0,0,0
0,0,0
0,0,0
0,0,0
0,0,0
0,0,0
0,0,0
0,0,0
0,0,0
0,0,0
0,0,0
0,0,0
0,0,0
0,0,0
0,0,0
0,0,0
0,0,0
0,0,0
0,0,0
0,0,0
0,0,0
0,0,0
0,0,0
0,0,0
0,0,0
0,0,0
0,0,0
0,0,0
0,0,0
0,0,0
0,0,0
0,0,0
0,0,0
0,0,0
0,0,0
0,0,0
0,0,0
0,0,0
0,0,0
0,0,0
0,0,0
0,0,0
0,0,0
0,0,0
0,0,0
0,0,0
0,0,0
0,0,0
0,0,0
0,0,0
0,0,0
0,0,0
0,0,0
0,0,0
0,0,0
0,0,0
0,0,0
0,0,0
0,0,0
0,0,0
0,0,0
0,0,0
0,0,0
0,0,0
0,0,0
0,0,0
0,0,0
0,0,0
0,0,0
0,0,0
0,0,0
0,0,0
0,0,0
0,0,0
0,0,0
0,0,0
0,0,0
0,0,0
0,0,0
0,0,0
0,0,0
0,0,0
0,0,0
0,0,0
0,0,0
0,0,0
0,0,0
0,0,0
0,0,0
0,0,0
0,0,0
0,0,0
0,0,0
0,0,0
0,0,0
0,0,0
0,0,0
0,0,0
0,0,0
0,0,0
0,0,0
0,0,0
0,0,0
0,0,0
0,0,0
0,0,0
0,0,0
0,0,0
0,0,0
0,0,0
0,0,0
0,0,0
0,0,0
0,0,0
0,0,0
0,0,0
0,0,0
0,0,0
0,0,0
0,0,0
0,0,0
0,0,0
0,0,0
0,0,0
0,0,0
0,0,0
0,0,0
0,0,0
0,0,0
0,0,0
0,0,0
0,0,0
0,0,0
0,0,0
0,0,0
0,0,0
0,0,0
0,0,0
0,0,0
0,0,0
0,0,0
0,0,0
0,0,0
0,0,0
0,0,0
0,0,0
0,0,0
0,0,0
0,0,0
0,0,0
0,0,0
0,0,0
0,0,0
0,0,0
0,0,0
0,0,0
0,0,0
0,0,0
0,0,0
0,0,0
0,0,0
0,0,0
0,0,0
0,0,0
0,0,0
0,0,0
0,0,0
0,0,0
0,0,0
0,0,0
0,0,0
0,0,0
0,0,0
0,0,0
0,0,0
0,0,0
0,0,0
0,0,0
0,0,0
0,0,0
0,0,0
0,0,0
0,0,0
0,0,0
0,0,0
0,0,0
0,0,0
0,0,0
0,0,0
0,0,0
0,0,0
0,0,0
0,0,0
0,0,0
0,0,0
0,0,0
0,0,0
0,0,0
0,0,0
0,0,0
0,0,0
0,0,0
0,0,0
0,0,0
0,0,0
0,0,0
0,0,0
0,0,0
0,0,0
0,0,0
0,0,0
0,0,0
0,0,0
0,0,0
0,0,0
0,0,0
0,0,0
0,0,0
0,0,0
0,0,0
0,0,0
0,0,0
0,0,0
0,0,0
0,0,0
0,0,0
0,0,0
0,0,0
0,0,0
0,0,0
0,0,0
0,0,0
0,0,0
0,0,0
0,0,0
0,0,0
0,0,0
0,0,0
0,0,0
0,0,0
0,0,0
0,0,0
0,0,0
0,0,0
0,0,0
0,0,0
0,0,0
0,0,0
0,0,0
0,0,0
0,0,0
0,0,0
0,0,0
0,0,0
0,0,0
0,0,0
0,0,0
0,0,0
0,0,0
0,0,0
0,0,0
0,0,0
0,0,0
0,0,0
0,0,0
0,0,0
0,0,0
0,0,0
0,0,0
0,0,0
0,0,0
0,0,0
0,0,0
0,0,0
0,0,0
0,0,0
0,0,0
0,0,0
0,0,0
0,0,0
0,0,0
0,0,0
0,0,0
0,0,0
0,0,0
0,0,0
0,0,0
0,0,0
0,0,0
0,0,0
0,0,0
0,0,0
0,0,0
0,0,0
0,0,0
0,0,0
0,0,0
0,0,0
0,0,0
0,0,0
0,0,0
0,0,0
0,0,0
0,0,0
0,0,0
0,0,0
0,0,0
0,0,0
0,0,0
0,0,0
0,0,0
0,0,0
0,0,0
0,0,0
0,0,0
0,0,0
0,0,0
0,0,0
0,0,0
0,0,0
0,0,0
0,0,0
0,0,0
0,0,0
0,0,0
0,0,0
0,0,0
0,0,0
0,0,0
0,0,0
0,0,0
0,0,0
0,0,0
0,0,0
0,0,0
0,0,0
0,0,0
0,0,0
0,0,0
0,0,0
0,0,0
0,0,0
0,0,0
0,0,0
0,0,0
0,0,0
0,0,0
0,0,0
0,0,0
0,0,0
0,0,0
0,0,0
0,0,0
0,0,0
0,0,0
0,0,0
0,0,0
0,0,0
0,0,0
0,0,0
0,0,0
0,0,0
0,0,0
0,0,0
0,0,0
0,0,0
0,0,0
0,0,0
0,0,0
0,0,0
0,0,0
0,0,0
0,0,0
0,0,0
0,0,0
0,0,0
0,0,0
0,0,0
0,0,0
0,0,0
0,0,0
0,0,0
0,0,0
0,0,0
0,0,0
0,0,0
0,0,0
0,0,0
0,0,0
0,0,0
0,0,0
0,0,0
0,0,0
0,0,0
0,0,0
0,0,0
0,0,0
0,0,0
0,0,0
0,0,0
0,0,0
0,0,0
0,0,0
0,0,0
0,0,0
0,0,0
0,0,0
0,0,0
0,0,0
0,0,0
0,0,0
0,0,0
0,0,0
0,0,0
0,0,0
0,0,0
0,0,0
0,0,0
0,0,0
0,0,0
0,0,0
0,0,0
0,0,0
0,0,0
0,0,0
0,0,0
0,0,0
0,0,0
0,0,0
0,0,0
0,0,0
0,0,0
0,0,0
0,0,0
0,0,0
0,0,0
0,0,0
0,0,0
0,0,0
0,0,0
0,0,0
0,0,0
0,0,0
0,0,0
0,0,0
0,0,0
0,0,0
0,0,0
0,0,0
0,0,0
0,0,0
0,0,0
0,0,0
0,0,0
0,0,0
0,0,0
0,0,0
0,0,0
0,0,0
0,0,0
0,0,0
0,0,0
0,0,0
0,0,0
0,0,0
0,0,0
0,0,0
0,0,0
0,0,0
0,0,0
0,0,0
0,0,0
0,0,0
0,0,0
0,0,0
0,0,0
0,0,0
0,0,0
0,0,0
0,0,0
0,0,0
0,0,0
0,0,0
0,0,0
0,0,0
0,0,0
0,0,0
0,0,0
0,0,0
0,0,0
0,0,0
0,0,0
0,0,0
0,0,0
0,0,0
0,0,0
0,0,0
0,0,0
0,0,0
0,0,0
0,0,0
0,0,0
0,0,0
0,0,0
0,0,0
0,0,0
0,0,0
0,0,0
0,0,0
0,0,0
0,0,0
0,0,0
0,0,0
0,0,0
0,0,0
0,0,0
0,0,0
0,0,0
0,0,0
0,0,0
0,0,0
0,0,0
0,0,0
0,0,0
0,0,0
0,0,0
0,0,0
0,0,0
0,0,0
0,0,0
0,0,0
0,0,0
0,0,0
0,0,0
0,0,0
0,0,0
0,0,0
0,0,0
0,0,0
0,0,0
0,0,0
0,0,0
0,0,0
0,0,0
0,0,0
0,0,0
0,0,0
0,0,0
0,0,0
0,0,0
0,0,0
0,0,0
0,0,0
0,0,0
0,0,0
0,0,0
0,0,0
0,0,0
0,0,0
0,0,0
0,0,0
0,0,0
0,0,0
0,0,0
0,0,0
0,0,0
0,0,0
0,0,0
0,0,0
0,0,0
0,0,0
0,0,0
0,0,0
0,0,0
0,0,0
0,0,0
0,0,0
0,0,0
0,0,0
0,0,0
0,0,0
0,0,0
0,0,0
0,0,0
0,0,0
0,0,0
0,0,0
0,0,0
0,0,0
0,0,0
0,0,0
0,0,0
0,0,0
0,0,0
0,0,0
0,0,0
0,0,0
0,0,0
0,0,0
0,0,0
0,0,0
0,0,0
0,0,0
0,0,0
0,0,0
0,0,0
0,0,0
0,0,0
0,0,0
0,0,0
0,0,0
0,0,0
0,0,0
0,0,0
0,0,0
0,0,0
0,0,0
0,0,0
0,0,0
0,0,0
0,0,0
0,0,0
0,0,0
0,0,0
0,0,0
0,0,0
0,0,0
0,0,0
0,0,0
0,0,0
0,0,0
0,0,0
0,0,0
0,0,0
0,0,0
0,0,0
0,0,0
0,0,0
0,0,0
0,0,0
0,0,0
0,0,0
0,0,0
0,0,0
0,0,0
0,0,0
0,0,0
0,0,0
0,0,0
0,0,0
0,0,0
0,0,0
0,0,0
0,0,0
0,0,0
0,0,0
0,0,0
0,0,0
0,0,0
0,0,0
0,0,0
0,0,0
0,0,0
0,0,0
0,0,0
0,0,0
0,0,0
0,0,0
0,0,0
0,0,0
0,0,0
0,0,0
0,0,0
0,0,0
0,0,0
0,0,0
0,0,0
0,0,0
0,0,0
0,0,0
0,0,0
0,0,0
0,0,0
0,0,0
0,0,0
0,0,0
0,0,0
0,0,0
0,0,0
0,0,0
0,0,0
0,0,0
0,0,0
0,0,0
0,0,0
0,0,0
0,0,0
0,0,0
0,0,0
0,0,0
0,0,0
0,0,0
0,0,0
0,0,0
0,0,0
0,0,0
0,0,0
0,0,0
0,0,0
0,0,0
0,0,0
0,0,0
0,0,0
0,0,0
0,0,0
0,0,0
0,0,0
0,0,0
0,0,0
0,0,0
0,0,0
0,0,0
0,0,0
0,0,0
0,0,0
0,0,0
0,0,0
0,0,0
0,0,0
0,0,0
0,0,0
0,0,0
0,0,0
0,0,0
0,0,0
0,0,0
0,0,0
0,0,0
0,0,0
0,0,0
0,0,0
0,0,0
0,0,0
0,0,0
0,0,0
0,0,0
0,0,0
0,0,0
0,0,0
0,0,0
0,0,0
0,0,0
0,0,0
0,0,0
0,0,0
0,0,0
0,0,0
0,0,0
0,0,0
0,0,0
0,0,0
0,0,0
0,0,0
0,0,0
0,0,0
0,0,0
0,0,0
0,0,0
0,0,0
0,0,0
0,0,0
0,0,0
0,0,0
0,0,0
0,0,0
0,0,0
0,0,0
0,0,0
0,0,0
0,0,0
0,0,0
0,0,0
0,0,0
0,0,0
0,0,0
0,0,0
0,0,0
0,0,0
0,0,0
0,0,0
0,0,0
0,0,0
0,0,0
0,0,0
0,0,0
0,0,0
0,0,0
0,0,0
0,0,0
0,0,0
0,0,0
0,0,0
0,0,0
0,0,0
0,0,0
0,0,0
0,0,0
0,0,0
0,0,0
0,0,0
0,0,0
0,0,0
0,0,0
0,0,0
0,0,0
0,0,0
0,0,0
0,0,0
0,0,0
0,0,0
0,0,0
0,0,0
0,0,0
0,0,0
0,0,0
0,0,0
0,0,0
0,0,0
0,0,0
0,0,0
0,0,0
0,0,0
0,0,0
0,0,0
0,0,0
0,0,0
0,0,0
0,0,0
0,0,0
0,0,0
0,0,0
0,0,0
0,0,0
0,0,0
0,0,0
0,0,0
0,0,0
0,0,0
0,0,0
0,0,0
0,0,0
0,0,0
0,0,0
0,0,0
0,0,0
0,0,0
0,0,0
0,0,0
0,0,0
0,0,0
0,0,0
0,0,0
0,0,0
0,0,0
0,0,0
0,0,0
0,0,0
0,0,0
0,0,0
0,0,0
0,0,0
0,0,0
0,0,0
0,0,0
0,0,0
0,0,0
0,0,0
0,0,0
0,0,0
0,0,0
0,0,0
0,0,0
0,0,0
0,0,0
0,0,0
0,0,0
0,0,0
0,0,0
0,0,0
0,0,0
0,0,0
0,0,0
0,0,0
0,0,0
0,0,0
0,0,0
0,0,0
0,0,0
0,0,0
0,0,0
0,0,0
0,0,0
0,0,0
0,0,0
0,0,0
0,0,0
0,0,0
0,0,0
0,0,0
0,0,0
0,0,0
0,0,0
0,0,0
0,0,0
0,0,0
0,0,0
0,0,0
0,0,0
0,0,0
0,0,0
0,0,0
0,0,0
0,0,0
0,0,0
0,0,0
0,0,0
0,0,0
0,0,0
0,0,0
0,0,0
0,0,0
0,0,0
0,0,0
0,0,0
0,0,0
0,0,0
0,0,0
0,0,0
0,0,0
0,0,0
0,0,0
0,0,0
0,0,0
0,0,0
0,0,0
0,0,0
0,0,0
0,0,0
0,0,0
0,0,0
0,0,0
0,0,0
0,0,0
0,0,0
0,0,0
0,0,0
0,0,0
0,0,0
0,0,0
0,0,0
0,0,0
0,0,0
0,0,0
0,0,0
0,0,0
0,0,0
0,0,0
0,0,0
0,0,0
0,0,0
0,0,0
0,0,0
0,0,0
0,0,0
0,0,0
0,0,0
0,0,0
0,0,0
0,0,0
0,0,0
0,0,0
0,0,0
0,0,0
0,0,0
0,0,0
0,0,0
0,0,0
0,0,0
0,0,0
0,0,0
0,0,0
0,0,0
0,0,0
0,0,0
0,0,0
0,0,0
0,0,0
0,0,0
0,0,0
0,0,0
0,0,0
0,0,0
0,0,0
0,0,0
0,0,0
0,0,0
0,0,0
0,0,0
0,0,0
0,0,0
0,0,0
0,0,0
0,0,0
0,0,0
0,0,0
0,0,0
0,0,0
0,0,0
0,0,0
0,0,0
0,0,0
0,0,0
0,0,0
0,0,0
0,0,0
0,0,0
0,0,0
0,0,0
0,0,0
0,0,0
0,0,0
0,0,0
0,0,0
0,0,0
0,0,0
0,0,0
0,0,0
0,0,0
0,0,0
0,0,0
0,0,0
0,0,0
0,0,0
0,0,0
0,0,0
0,0,0
0,0,0
0,0,0
0,0,0
0,0,0
0,0,0
0,0,0
0,0,0
0,0,0
0,0,0
0,0,0
0,0,0
0,0,0
0,0,0
0,0,0
0,0,0
0,0,0
0,0,0
0,0,0
0,0,0
0,0,0
0,0,0
0,0,0
0,0,0
0,0,0
0,0,0
0,0,0
0,0,0
0,0,0
0,0,0
0,0,0
0,0,0
0,0,0
0,0,0
0,0,0
0,0,0
0,0,0
0,0,0
0,0,0
0,0,0
0,0,0
0,0,0
0,0,0
0,0,0
0,0,0
0,0,0
0,0,0
0,0,0
0,0,0
0,0,0
0,0,0
0,0,0
0,0,0
0,0,0
0,0,0
0,0,0
0,0,0
0,0,0
0,0,0
0,0,0
0,0,0
0,0,0
0,0,0
0,0,0
0,0,0
0,0,0
0,0,0
0,0,0
0,0,0
0,0,0
0,0,0
0,0,0
0,0,0
0,0,0
0,0,0
0,0,0
0,0,0
0,0,0
0,0,0
0,0,0
0,0,0
0,0,0
0,0,0
0,0,0
0,0,0
0,0,0
0,0,0
0,0,0
0,0,0
0,0,0
0,0,0
0,0,0
0,0,0
0,0,0
0,0,0
0,0,0
0,0,0
0,0,0
0,0,0
0,0,0
0,0,0
0,0,0
0,0,0
0,0,0
0,0,0
0,0,0
0,0,0
0,0,0
0,0,0
0,0,0
0,0,0
0,0,0
0,0,0
0,0,0
0,0,0
0,0,0
0,0,0
0,0,0
0,0,0
0,0,0
0,0,0
0,0,0
0,0,0
0,0,0
0,0,0
0,0,0
0,0,0
0,0,0
0,0,0
0,0,0
0,0,0
0,0,0
0,0,0
0,0,0
0,0,0
0,0,0
0,0,0
0,0,0
0,0,0
0,0,0
0,0,0
0,0,0
0,0,0
0,0,0
0,0,0
0,0,0
0,0,0
0,0,0
0,0,0
0,0,0
0,0,0
0,0,0
0,0,0
0,0,0
0,0,0
0,0,0
0,0,0
0,0,0
0,0,0
0,0,0
0,0,0
0,0,0
0,0,0
0,0,0
0,0,0
0,0,0
0,0,0
0,0,0
0,0,0
0,0,0
0,0,0
0,0,0
0,0,0
0,0,0
0,0,0
0,0,0
0,0,0
0,0,0
0,0,0
0,0,0
0,0,0
0,0,0
0,0,0
0,0,0
0,0,0
0,0,0
0,0,0
0,0,0
0,0,0
0,0,0
0,0,0
0,0,0
0,0,0
0,0,0
0,0,0
0,0,0
0,0,0
0,0,0
0,0,0
0,0,0
0,0,0
0,0,0
0,0,0
0,0,0
0,0,0
0,0,0
0,0,0
0,0,0
0,0,0
0,0,0
0,0,0
0,0,0
0,0,0
0,0,0
0,0,0
0,0,0
0,0,0
0,0,0
0,0,0
0,0,0
0,0,0
0,0,0
0,0,0
0,0,0
0,0,0
0,0,0
0,0,0
0,0,0
0,0,0
0,0,0
0,0,0
0,0,0
0,0,0
0,0,0
0,0,0
0,0,0
0,0,0
0,0,0
0,0,0
0,0,0
0,0,0
0,0,0
0,0,0
0,0,0
0,0,0
0,0,0
0,0,0
0,0,0
0,0,0
0,0,0
0,0,0
0,0,0
0,0,0
0,0,0
0,0,0
0,0,0
0,0,0
0,0,0
0,0,0
0,0,0
0,0,0
0,0,0
0,0,0
0,0,0
0,0,0
0,0,0
0,0,0
0,0,0
0,0,0
0,0,0
0,0,0
0,0,0
0,0,0
0,0,0
0,0,0
0,0,0
0,0,0
0,0,0
0,0,0
0,0,0
0,0,0
0,0,0
0,0,0
0,0,0
0,0,0
0,0,0
0,0,0
0,0,0
0,0,0
0,0,0
0,0,0
0,0,0
0,0,0
0,0,0
0,0,0
0,0,0
0,0,0
0,0,0
0,0,0
0,0,0
0,0,0
0,0,0
0,0,0
0,0,0
0,0,0
0,0,0
0,0,0
0,0,0
0,0,0
0,0,0
0,0,0
0,0,0
0,0,0
0,0,0
0,0,0
0,0,0
0,0,0
0,0,0
0,0,0
0,0,0
0,0,0
0,0,0
0,0,0
0,0,0
0,0,0
0,0,0
0,0,0
0,0,0
0,0,0
0,0,0
0,0,0
0,0,0
0,0,0
0,0,0
0,0,0
0,0,0
0,0,0
0,0,0
0,0,0
0,0,0
0,0,0
0,0,0
0,0,0
0,0,0
0,0,0
0,0,0
0,0,0
0,0,0
0,0,0
0,0,0
0,0,0
0,0,0
0,0,0
0,0,0
0,0,0
0,0,0
0,0,0
0,0,0
0,0,0
0,0,0
0,0,0
0,0,0
0,0,0
0,0,0
0,0,0
0,0,0
0,0,0
0,0,0
0,0,0
0,0,0
0,0,0
0,0,0
0,0,0
0,0,0
0,0,0
0,0,0
0,0,0
0,0,0
0,0,0
0,0,0
0,0,0
0,0,0
0,0,0
0,0,0
0,0,0
0,0,0
0,0,0
0,0,0
0,0,0
0,0,0
0,0,0
0,0,0
0,0,0
0,0,0
0,0,0
0,0,0
0,0,0
0,0,0
0,0,0
0,0,0
0,0,0
0,0,0
0,0,0
0,0,0
0,0,0
0,0,0
0,0,0
0,0,0
0,0,0
0,0,0
0,0,0
0,0,0
0,0,0
0,0,0
0,0,0
0,0,0
0,0,0
0,0,0
0,0,0
0,0,0
0,0,0
0,0,0
0,0,0
0,0,0
0,0,0
0,0,0
0,0,0
0,0,0
0,0,0
0,0,0
0,0,0
0,0,0
0,0,0
0,0,0
0,0,0
0,0,0
0,0,0
0,0,0
0,0,0
0,0,0
0,0,0
0,0,0
0,0,0
0,0,0
0,0,0
0,0,0
0,0,0
0,0,0
0,0,0
0,0,0
0,0,0
0,0,0
0,0,0
0,0,0
0,0,0
0,0,0
0,0,0
0,0,0
0,0,0
0,0,0
0,0,0
0,0,0
0,0,0
0,0,0
0,0,0
0,0,0
0,0,0
0,0,0
0,0,0
0,0,0
0,0,0
0,0,0
0,0,0
0,0,0
0,0,0
0,0,0
0,0,0
0,0,0
0,0,0
0,0,0
0,0,0
0,0,0
0,0,0
0,0,0
0,0,0
0,0,0
0,0,0
0,0,0
0,0,0
0,0,0
0,0,0
0,0,0
0,0,0
0,0,0
0,0,0
0,0,0
0,0,0
0,0,0
0,0,0
0,0,0
0,0,0
0,0,0
0,0,0
0,0,0
0,0,0
0,0,0
0,0,0
0,0,0
0,0,0
0,0,0
0,0,0
0,0,0
0,0,0
0,0,0
0,0,0
0,0,0
0,0,0
0,0,0
0,0,0
0,0,0
0,0,0
0,0,0
0,0,0
0,0,0
0,0,0
0,0,0
0,0,0
0,0,0
0,0,0
0,0,0
0,0,0
0,0,0
0,0,0
0,0,0
0,0,0
0,0,0
0,0,0
0,0,0
0,0,0
0,0,0
0,0,0
0,0,0
0,0,0
0,0,0
0,0,0
0,0,0
0,0,0
0,0,0
0,0,0
0,0,0
0,0,0
0,0,0
0,0,0
0,0,0
0,0,0
0,0,0
0,0,0
0,0,0
0,0,0
0,0,0
0,0,0
0,0,0
0,0,0
0,0,0
0,0,0
0,0,0
0,0,0
0,0,0
0,0,0
0,0,0
0,0,0
0,0,0
0,0,0
0,0,0
0,0,0
0,0,0
0,0,0
0,0,0
0,0,0
0,0,0
0,0,0
0,0,0
0,0,0
0,0,0
0,0,0
0,0,0
0,0,0
0,0,0
0,0,0
0,0,0
0,0,0
0,0,0
0,0,0
0,0,0
0,0,0
0,0,0
0,0,0
0,0,0
0,0,0
0,0,0
0,0,0
0,0,0
0,0,0
0,0,0
0,0,0
0,0,0
0,0,0
0,0,0
0,0,0
0,0,0
0,0,0
0,0,0
0,0,0
0,0,0
0,0,0
0,0,0
0,0,0
0,0,0
0,0,0
0,0,0
0,0,0
0,0,0
0,0,0
0,0,0
0,0,0
0,0,0
0,0,0
0,0,0
0,0,0
0,0,0
0,0,0
0,0,0
0,0,0
0,0,0
0,0,0
0,0,0
0,0,0
0,0,0
0,0,0
0,0,0
0,0,0
0,0,0
0,0,0
0,0,0
0,0,0
0,0,0
0,0,0
0,0,0
0,0,0
0,0,0
0,0,0
0,0,0
0,0,0
0,0,0
0,0,0
0,0,0
0,0,0
0,0,0
0,0,0
0,0,0
0,0,0
0,0,0
0,0,0
0,0,0
0,0,0
0,0,0
0,0,0
0,0,0
0,0,0
0,0,0
0,0,0
0,0,0
0,0,0
0,0,0
0,0,0
0,0,0
0,0,0
0,0,0
0,0,0
0,0,0
0,0,0
0,0,0
0,0,0
0,0,0
0,0,0
0,0,0
0,0,0
0,0,0
0,0,0
0,0,0
0,0,0
0,0,0
0,0,0
0,0,0
0,0,0
0,0,0
0,0,0
0,0,0
0,0,0
0,0,0
0,0,0
0,0,0
0,0,0
0,0,0
0,0,0
0,0,0
0,0,0
0,0,0
0,0,0
0,0,0
0,0,0
0,0,0
0,0,0
0,0,0
0,0,0
0,0,0
0,0,0
0,0,0
0,0,0
0,0,0
0,0,0
0,0,0
0,0,0
0,0,0
0,0,0
0,0,0
0,0,0
0,0,0
0,0,0
0,0,0
0,0,0
0,0,0
0,0,0
0,0,0
0,0,0
0,0,0
0,0,0
0,0,0
0,0,0
0,0,0
0,0,0
0,0,0
0,0,0
0,0,0
0,0,0
0,0,0
0,0,0
0,0,0
0,0,0
0,0,0
0,0,0
0,0,0
0,0,0
0,0,0
0,0,0
0,0,0
0,0,0
0,0,0
0,0,0
0,0,0
0,0,0
0,0,0
0,0,0
0,0,0
0,0,0
0,0,0
0,0,0
0,0,0
0,0,0
0,0,0
0,0,0
0,0,0
0,0,0
0,0,0
0,0,0
0,0,0
0,0,0
0,0,0
0,0,0
0,0,0
0,0,0
0,0,0
0,0,0
0,0,0
0,0,0
0,0,0
0,0,0
0,0,0
0,0,0
0,0,0
0,0,0
0,0,0
0,0,0
0,0,0
0,0,0
0,0,0
0,0,0
0,0,0
0,0,0
0,0,0
0,0,0
0,0,0
0,0,0
0,0,0
0,0,0
0,0,0
0,0,0
0,0,0
0,0,0
0,0,0
0,0,0
0,0,0
0,0,0
0,0,0
0,0,0
0,0,0
0,0,0
0,0,0
0,0,0
0,0,0
0,0,0
0,0,0
0,0,0
0,0,0
0,0,0
0,0,0
0,0,0
0,0,0
0,0,0
0,0,0
0,0,0
0,0,0
0,0,0
0,0,0
0,0,0
0,0,0
0,0,0
0,0,0
0,0,0
0,0,0
0,0,0
0,0,0
0,0,0
0,0,0
0,0,0
0,0,0
0,0,0
0,0,0
0,0,0
0,0,0
0,0,0
0,0,0
0,0,0
0,0,0
0,0,0
0,0,0
0,0,0
0,0,0
0,0,0
0,0,0
0,0,0
0,0,0
0,0,0
0,0,0
0,0,0
0,0,0
0,0,0
0,0,0
0,0,0
0,0,0
0,0,0
0,0,0
0,0,0
0,0,0
0,0,0
0,0,0
0,0,0
0,0,0
0,0,0
0,0,0
0,0,0
0,0,0
0,0,0
0,0,0
0,0,0
0,0,0
0,0,0
0,0,0
0,0,0
0,0,0
0,0,0
0,0,0
0,0,0
0,0,0
0,0,0
0,0,0
0,0,0
0,0,0
0,0,0
0,0,0
0,0,0
0,0,0
0,0,0
0,0,0
0,0,0
0,0,0
0,0,0
0,0,0
0,0,0
0,0,0
0,0,0
0,0,0
0,0,0
0,0,0
0,0,0
0,0,0
0,0,0
0,0,0
0,0,0
0,0,0
0,0,0
0,0,0
0,0,0
0,0,0
0,0,0
0,0,0
0,0,0
0,0,0
0,0,0
0,0,0
0,0,0
0,0,0
0,0,0
0,0,0
0,0,0
0,0,0
0,0,0
0,0,0
0,0,0
0,0,0
0,0,0
0,0,0
0,0,0
0,0,0
0,0,0
0,0,0
0,0,0
0,0,0
0,0,0
0,0,0
0,0,0
0,0,0
0,0,0
0,0,0
0,0,0
0,0,0
0,0,0
0,0,0
0,0,0
0,0,0
0,0,0
0,0,0
0,0,0
0,0,0
0,0,0
0,0,0
0,0,0
0,0,0
0,0,0
0,0,0
0,0,0
0,0,0
0,0,0
0,0,0
0,0,0
0,0,0
0,0,0
0,0,0
0,0,0
0,0,0
0,0,0
0,0,0
0,0,0
0,0,0
0,0,0
0,0,0
0,0,0
0,0,0
0,0,0
0,0,0
0,0,0
0,0,0
0,0,0
0,0,0
0,0,0
0,0,0
0,0,0
0,0,0
0,0,0
0,0,0
0,0,0
0,0,0
0,0,0
0,0,0
0,0,0
0,0,0
0,0,0
0,0,0
0,0,0
0,0,0
0,0,0
0,0,0
0,0,0
0,0,0
0,0,0
0,0,0
0,0,0
0,0,0
0,0,0
0,0,0
0,0,0
0,0,0
0,0,0
0,0,0
0,0,0
0,0,0
0,0,0
0,0,0
0,0,0
0,0,0
0,0,0
0,0,0
0,0,0
0,0,0
0,0,0
0,0,0
0,0,0
0,0,0
0,0,0
0,0,0
0,0,0
0,0,0
0,0,0
0,0,0
0,0,0
0,0,0
0,0,0
0,0,0
0,0,0
0,0,0
0,0,0
0,0,0
0,0,0
0,0,0
0,0,0
0,0,0
0,0,0
0,0,0
0,0,0
0,0,0
0,0,0
0,0,0
0,0,0
0,0,0
0,0,0
0,0,0
0,0,0
0,0,0
0,0,0
0,0,0
0,0,0
0,0,0
0,0,0
0,0,0
0,0,0
0,0,0
0,0,0
0,0,0
0,0,0
0,0,0
0,0,0
0,0,0
0,0,0
0,0,0
0,0,0
0,0,0
0,0,0
0,0,0
0,0,0
0,0,0
0,0,0
0,0,0
0,0,0
0,0,0
0,0,0
0,0,0
0,0,0
0,0,0
0,0,0
0,0,0
0,0,0
0,0,0
0,0,0
0,0,0
0,0,0
0,0,0
0,0,0
0,0,0
0,0,0
0,0,0
0,0,0
0,0,0
0,0,0
0,0,0
0,0,0
0,0,0
0,0,0
0,0,0
0,0,0
0,0,0
0,0,0
0,0,0
0,0,0
0,0,0
0,0,0
0,0,0
0,0,0
0,0,0
0,0,0
0,0,0
0,0,0
0,0,0
0,0,0
0,0,0
0,0,0
0,0,0
0,0,0
0,0,0
0,0,0
0,0,0
0,0,0
0,0,0
0,0,0
0,0,0
0,0,0
0,0,0
0,0,0
0,0,0
0,0,0
0,0,0
0,0,0
0,0,0
0,0,0
0,0,0
0,0,0
0,0,0
0,0,0
0,0,0
0,0,0
0,0,0
0,0,0
0,0,0
0,0,0
0,0,0
0,0,0
0,0,0
0,0,0
0,0,0
0,0,0
0,0,0
0,0,0
0,0,0
0,0,0
0,0,0
0,0,0
0,0,0
0,0,0
0,0,0
0,0,0
0,0,0
0,0,0
0,0,0
0,0,0
0,0,0
0,0,0
0,0,0
0,0,0
0,0,0
0,0,0
0,0,0
0,0,0
0,0,0
0,0,0
0,0,0
0,0,0
0,0,0
0,0,0
0,0,0
0,0,0
0,0,0
0,0,0
0,0,0
0,0,0
0,0,0
0,0,0
0,0,0
0,0,0
0,0,0
0,0,0
0,0,0
0,0,0
0,0,0
0,0,0
0,0,0
0,0,0
0,0,0
0,0,0
0,0,0
0,0,0
0,0,0
0,0,0
0,0,0
0,0,0
0,0,0
0,0,0
0,0,0
0,0,0
0,0,0
0,0,0
0,0,0
0,0,0
0,0,0
0,0,0
0,0,0
0,0,0
0,0,0
0,0,0
0,0,0
0,0,0
0,0,0
0,0,0
0,0,0
0,0,0
0,0,0
0,0,0
0,0,0
0,0,0
0,0,0
0,0,0
0,0,0
0,0,0
0,0,0
0,0,0
0,0,0
0,0,0
0,0,0
0,0,0
0,0,0
0,0,0
0,0,0
0,0,0
0,0,0
0,0,0
0,0,0
0,0,0
0,0,0
0,0,0
0,0,0
0,0,0
0,0,0
0,0,0
0,0,0
0,0,0
0,0,0
0,0,0
0,0,0
0,0,0
0,0,0
0,0,0
0,0,0
0,0,0
0,0,0
0,0,0
0,0,0
0,0,0
0,0,0
0,0,0
0,0,0
0,0,0
0,0,0
0,0,0
0,0,0
0,0,0
0,0,0
0,0,0
0,0,0
0,0,0
0,0,0
0,0,0
0,0,0
0,0,0
0,0,0
0,0,0
0,0,0
0,0,0
0,0,0
0,0,0
0,0,0
0,0,0
0,0,0
0,0,0
0,0,0
0,0,0
0,0,0
0,0,0
0,0,0
0,0,0
0,0,0
0,0,0
0,0,0
0,0,0
0,0,0
0,0,0
0,0,0
0,0,0
0,0,0
0,0,0
0,0,0
0,0,0
0,0,0
0,0,0
0,0,0
0,0,0
0,0,0
0,0,0
0,0,0
0,0,0
0,0,0
0,0,0
0,0,0
0,0,0
0,0,0
0,0,0
0,0,0
0,0,0
0,0,0
0,0,0
0,0,0
0,0,0
0,0,0
0,0,0
0,0,0
0,0,0
0,0,0
0,0,0
0,0,0
0,0,0
0,0,0
0,0,0
0,0,0
0,0,0
0,0,0
0,0,0
0,0,0
0,0,0
0,0,0
0,0,0
0,0,0
0,0,0
0,0,0
0,0,0
0,0,0
0,0,0
0,0,0
0,0,0
0,0,0
0,0,0
0,0,0
0,0,0
0,0,0
0,0,0
0,0,0
0,0,0
0,0,0
0,0,0
0,0,0
0,0,0
0,0,0
0,0,0
0,0,0
0,0,0
0,0,0
0,0,0
0,0,0
0,0,0
0,0,0
0,0,0
0,0,0
0,0,0
0,0,0
0,0,0
0,0,0
0,0,0
0,0,0
0,0,0
0,0,0
0,0,0
0,0,0
0,0,0
0,0,0
0,0,0
0,0,0
0,0,0
0,0,0
0,0,0
0,0,0
0,0,0
0,0,0
0,0,0
0,0,0
0,0,0
0,0,0
0,0,0
0,0,0
0,0,0
0,0,0
0,0,0
0,0,0
0,0,0
0,0,0
0,0,0
0,0,0
0,0,0
0,0,0
0,0,0
0,0,0
0,0,0
0,0,0
0,0,0
0,0,0
0,0,0
0,0,0
0,0,0
0,0,0
0,0,0
0,0,0
0,0,0
0,0,0
0,0,0
0,0,0
0,0,0
0,0,0
0,0,0
0,0,0
0,0,0
0,0,0
0,0,0
0,0,0
0,0,0
0,0,0
0,0,0
0,0,0
0,0,0
0,0,0
0,0,0
0,0,0
0,0,0
0,0,0
0,0,0
0,0,0
0,0,0
0,0,0
0,0,0
0,0,0
0,0,0
0,0,0
0,0,0
0,0,0
0,0,0
0,0,0
0,0,0
0,0,0
0,0,0
0,0,0
0,0,0
0,0,0
0,0,0
0,0,0
0,0,0
0,0,0
0,0,0
0,0,0
0,0,0
0,0,0
0,0,0
0,0,0
0,0,0
0,0,0
0,0,0
0,0,0
0,0,0
0,0,0
0,0,0
0,0,0
0,0,0
0,0,0
0,0,0
0,0,0
0,0,0
0,0,0
0,0,0
0,0,0
0,0,0
0,0,0
0,0,0
0,0,0
0,0,0
0,0,0
0,0,0
0,0,0
0,0,0
0,0,0
0,0,0
0,0,0
0,0,0
0,0,0
0,0,0
0,0,0
0,0,0
0,0,0
0,0,0
0,0,0
0,0,0
0,0,0
0,0,0
0,0,0
0,0,0
0,0,0
0,0,0
0,0,0
0,0,0
0,0,0
0,0,0
0,0,0
0,0,0
0,0,0
0,0,0
0,0,0
0,0,0
0,0,0
0,0,0
0,0,0
0,0,0
0,0,0
0,0,0
0,0,0
0,0,0
0,0,0
0,0,0
0,0,0
0,0,0
0,0,0
0,0,0
0,0,0
0,0,0
0,0,0
0,0,0
0,0,0
0,0,0
0,0,0
0,0,0
0,0,0
0,0,0
0,0,0
0,0,0
0,0,0
0,0,0
0,0,0
0,0,0
0,0,0
0,0,0
0,0,0
0,0,0
0,0,0
0,0,0
0,0,0
0,0,0
0,0,0
0,0,0
0,0,0
0,0,0
0,0,0
0,0,0
0,0,0
0,0,0
0,0,0
0,0,0
0,0,0
0,0,0
0,0,0
0,0,0
0,0,0
0,0,0
0,0,0
0,0,0
0,0,0
0,0,0
0,0,0
0,0,0
0,0,0
0,0,0
0,0,0
0,0,0
0,0,0
0,0,0
0,0,0
0,0,0
0,0,0
0,0,0
0,0,0
0,0,0
0,0,0
0,0,0
0,0,0
0,0,0
0,0,0
0,0,0
0,0,0
0,0,0
0,0,0
0,0,0
0,0,0
0,0,0
0,0,0
0,0,0
0,0,0
0,0,0
0,0,0
0,0,0
0,0,0
0,0,0
0,0,0
0,0,0
0,0,0
0,0,0
0,0,0
0,0,0
0,0,0
0,0,0
0,0,0
0,0,0
0,0,0
0,0,0
0,0,0
0,0,0
0,0,0
0,0,0
0,0,0
0,0,0
0,0,0
0,0,0
0,0,0
0,0,0
0,0,0
0,0,0
0,0,0
0,0,0
0,0,0
0,0,0
0,0,0
0,0,0
0,0,0
0,0,0
0,0,0
0,0,0
0,0,0
0,0,0
0,0,0
0,0,0
0,0,0
0,0,0
0,0,0
0,0,0
0,0,0
0,0,0
0,0,0
0,0,0
0,0,0
0,0,0
0,0,0
0,0,0
0,0,0
0,0,0
0,0,0
0,0,0
0,0,0
0,0,0
0,0,0
0,0,0
0,0,0
0,0,0
0,0,0
0,0,0
0,0,0
0,0,0
0,0,0
0,0,0
0,0,0
0,0,0
0,0,0
0,0,0
0,0,0
0,0,0
0,0,0
0,0,0
0,0,0
0,0,0
0,0,0
0,0,0
0,0,0
0,0,0
0,0,0
0,0,0
0,0,0
0,0,0
0,0,0
0,0,0
0,0,0
0,0,0
0,0,0
0,0,0
0,0,0
0,0,0
0,0,0
0,0,0
0,0,0
0,0,0
0,0,0
0,0,0
0,0,0
0,0,0
0,0,0
0,0,0
0,0,0
0,0,0
0,0,0
0,0,0
0,0,0
0,0,0
0,0,0
0,0,0
0,0,0
0,0,0
0,0,0
0,0,0
0,0,0
0,0,0
0,0,0
0,0,0
0,0,0
0,0,0
0,0,0
0,0,0
0,0,0
0,0,0
0,0,0
0,0,0
0,0,0
0,0,0
0,0,0
0,0,0
0,0,0
0,0,0
0,0,0
0,0,0
0,0,0
0,0,0
0,0,0
0,0,0
0,0,0
0,0,0
0,0,0
0,0,0
0,0,0
0,0,0
0,0,0
0,0,0
0,0,0
0,0,0
0,0,0
0,0,0
0,0,0
0,0,0
0,0,0
0,0,0
0,0,0
0,0,0
0,0,0
0,0,0
0,0,0
0,0,0
0,0,0
0,0,0
0,0,0
0,0,0
0,0,0
0,0,0
0,0,0
0,0,0
0,0,0
0,0,0
0,0,0
0,0,0
0,0,0
0,0,0
0,0,0
0,0,0
0,0,0
0,0,0
0,0,0
0,0,0
0,0,0
0,0,0
0,0,0
0,0,0
0,0,0
0,0,0
0,0,0
0,0,0
0,0,0
0,0,0
0,0,0
0,0,0
0,0,0
0,0,0
0,0,0
0,0,0
0,0,0
0,0,0
0,0,0
0,0,0
0,0,0
0,0,0
0,0,0
0,0,0
0,0,0
0,0,0
0,0,0
0,0,0
0,0,0
0,0,0
0,0,0
0,0,0
0,0,0
0,0,0
0,0,0
0,0,0
0,0,0
0,0,0
0,0,0
0,0,0
0,0,0
0,0,0
0,0,0
0,0,0
0,0,0
0,0,0
0,0,0
0,0,0
0,0,0
0,0,0
0,0,0
0,0,0
0,0,0
0,0,0
0,0,0
0,0,0
0,0,0
0,0,0
0,0,0
0,0,0
0,0,0
0,0,0
0,0,0
0,0,0
0,0,0
0,0,0
0,0,0
0,0,0
0,0,0
0,0,0
0,0,0
0,0,0
0,0,0
0,0,0
0,0,0
0,0,0
0,0,0
0,0,0
0,0,0
0,0,0
0,0,0
0,0,0
0,0,0
0,0,0
0,0,0
0,0,0
0,0,0
0,0,0
0,0,0
0,0,0
0,0,0
0,0,0
0,0,0
0,0,0
0,0,0
0,0,0
0,0,0
0,0,0
0,0,0
0,0,0
0,0,0
0,0,0
0,0,0
0,0,0
0,0,0
0,0,0
0,0,0
0,0,0
0,0,0
0,0,0
0,0,0
0,0,0
0,0,0
0,0,0
0,0,0
0,0,0
0,0,0
0,0,0
0,0,0
0,0,0
0,0,0
0,0,0
0,0,0
0,0,0
0,0,0
0,0,0
0,0,0
0,0,0
0,0,0
0,0,0
0,0,0
0,0,0
0,0,0
0,0,0
0,0,0
0,0,0
0,0,0
0,0,0
0,0,0
0,0,0
0,0,0
0,0,0
0,0,0
0,0,0
0,0,0
0,0,0
0,0,0
0,0,0
0,0,0
0,0,0
0,0,0
0,0,0
0,0,0
0,0,0
0,0,0
0,0,0
0,0,0
0,0,0
0,0,0
0,0,0
0,0,0
0,0,0
0,0,0
0,0,0
0,0,0
0,0,0
0,0,0
0,0,0
0,0,0
0,0,0
0,0,0
0,0,0
0,0,0
0,0,0
0,0,0
0,0,0
0,0,0
0,0,0
0,0,0
0,0,0
0,0,0
0,0,0
0,0,0
0,0,0
0,0,0
0,0,0
0,0,0
0,0,0
0,0,0
0,0,0
0,0,0
0,0,0
0,0,0
0,0,0
0,0,0
0,0,0
0,0,0
0,0,0
0,0,0
0,0,0
0,0,0
0,0,0
0,0,0
0,0,0
0,0,0
0,0,0
0,0,0
0,0,0
0,0,0
0,0,0
0,0,0
0,0,0
0,0,0
0,0,0
0,0,0
0,0,0
0,0,0
0,0,0
0,0,0
0,0,0
0,0,0
0,0,0
0,0,0
0,0,0
0,0,0
0,0,0
0,0,0
0,0,0
0,0,0
0,0,0
0,0,0
0,0,0
0,0,0
0,0,0
0,0,0
0,0,0
0,0,0
0,0,0
0,0,0
0,0,0
0,0,0
0,0,0
0,0,0
0,0,0
0,0,0
0,0,0
0,0,0
0,0,0
0,0,0
0,0,0
0,0,0
0,0,0
0,0,0
0,0,0
0,0,0
0,0,0
0,0,0
0,0,0
0,0,0
0,0,0
0,0,0
0,0,0
0,0,0
0,0,0
0,0,0
0,0,0
0,0,0
0,0,0
0,0,0
0,0,0
0,0,0
0,0,0
0,0,0
0,0,0
0,0,0
0,0,0
0,0,0
0,0,0
0,0,0
0,0,0
0,0,0
0,0,0
0,0,0
0,0,0
0,0,0
0,0,0
0,0,0
0,0,0
0,0,0
0,0,0
0,0,0
0,0,0
0,0,0
0,0,0
0,0,0
0,0,0
0,0,0
0,0,0
0,0,0
0,0,0
0,0,0
0,0,0
0,0,0
0,0,0
0,0,0
0,0,0
0,0,0
0,0,0
0,0,0
0,0,0
0,0,0
0,0,0
0,0,0
0,0,0
0,0,0
0,0,0
0,0,0
0,0,0
0,0,0
0,0,0
0,0,0
0,0,0
0,0,0
0,0,0
0,0,0
0,0,0
0,0,0
0,0,0
0,0,0
0,0,0
0,0,0
0,0,0
0,0,0
0,0,0
0,0,0
0,0,0
0,0,0
0,0,0
0,0,0
0,0,0
0,0,0
0,0,0
0,0,0
0,0,0
0,0,0
0,0,0
0,0,0
0,0,0
0,0,0
0,0,0
0,0,0
0,0,0
0,0,0
0,0,0
0,0,0
0,0,0
0,0,0
0,0,0
0,0,0
0,0,0
0,0,0
0,0,0
0,0,0
0,0,0
0,0,0
0,0,0
0,0,0
0,0,0
0,0,0
0,0,0
0,0,0
0,0,0
0,0,0
0,0,0
0,0,0
0,0,0
0,0,0
0,0,0
0,0,0
0,0,0
0,0,0
0,0,0
0,0,0
0,0,0
0,0,0
0,0,0
0,0,0
0,0,0
0,0,0
0,0,0
0,0,0
0,0,0
0,0,0
0,0,0
0,0,0
0,0,0
0,0,0
0,0,0
0,0,0
0,0,0
0,0,0
0,0,0
0,0,0
0,0,0
0,0,0
0,0,0
0,0,0
0,0,0
0,0,0
0,0,0
0,0,0
0,0,0
0,0,0
0,0,0
0,0,0
0,0,0
0,0,0
0,0,0
0,0,0
0,0,0
0,0,0
0,0,0
0,0,0
0,0,0
0,0,0
0,0,0
0,0,0
0,0,0
0,0,0
0,0,0
0,0,0
0,0,0
0,0,0
0,0,0
0,0,0
0,0,0
0,0,0
0,0,0
0,0,0
0,0,0
0,0,0
0,0,0
0,0,0
0,0,0
0,0,0
0,0,0
0,0,0
0,0,0
0,0,0
0,0,0
0,0,0
0,0,0
0,0,0
0,0,0
0,0,0
0,0,0
0,0,0
0,0,0
0,0,0
0,0,0
0,0,0
0,0,0
0,0,0
0,0,0
0,0,0
0,0,0
0,0,0
0,0,0
0,0,0
0,0,0
0,0,0
0,0,0
0,0,0
0,0,0
0,0,0
0,0,0
0,0,0
0,0,0
0,0,0
0,0,0
0,0,0
0,0,0
0,0,0
0,0,0
0,0,0
0,0,0
0,0,0
0,0,0
0,0,0
0,0,0
0,0,0
0,0,0
0,0,0
0,0,0
0,0,0
0,0,0
0,0,0
0,0,0
0,0,0
0,0,0
0,0,0
0,0,0
0,0,0
0,0,0
0,0,0
0,0,0
0,0,0
0,0,0
0,0,0
0,0,0
0,0,0
0,0,0
0,0,0
0,0,0
0,0,0
0,0,0
0,0,0
0,0,0
0,0,0
0,0,0
0,0,0
0,0,0
0,0,0
0,0,0
0,0,0
0,0,0
0,0,0
0,0,0
0,0,0
0,0,0
0,0,0
0,0,0
0,0,0
0,0,0
0,0,0
0,0,0
0,0,0
0,0,0
0,0,0
0,0,0
0,0,0
0,0,0
0,0,0
0,0,0
0,0,0
0,0,0
0,0,0
0,0,0
0,0,0
0,0,0
0,0,0
0,0,0
0,0,0
0,0,0
0,0,0
0,0,0
0,0,0
0,0,0
0,0,0
0,0,0
0,0,0
0,0,0
0,0,0
0,0,0
0,0,0
0,0,0
0,0,0
0,0,0
0,0,0
0,0,0
0,0,0
0,0,0
0,0,0
0,0,0
0,0,0
0,0,0
0,0,0
0,0,0
0,0,0
0,0,0
0,0,0
0,0,0
0,0,0
0,0,0
0,0,0
0,0,0
0,0,0
0,0,0
0,0,0
0,0,0
0,0,0
0,0,0
0,0,0
0,0,0
0,0,0
0,0,0
0,0,0
0,0,0
0,0,0
0,0,0
0,0,0
0,0,0
0,0,0
0,0,0
0,0,0
0,0,0
0,0,0
0,0,0
0,0,0
0,0,0
0,0,0
0,0,0
0,0,0
0,0,0
0,0,0
0,0,0
0,0,0
0,0,0
0,0,0
0,0,0
0,0,0
0,0,0
0,0,0
0,0,0
0,0,0
0,0,0
0,0,0
0,0,0
0,0,0
0,0,0
0,0,0
0,0,0
0,0,0
0,0,0
0,0,0
0,0,0
0,0,0
0,0,0
0,0,0
0,0,0
0,0,0
0,0,0
0,0,0
0,0,0
0,0,0
0,0,0
0,0,0
0,0,0
0,0,0
0,0,0
0,0,0
0,0,0
0,0,0
0,0,0
0,0,0
0,0,0
0,0,0
0,0,0
0,0,0
0,0,0
0,0,0
0,0,0
0,0,0
0,0,0
0,0,0
0,0,0
0,0,0
0,0,0
0,0,0
0,0,0
0,0,0
0,0,0
0,0,0
0,0,0
0,0,0
0,0,0
0,0,0
0,0,0
0,0,0
0,0,0
0,0,0
0,0,0
0,0,0
0,0,0
0,0,0
0,0,0
0,0,0
0,0,0
0,0,0
0,0,0
0,0,0
0,0,0
0,0,0
0,0,0
0,0,0
0,0,0
0,0,0
0,0,0
0,0,0
0,0,0
0,0,0
0,0,0
0,0,0
0,0,0
0,0,0
0,0,0
0,0,0
0,0,0
0,0,0
0,0,0
0,0,0
0,0,0
0,0,0
0,0,0
0,0,0
0,0,0
0,0,0
0,0,0
0,0,0
0,0,0
0,0,0
0,0,0
0,0,0
0,0,0
0,0,0
0,0,0
0,0,0
0,0,0
0,0,0
0,0,0
0,0,0
0,0,0
0,0,0
0,0,0
0,0,0
0,0,0
0,0,0
0,0,0
0,0,0
0,0,0
0,0,0
0,0,0
0,0,0
0,0,0
0,0,0
0,0,0
0,0,0
0,0,0
0,0,0
0,0,0
0,0,0
0,0,0
0,0,0
0,0,0
0,0,0
0,0,0
0,0,0
0,0,0
0,0,0
0,0,0
0,0,0
0,0,0
0,0,0
0,0,0
0,0,0
0,0,0
0,0,0
0,0,0
0,0,0
0,0,0
0,0,0
0,0,0
0,0,0
0,0,0
0,0,0
0,0,0
0,0,0
0,0,0
0,0,0
0,0,0
0,0,0
0,0,0
0,0,0
0,0,0
0,0,0
0,0,0
0,0,0
0,0,0
0,0,0
0,0,0
0,0,0
0,0,0
0,0,0
0,0,0
0,0,0
0,0,0
0,0,0
0,0,0
0,0,0
0,0,0
0,0,0
0,0,0
0,0,0
0,0,0
0,0,0
0,0,0
0,0,0
0,0,0
0,0,0
0,0,0
0,0,0
0,0,0
0,0,0
0,0,0
0,0,0
0,0,0
0,0,0
0,0,0
0,0,0
0,0,0
0,0,0
0,0,0
0,0,0
0,0,0
0,0,0
0,0,0
0,0,0
0,0,0
0,0,0
0,0,0
0,0,0
0,0,0
0,0,0
0,0,0
0,0,0
0,0,0
0,0,0
0,0,0
0,0,0
0,0,0
0,0,0
0,0,0
0,0,0
0,0,0
0,0,0
0,0,0
0,0,0
0,0,0
0,0,0
0,0,0
0,0,0
0,0,0
0,0,0
0,0,0
0,0,0
0,0,0
0,0,0
0,0,0
0,0,0
0,0,0
0,0,0
0,0,0
0,0,0
0,0,0
0,0,0
0,0,0
0,0,0
0,0,0
0,0,0
0,0,0
0,0,0
0,0,0
0,0,0
0,0,0
0,0,0
0,0,0
0,0,0
0,0,0
0,0,0
0,0,0
0,0,0
0,0,0
0,0,0
0,0,0
0,0,0
0,0,0
0,0,0
0,0,0
0,0,0
0,0,0
0,0,0
0,0,0
0,0,0
0,0,0
0,0,0
0,0,0
0,0,0
0,0,0
0,0,0
0,0,0
0,0,0
0,0,0
0,0,0
0,0,0
0,0,0
0,0,0
0,0,0
0,0,0
0,0,0
0,0,0
0,0,0
0,0,0
0,0,0
0,0,0
0,0,0
0,0,0
0,0,0
0,0,0
0,0,0
0,0,0
0,0,0
0,0,0
0,0,0
0,0,0
0,0,0
0,0,0
0,0,0
0,0,0
0,0,0
0,0,0
0,0,0
0,0,0
0,0,0
0,0,0
0,0,0
0,0,0
0,0,0
0,0,0
0,0,0
0,0,0
0,0,0
0,0,0
0,0,0
0,0,0
0,0,0
0,0,0
0,0,0
0,0,0
0,0,0
0,0,0
0,0,0
0,0,0
0,0,0
0,0,0
0,0,0
0,0,0
0,0,0
0,0,0
0,0,0
0,0,0
0,0,0
0,0,0
0,0,0
0,0,0
0,0,0
0,0,0
0,0,0
0,0,0
0,0,0
0,0,0
0,0,0
0,0,0
0,0,0
0,0,0
0,0,0
0,0,0
0,0,0
0,0,0
0,0,0
0,0,0
0,0,0
0,0,0
0,0,0
0,0,0
0,0,0
0,0,0
0,0,0
0,0,0
0,0,0
0,0,0
0,0,0
0,0,0
0,0,0
0,0,0
0,0,0
0,0,0
0,0,0
0,0,0
0,0,0
0,0,0
0,0,0
0,0,0
0,0,0
0,0,0
0,0,0
0,0,0
0,0,0
0,0,0
0,0,0
0,0,0
0,0,0
0,0,0
0,0,0
0,0,0
0,0,0
0,0,0
0,0,0
0,0,0
0,0,0
0,0,0
0,0,0
0,0,0
0,0,0
0,0,0
0,0,0
0,0,0
0,0,0
0,0,0
0,0,0
0,0,0
0,0,0
0,0,0
0,0,0
0,0,0
0,0,0
0,0,0
0,0,0
0,0,0
0,0,0
0,0,0
0,0,0
0,0,0
0,0,0
0,0,0
0,0,0
0,0,0
0,0,0
0,0,0
0,0,0
0,0,0
0,0,0
0,0,0
0,0,0
0,0,0
0,0,0
0,0,0
0,0,0
0,0,0
0,0,0
0,0,0
0,0,0
0,0,0
0,0,0
0,0,0
0,0,0
0,0,0
0,0,0
0,0,0
0,0,0
0,0,0
0,0,0
0,0,0
0,0,0
0,0,0
0,0,0
0,0,0
0,0,0
0,0,0
0,0,0
0,0,0
0,0,0
0,0,0
0,0,0
0,0,0
0,0,0
0,0,0
0,0,0
0,0,0
0,0,0
0,0,0
0,0,0
0,0,0
0,0,0
0,0,0
0,0,0
0,0,0
0,0,0
0,0,0
0,0,0
0,0,0
0,0,0
0,0,0
0,0,0
0,0,0
0,0,0
0,0,0
0,0,0
0,0,0
0,0,0
0,0,0
0,0,0
0,0,0
0,0,0
0,0,0
0,0,0
0,0,0
0,0,0
0,0,0
0,0,0
0,0,0
0,0,0
0,0,0
0,0,0
0,0,0
0,0,0
0,0,0
0,0,0
0,0,0
0,0,0
0,0,0
0,0,0
0,0,0
0,0,0
0,0,0
0,0,0
0,0,0
0,0,0
0,0,0
0,0,0
0,0,0
0,0,0
0,0,0
0,0,0
0,0,0
0,0,0
0,0,0
0,0,0
0,0,0
0,0,0
0,0,0
0,0,0
0,0,0
0,0,0
0,0,0
0,0,0
0,0,0
0,0,0
0,0,0
0,0,0
0,0,0
0,0,0
0,0,0
0,0,0
0,0,0
0,0,0
0,0,0
0,0,0
0,0,0
0,0,0
0,0,0
0,0,0
0,0,0
0,0,0
0,0,0
0,0,0
0,0,0
0,0,0
0,0,0
0,0,0
0,0,0
0,0,0
0,0,0
0,0,0
0,0,0
0,0,0
0,0,0
0,0,0
0,0,0
0,0,0
0,0,0
0,0,0
0,0,0
0,0,0
0,0,0
0,0,0
0,0,0
0,0,0
0,0,0
0,0,0
0,0,0
0,0,0
0,0,0
0,0,0
0,0,0
0,0,0
0,0,0
0,0,0
0,0,0
0,0,0
0,0,0
0,0,0
0,0,0
0,0,0
0,0,0
0,0,0
0,0,0
0,0,0
0,0,0
0,0,0
0,0,0
0,0,0
0,0,0
0,0,0
0,0,0
0,0,0
0,0,0
0,0,0
0,0,0
0,0,0
0,0,0
0,0,0
0,0,0
0,0,0
0,0,0
0,0,0
0,0,0
0,0,0
0,0,0
0,0,0
0,0,0
0,0,0
0,0,0
0,0,0
0,0,0
0,0,0
0,0,0
0,0,0
0,0,0
0,0,0
0,0,0
0,0,0
0,0,0
0,0,0
0,0,0
0,0,0
0,0,0
0,0,0
0,0,0
0,0,0
0,0,0
0,0,0
0,0,0
0,0,0
0,0,0
0,0,0
0,0,0
0,0,0
0,0,0
0,0,0
0,0,0
0,0,0
0,0,0
0,0,0
0,0,0
0,0,0
0,0,0
0,0,0
0,0,0
0,0,0
0,0,0
0,0,0
0,0,0
0,0,0
0,0,0
0,0,0
0,0,0
0,0,0
0,0,0
0,0,0
0,0,0
0,0,0
0,0,0
0,0,0
0,0,0
0,0,0
0,0,0
0,0,0
0,0,0
0,0,0
0,0,0
0,0,0
0,0,0
0,0,0
0,0,0
0,0,0
0,0,0
0,0,0
0,0,0
0,0,0
0,0,0
0,0,0
0,0,0
0,0,0
0,0,0
0,0,0
0,0,0
0,0,0
0,0,0
0,0,0
0,0,0
0,0,0
0,0,0
0,0,0
0,0,0
0,0,0
0,0,0
0,0,0
0,0,0
0,0,0
0,0,0
0,0,0
0,0,0
0,0,0
0,0,0
0,0,0
0,0,0
0,0,0
0,0,0
0,0,0
0,0,0
0,0,0
0,0,0
0,0,0
0,0,0
0,0,0
0,0,0
0,0,0
0,0,0
0,0,0
0,0,0
0,0,0
0,0,0
0,0,0
0,0,0
0,0,0
0,0,0
0,0,0
0,0,0
0,0,0
0,0,0
0,0,0
0,0,0
0,0,0
0,0,0
0,0,0
0,0,0
0,0,0
0,0,0
0,0,0
0,0,0
0,0,0
0,0,0
0,0,0
0,0,0
0,0,0
0,0,0
0,0,0
0,0,0
0,0,0
0,0,0
0,0,0
0,0,0
0,0,0
0,0,0
0,0,0
0,0,0
0,0,0
0,0,0
0,0,0
0,0,0
0,0,0
0,0,0
0,0,0
0,0,0
0,0,0
0,0,0
0,0,0
0,0,0
0,0,0
0,0,0
0,0,0
0,0,0
0,0,0
0,0,0
0,0,0
0,0,0
0,0,0
0,0,0
0,0,0
0,0,0
0,0,0
0,0,0
0,0,0
0,0,0
0,0,0
0,0,0
0,0,0
0,0,0
0,0,0
0,0,0
0,0,0
0,0,0
0,0,0
0,0,0
0,0,0
0,0,0
0,0,0
0,0,0
0,0,0
0,0,0
0,0,0
0,0,0
0,0,0
0,0,0
0,0,0
0,0,0
0,0,0
0,0,0
0,0,0
0,0,0
0,0,0
0,0,0
0,0,0
0,0,0
0,0,0
0,0,0
0,0,0
0,0,0
0,0,0
0,0,0
0,0,0
0,0,0
0,0,0
0,0,0
0,0,0
0,0,0
0,0,0
0,0,0
0,0,0
0,0,0
0,0,0
0,0,0
0,0,0
0,0,0
0,0,0
0,0,0
0,0,0
0,0,0
0,0,0
0,0,0
0,0,0
0,0,0
0,0,0
0,0,0
0,0,0
0,0,0
0,0,0
0,0,0
0,0,0
0,0,0
0,0,0
0,0,0
0,0,0
0,0,0
0,0,0
0,0,0
0,0,0
0,0,0
0,0,0
0,0,0
0,0,0
0,0,0
0,0,0
0,0,0
0,0,0
0,0,0
0,0,0
0,0,0
0,0,0
0,0,0
0,0,0
0,0,0
0,0,0
0,0,0
0,0,0
0,0,0
0,0,0
0,0,0
0,0,0
0,0,0
0,0,0
0,0,0
0,0,0
0,0,0
0,0,0
0,0,0
0,0,0
0,0,0
0,0,0
0,0,0
0,0,0
0,0,0
0,0,0
0,0,0
0,0,0
0,0,0
0,0,0
0,0,0
0,0,0
0,0,0
0,0,0
0,0,0
0,0,0
0,0,0
0,0,0
0,0,0
0,0,0
0,0,0
0,0,0
0,0,0
0,0,0
0,0,0
0,0,0
0,0,0
0,0,0
0,0,0
0,0,0
0,0,0
0,0,0
0,0,0
0,0,0
0,0,0
0,0,0
0,0,0
0,0,0
0,0,0
0,0,0
0,0,0
0,0,0
0,0,0
0,0,0
0,0,0
0,0,0
0,0,0
0,0,0
0,0,0
0,0,0
0,0,0
0,0,0
0,0,0
0,0,0
0,0,0
0,0,0
0,0,0
0,0,0
0,0,0
0,0,0
0,0,0
0,0,0
0,0,0
0,0,0
0,0,0
0,0,0
0,0,0
0,0,0
0,0,0
0,0,0
0,0,0
0,0,0
0,0,0
0,0,0
0,0,0
0,0,0
0,0,0
0,0,0
0,0,0
0,0,0
0,0,0
0,0,0
0,0,0
0,0,0
0,0,0
0,0,0
0,0,0
0,0,0
0,0,0
0,0,0
0,0,0
0,0,0
0,0,0
0,0,0
0,0,0
0,0,0
0,0,0
0,0,0
0,0,0
0,0,0
0,0,0
0,0,0
0,0,0
0,0,0
0,0,0
0,0,0
0,0,0
0,0,0
0,0,0
0,0,0
0,0,0
0,0,0
0,0,0
0,0,0
0,0,0
0,0,0
0,0,0
0,0,0
0,0,0
0,0,0
0,0,0
0,0,0
0,0,0
0,0,0
0,0,0
0,0,0
0,0,0
0,0,0
0,0,0
0,0,0
0,0,0
0,0,0
0,0,0
0,0,0
0,0,0
0,0,0
0,0,0
0,0,0
0,0,0
0,0,0
0,0,0
0,0,0
0,0,0
0,0,0
0,0,0
0,0,0
0,0,0
0,0,0
0,0,0
0,0,0
0,0,0
0,0,0
0,0,0
0,0,0
0,0,0
0,0,0
0,0,0
0,0,0
0,0,0
0,0,0
0,0,0
0,0,0
0,0,0
0,0,0
0,0,0
0,0,0
0,0,0
0,0,0
0,0,0
0,0,0
0,0,0
0,0,0
0,0,0
0,0,0
0,0,0
0,0,0
0,0,0
0,0,0
0,0,0
0,0,0
0,0,0
0,0,0
0,0,0
0,0,0
0,0,0
0,0,0
0,0,0
0,0,0
0,0,0
0,0,0
0,0,0
0,0,0
0,0,0
0,0,0
0,0,0
0,0,0
0,0,0
0,0,0
0,0,0
0,0,0
0,0,0
0,0,0
0,0,0
0,0,0
0,0,0
0,0,0
0,0,0
0,0,0
0,0,0
0,0,0
0,0,0
0,0,0
0,0,0
0,0,0
0,0,0
0,0,0
0,0,0
0,0,0
0,0,0
0,0,0
0,0,0
0,0,0
0,0,0
0,0,0
0,0,0
0,0,0
0,0,0
0,0,0
0,0,0
0,0,0
0,0,0
0,0,0
0,0,0
0,0,0
0,0,0
0,0,0
0,0,0
0,0,0
0,0,0
0,0,0
0,0,0
0,0,0
0,0,0
0,0,0
0,0,0
0,0,0
0,0,0
0,0,0
0,0,0
0,0,0
0,0,0
0,0,0
0,0,0
0,0,0
0,0,0
0,0,0
0,0,0
0,0,0
0,0,0
0,0,0
0,0,0
0,0,0
0,0,0
0,0,0
0,0,0
0,0,0
0,0,0
0,0,0
0,0,0
0,0,0
0,0,0
0,0,0
0,0,0
0,0,0
0,0,0
0,0,0
0,0,0
0,0,0
0,0,0
0,0,0
0,0,0
0,0,0
0,0,0
0,0,0
0,0,0
0,0,0
0,0,0
0,0,0
0,0,0
0,0,0
0,0,0
0,0,0
0,0,0
0,0,0
0,0,0
0,0,0
0,0,0
0,0,0
0,0,0
0,0,0
0,0,0
0,0,0
0,0,0
0,0,0
0,0,0
0,0,0
0,0,0
0,0,0
0,0,0
0,0,0
0,0,0
0,0,0
0,0,0
0,0,0
0,0,0
0,0,0
0,0,0
0,0,0
0,0,0
0,0,0
0,0,0
0,0,0
0,0,0
0,0,0
0,0,0
0,0,0
0,0,0
0,0,0
0,0,0
0,0,0
0,0,0
0,0,0
0,0,0
0,0,0
0,0,0
0,0,0
0,0,0
0,0,0
0,0,0
0,0,0
0,0,0
0,0,0
0,0,0
0,0,0
0,0,0
0,0,0
0,0,0
0,0,0
0,0,0
0,0,0
0,0,0
0,0,0
0,0,0
0,0,0
0,0,0
0,0,0
0,0,0
0,0,0
0,0,0
0,0,0
0,0,0
0,0,0
0,0,0
0,0,0
0,0,0
0,0,0
0,0,0
0,0,0
0,0,0
0,0,0
0,0,0
0,0,0
0,0,0
0,0,0
0,0,0
0,0,0
